section_code,land_number,county_norm,land_section_name
0001,0031-0002,苗栗縣,大湖段
0001,0116-0000,苗栗縣,大湖段
0001,0208-0021,苗栗縣,大湖
0001,0208-0039,苗栗縣,大湖段
0001,0208-0093,苗栗縣,大湖
0001,0208-0109,苗栗縣,大湖段
0001,0208-0143,苗栗縣,大湖段
0001,0208-0145,苗栗縣,大湖段
0001,0208-0167,苗栗縣,大湖段
0001,0208-0391,苗栗縣,大湖段
0001,0209-0004,苗栗縣,大湖段
0001,0431-0000,苗栗縣,大湖段
0001,0436-0000,苗栗縣,大湖段
0001,0442-0000,苗栗縣,大湖段
0001,0445-0001,苗栗縣,大湖段
0001,0445-0002,苗栗縣,大湖段
0001,0446-0003,苗栗縣,大湖段
0001,0448-0015,苗栗縣,大湖段
0001,0448-0032,苗栗縣,大湖段
0001,0450-0002,苗栗縣,大湖段
0001,0493-0028,苗栗縣,大湖段
0001,0494-0002,苗栗縣,大湖段
0001,0494-0013,苗栗縣,大湖段
0001,0501-0005,苗栗縣,大湖段
0001,0501-0012,苗栗縣,大湖段
0001,0501-0021,苗栗縣,大湖段
0001,0501-0069,苗栗縣,大湖段
0001,0508-0000,苗栗縣,大湖段
0001,0539-0002,苗栗縣,大湖段
0001,0689-0006,苗栗縣,大湖段
0001,0689-0176,苗栗縣,大湖段
0001,0689-0366,苗栗縣,大湖段
0001,0689-0563,苗栗縣,大湖段
0001,0689-0969,苗栗縣,大湖段
0001,0689-1140,苗栗縣,大湖段
0001,0689-1156,苗栗縣,大湖段
0001,0730-0002,苗栗縣,大湖段
0001,0730-0003,苗栗縣,大湖段
0001,0731-0001,苗栗縣,大湖段
0001,0762-0157,苗栗縣,大湖段
0001,0762-0170,苗栗縣,大湖段
0001,0762-0561,苗栗縣,大湖段
0001,0762-0562,苗栗縣,大湖段
0001,0762-1314,苗栗縣,大湖段
0001,0780-0000,苗栗縣,大湖
0001,0812-0000,苗栗縣,大湖段
0001,0812-0010,苗栗縣,大湖段
0001,0812-0011,苗栗縣,大湖段
0001,0812-0038,苗栗縣,大湖段
0001,0812-0039,苗栗縣,大湖段
0001,0812-0040,苗栗縣,大湖段
0001,0812-0041,苗栗縣,大湖段
0001,0812-0042,苗栗縣,大湖段
0001,0812-0103,苗栗縣,大湖段
0001,0812-0104,苗栗縣,大湖段
0001,0812-0105,苗栗縣,大湖段
0001,0812-0109,苗栗縣,大湖段
0001,0812-0110,苗栗縣,大湖段
0001,0812-0111,苗栗縣,大湖段
0001,0812-0112,苗栗縣,大湖段
0001,0830-0000,苗栗縣,大湖段
0001,0830-0013,苗栗縣,大湖段
0001,0831-0000,苗栗縣,大湖段
0001,0997-0029,苗栗縣,大湖段
0001,1063-0033,苗栗縣,大湖段
0001,1063-0047,苗栗縣,大湖段
0001,1063-0050,苗栗縣,大湖段
0001,1063-0051,苗栗縣,大湖段
0001,1090-0001,苗栗縣,大湖段
0001,1090-0005,苗栗縣,大湖段
0001,1092-0000,苗栗縣,大湖段
0001,1095-0001,苗栗縣,大湖段
0001,1095-0007,苗栗縣,大湖段
0001,1107-0000,苗栗縣,大湖段
0001,1112-0000,苗栗縣,大湖段
0001,1139-0000,苗栗縣,大湖段
0001,1151-0000,苗栗縣,大湖段
0001,1155-0001,苗栗縣,大湖段
0001,1186-0000,苗栗縣,大湖段
0001,1276-0000,苗栗縣,大湖段
0001,1282-0000,苗栗縣,大湖段
0001,1282-0001,苗栗縣,大湖段
0001,1366-0000,苗栗縣,大湖段
0001,1368-0000,苗栗縣,大湖段
0001,1424-0000,苗栗縣,大湖段
0001,1446-0002,苗栗縣,大湖段
0001,1451-0000,苗栗縣,大湖段
0001,1476-0000,苗栗縣,大湖段
0001,1519-0000,苗栗縣,大湖段
0001,1537-0001,苗栗縣,大湖
0001,1668-0000,苗栗縣,大湖段
0001,1679-0000,苗栗縣,大湖段
0001,1705-0000,苗栗縣,大湖段
0001,1754-0000,苗栗縣,大湖段
0001,1755-0000,苗栗縣,大湖段
0001,1756-0000,苗栗縣,大湖段
0001,1778-0000,苗栗縣,大湖段
0001,1779-0001,苗栗縣,大湖段
0001,1781-0000,苗栗縣,大湖段
0001,1782-0000,苗栗縣,大湖段
0001,1796-0000,苗栗縣,大湖段
0001,1797-0000,苗栗縣,大湖段
0001,1797-0006,苗栗縣,大湖段
0001,1806-0000,苗栗縣,大湖段
0001,1878-0000,苗栗縣,大湖段
0001,1914-0000,苗栗縣,大湖段
0001,1916-0001,苗栗縣,大湖段
0001,1916-0003,苗栗縣,大湖段
0001,1916-0004,苗栗縣,大湖段
0001,1933-0000,苗栗縣,大湖段
0001,1933-0002,苗栗縣,大湖段
0001,1933-0004,苗栗縣,大湖段
0001,1977-0000,苗栗縣,大湖段
0001,2018-0000,苗栗縣,大湖段
0001,2018-0005,苗栗縣,大湖段
0001,2069-0001,苗栗縣,大湖段
0001,2095-0000,苗栗縣,大湖段
0001,2104-0000,苗栗縣,大湖段
0002,0033-0002,苗栗縣,南湖段
0002,0033-0004,苗栗縣,南湖段
0002,0033-0006,苗栗縣,南湖段
0002,0044-0009,苗栗縣,南湖段
0002,0066-0002,苗栗縣,南湖段
0002,0067-0003,苗栗縣,南湖段
0002,0067-0004,苗栗縣,南湖段
0002,0069-0003,苗栗縣,南湖段
0002,0069-0004,苗栗縣,南湖段
0002,0139-0000,苗栗縣,南湖段
0002,0287-0000,苗栗縣,南湖段
0002,0302-0000,苗栗縣,南湖段
0002,0312-0002,苗栗縣,南湖段
0002,0603-0000,苗栗縣,南湖段
0002,0604-0000,苗栗縣,南湖段
0002,0604-0002,苗栗縣,南湖段
0002,0620-0008,苗栗縣,南湖段
0002,0620-0010,苗栗縣,南湖段
0002,0620-0012,苗栗縣,南湖段
0002,0620-0019,苗栗縣,南湖段
0002,0620-0022,苗栗縣,南湖段
0002,0620-0034,苗栗縣,南湖段
0002,0620-0035,苗栗縣,南湖段
0002,0620-0041,苗栗縣,南湖段
0002,0627-0017,苗栗縣,南湖段
0002,0680-0260,苗栗縣,南湖段
0002,0680-0261,苗栗縣,南湖段
0002,0680-0262,苗栗縣,南湖段
0002,0700-0005,苗栗縣,南湖段
0002,0702-0002,苗栗縣,南湖段
0002,0702-0012,苗栗縣,南湖段
0002,0702-0013,苗栗縣,南湖段
0002,0704-0002,苗栗縣,南湖段
0002,0710-0008,苗栗縣,南湖段
0002,0725-0002,苗栗縣,南湖段
0002,0725-0004,苗栗縣,南湖段
0002,0725-0005,苗栗縣,南湖段
0002,0726-0000,苗栗縣,南湖段
0002,0729-0001,苗栗縣,南湖段
0002,0804-0060,苗栗縣,南湖段
0002,0804-0061,苗栗縣,南湖段
0002,0804-0063,苗栗縣,南湖段
0002,0811-0002,苗栗縣,南湖段
0002,1015-0000,苗栗縣,南湖段
0002,1015-0007,苗栗縣,南湖段
0002,1015-0008,苗栗縣,南湖段
0002,1015-0009,苗栗縣,南湖段
0002,1072-0000,苗栗縣,南湖段
0002,1072-0001,苗栗縣,南湖段
0002,1072-0007,苗栗縣,南湖段
0002,1072-0011,苗栗縣,南湖段
0002,1105-0005,苗栗縣,南湖段
0002,1105-0006,苗栗縣,南湖段
0002,1142-0006,苗栗縣,南湖段
0002,1180-0000,苗栗縣,南湖段
0002,1180-0001,苗栗縣,南湖段
0002,1278-0001,苗栗縣,南湖段
0002,1319-0048,苗栗縣,南湖段
0002,1320-0097,苗栗縣,南湖段
0002,1320-0136,苗栗縣,南湖段
0002,1320-0286,苗栗縣,南湖段
0002,1320-0441,苗栗縣,南湖段
0002,1320-0742,苗栗縣,南湖段
0002,1320-0746,苗栗縣,南湖段
0002,1320-1176,苗栗縣,南湖段
0002,1320-1333,苗栗縣,南湖段
0002,1320-1337,苗栗縣,南湖段
0002,1320-1362,苗栗縣,南湖段
0002,1321-0019,苗栗縣,南湖段
0002,1321-0033,苗栗縣,南湖段
0002,1322-0077,苗栗縣,南湖段
0002,1326-0402,苗栗縣,南湖段
0002,1327-0007,苗栗縣,南湖段
0002,1327-0053,苗栗縣,南湖段
0002,1327-0214,苗栗縣,南湖段
0002,1327-0335,苗栗縣,南湖段
0002,1329-0101,苗栗縣,南湖段
0002,1329-0278,苗栗縣,南湖段
0002,1329-0336,苗栗縣,南湖段
0002,1330-0003,苗栗縣,南湖段
0002,1330-0059,苗栗縣,南湖段
0002,1330-0060,苗栗縣,南湖段
0002,1330-0095,苗栗縣,南湖段
0002,1330-0146,苗栗縣,南湖段
0002,1330-0152,苗栗縣,南湖段
0002,1330-0165,苗栗縣,南湖段
0002,1330-0166,苗栗縣,南湖段
0002,1330-0168,苗栗縣,南湖段
0002,1330-0172,苗栗縣,南湖段
0002,1330-0196,苗栗縣,南湖段
0002,1330-0205,苗栗縣,南湖段
0002,1330-0207,苗栗縣,南湖段
0002,1330-0209,苗栗縣,南湖段
0002,1330-0212,苗栗縣,南湖段
0002,1330-0218,苗栗縣,南湖段
0002,1330-0222,苗栗縣,南湖段
0002,1330-0228,苗栗縣,南湖段
0002,1330-0229,苗栗縣,南湖段
0002,1330-0231,苗栗縣,南湖段
0002,1330-0233,苗栗縣,南湖段
0002,1330-0268,苗栗縣,南湖段
0002,1330-0272,苗栗縣,南湖段
0002,1330-0279,苗栗縣,南湖段
0002,1330-0281,苗栗縣,南湖段
0002,1330-0311,苗栗縣,南湖段
0002,1330-0313,苗栗縣,南湖段
0002,1330-0364,苗栗縣,南湖段
0002,1330-0365,苗栗縣,南湖段
0002,1330-0366,苗栗縣,南湖段
0002,1330-0368,苗栗縣,南湖段
0002,1330-0381,苗栗縣,南湖段
0002,1330-0412,苗栗縣,南湖段
0002,1330-0420,苗栗縣,南湖段
0002,1330-0424,苗栗縣,南湖段
0002,1330-0517,苗栗縣,南湖段
0002,1330-0519,苗栗縣,南湖段
0002,1330-0578,苗栗縣,南湖段
0002,1330-0591,苗栗縣,南湖段
0002,1330-0606,苗栗縣,南湖段
0002,1330-0613,苗栗縣,南湖段
0002,1330-0615,苗栗縣,南湖段
0002,1330-0616,苗栗縣,南湖段
0002,1330-0637,苗栗縣,南湖段
0002,1330-0640,苗栗縣,南湖段
0002,1330-0668,苗栗縣,南湖段
0002,1330-0679,苗栗縣,南湖段
0002,1330-0680,苗栗縣,南湖段
0002,1333-0017,苗栗縣,南湖段
0002,1333-0067,苗栗縣,南湖段
0002,1333-0069,苗栗縣,南湖段
0002,1333-0132,苗栗縣,南湖段
0002,1336-0047,苗栗縣,南湖段
0002,1336-0078,苗栗縣,南湖段
0002,1336-0186,苗栗縣,南湖段
0002,1337-0005,苗栗縣,南湖段
0002,1337-0018,苗栗縣,南湖段
0002,1337-0052,苗栗縣,南湖段
0002,1337-0088,苗栗縣,南湖段
0002,1337-0089,苗栗縣,南湖段
0002,1337-0102,苗栗縣,南湖段
0002,1337-0178,苗栗縣,南湖段
0002,1337-0299,苗栗縣,南湖段
0002,1338-0032,苗栗縣,南湖段
0002,1338-0091,苗栗縣,南湖段
0002,1339-0069,苗栗縣,南湖段
0002,1345-0019,苗栗縣,南湖段
0002,1345-0140,苗栗縣,南湖段
0002,1345-0243,苗栗縣,南湖段
0002,1345-0271,苗栗縣,南湖段
0003,0001-0007,苗栗縣,興榮段
0003,0002-0011,苗栗縣,興榮段
0003,0035-0002,苗栗縣,興榮段
0003,0047-0004,苗栗縣,興榮段
0003,0049-0007,苗栗縣,興榮段
0003,0055-0021,苗栗縣,興榮段
0003,0055-0022,苗栗縣,興榮段
0003,0055-0024,苗栗縣,興榮段
0003,0055-0105,苗栗縣,興榮段
0003,0055-0146,苗栗縣,興榮段
0003,0055-0148,苗栗縣,興榮段
0003,0055-0199,苗栗縣,興榮段
0003,0055-0205,苗栗縣,興榮段
0003,0055-0217,苗栗縣,興榮段
0003,0055-0221,苗栗縣,興榮段
0003,0055-0232,苗栗縣,興榮段
0003,0055-0235,苗栗縣,興榮段
0003,0055-0264,苗栗縣,興榮段
0003,0055-0265,苗栗縣,興榮段
0003,0055-0312,苗栗縣,興榮段
0003,0055-0353,苗栗縣,興榮段
0003,0055-0367,苗栗縣,興榮段
0003,0068-0038,苗栗縣,興榮段
0003,0080-0000,苗栗縣,興榮段
0003,0082-0001,苗栗縣,興榮段
0003,0096-0008,苗栗縣,興榮段
0003,0096-0010,苗栗縣,興榮段
0003,0096-0032,苗栗縣,興榮段
0003,0096-0056,苗栗縣,興榮段
0003,0096-0063,苗栗縣,興榮段
0003,0096-0064,苗栗縣,興榮段
0003,0096-0086,苗栗縣,興榮段
0003,0096-0100,苗栗縣,興榮段
0003,0096-0249,苗栗縣,興榮段
0003,0096-0252,苗栗縣,興榮段
0003,0096-0352,苗栗縣,興榮段
0003,0096-0353,苗栗縣,興榮段
0003,0096-0368,苗栗縣,興榮段
0003,0096-0398,苗栗縣,興榮段
0003,0096-0475,苗栗縣,興榮段
0003,0096-0486,苗栗縣,興榮段
0003,0096-0487,苗栗縣,興榮段
0003,0096-0490,苗栗縣,興榮段
0003,0096-0514,苗栗縣,興榮段
0003,0096-0515,苗栗縣,興榮段
0003,0096-0517,苗栗縣,興榮段
0003,0096-0662,苗栗縣,興榮段
0003,0096-0711,苗栗縣,興榮段
0003,0096-0712,苗栗縣,興榮段
0003,0096-0713,苗栗縣,興榮段
0003,0096-0716,苗栗縣,興榮段
0003,0096-0718,苗栗縣,興榮段
0003,0096-0735,苗栗縣,興榮段
0003,0096-0811,苗栗縣,興榮段
0003,0096-0864,苗栗縣,興榮段
0003,0096-1032,苗栗縣,興榮段
0003,0096-1033,苗栗縣,興榮段
0003,0096-1034,苗栗縣,興榮段
0003,0096-1109,苗栗縣,興榮段
0003,0096-1117,苗栗縣,興榮段
0003,0096-1253,苗栗縣,興榮段
0003,0122-0008,苗栗縣,興榮段
0003,0122-0010,苗栗縣,興榮段
0003,0155-0009,苗栗縣,興榮段
0003,0165-0357,苗栗縣,興榮段
0003,0166-0347,苗栗縣,興榮段
0003,0167-0100,苗栗縣,興榮段
0003,0167-0136,苗栗縣,興榮段
0003,0167-0240,苗栗縣,興榮段
0003,0167-0243,苗栗縣,興榮段
0003,0167-0251,苗栗縣,興榮
0003,0167-0262,苗栗縣,興榮段
0003,0167-0274,苗栗縣,興榮
0003,0167-0347,苗栗縣,興榮
0003,0167-0379,苗栗縣,興榮段
0003,0167-0389,苗栗縣,興榮段
0003,0167-0395,苗栗縣,興榮段
0003,0167-0411,苗栗縣,興榮段
0003,0167-0514,苗栗縣,興榮段
0003,0167-0522,苗栗縣,興榮段
0003,0167-0573,苗栗縣,興榮段
0003,0167-0596,苗栗縣,興榮段
0003,0167-0683,苗栗縣,興榮段
0003,0167-0723,苗栗縣,興榮段
0003,0167-0725,苗栗縣,興榮段
0003,0167-0830,苗栗縣,興榮段
0003,0167-1346,苗栗縣,興榮段
0003,0167-1406,苗栗縣,興榮段
0003,0167-1513,苗栗縣,興榮段
0003,0221-0001,苗栗縣,興榮段
0003,0221-0002,苗栗縣,興榮段
0003,0221-0007,苗栗縣,興榮段
0003,0221-0010,苗栗縣,興榮段
0003,0221-0012,苗栗縣,興榮段
0003,0221-0031,苗栗縣,興榮段
0003,0222-0007,苗栗縣,興榮段
0003,0227-0000,苗栗縣,興榮段
0003,0228-0001,苗栗縣,興榮段
0003,0233-0000,苗栗縣,興榮段
0003,0250-0000,苗栗縣,興榮段
0003,0251-0028,苗栗縣,興榮段
0003,0258-0000,苗栗縣,興榮段
0003,0261-0031,苗栗縣,興榮段
0003,0261-0038,苗栗縣,興榮段
0003,0268-0000,南投縣,三塊厝
0003,0286-0053,南投縣,三塊厝段
0003,0295-0013,苗栗縣,興榮段
0003,0296-0173,苗栗縣,興榮段
0003,0310-0005,苗栗縣,興榮段
0003,0310-0014,苗栗縣,興榮段
0003,0310-0037,苗栗縣,興榮段
0003,0314-0040,苗栗縣,興榮段
0003,0314-0076,苗栗縣,興榮段
0003,0314-0081,苗栗縣,興榮段
0003,0319-0029,苗栗縣,興榮段
0003,0319-0030,苗栗縣,興榮段
0003,0319-0037,苗栗縣,興榮段
0003,0319-0063,苗栗縣,興榮段
0003,0319-0065,苗栗縣,興榮段
0003,0319-0073,苗栗縣,興榮段
0003,0324-0024,苗栗縣,興榮段
0003,0324-0038,苗栗縣,興榮段
0003,0324-0067,苗栗縣,興榮
0003,0324-0068,苗栗縣,興榮段
0003,0324-0319,苗栗縣,興榮段
0003,0327-0007,苗栗縣,興榮段
0003,0327-0047,苗栗縣,興榮段
0003,0327-0053,苗栗縣,興榮段
0003,0336-0025,苗栗縣,興榮段
0003,0336-0072,苗栗縣,興榮段
0003,0992-0000,苗栗縣,興榮段
0004,0520-0000,南投縣,茄苳腳段
0004,0529-0021,南投縣,茄苳腳段
0004,0735-0006,南投縣,茄苳腳段
0004,0763-0000,南投縣,茄苳腳
0004,0763-0007,南投縣,茄苳腳
0004,0763-0008,南投縣,茄苳腳
0004,0763-0009,南投縣,茄苳腳
0004,1836-0000,苗栗縣,卓蘭段
0004,2022-0011,苗栗縣,卓蘭段
0004,2039-0000,苗栗縣,卓蘭段
0004,2089-0084,苗栗縣,卓蘭段
0004,2102-0000,苗栗縣,卓蘭段
0004,2614-0002,苗栗縣,卓蘭段
0004,2615-0000,苗栗縣,卓蘭段
0004,2626-0012,苗栗縣,卓蘭段
0004,2688-0000,苗栗縣,卓蘭段
0004,2689-0000,苗栗縣,卓蘭段
0004,2709-0000,苗栗縣,卓蘭段
0004,2731-0002,苗栗縣,卓蘭段
0004,2737-0000,苗栗縣,卓蘭段
0004,2763-0000,苗栗縣,卓蘭段
0004,2795-0001,苗栗縣,卓蘭段
0004,2797-0000,苗栗縣,卓蘭段
0004,3147-0001,苗栗縣,卓蘭段
0004,3189-0000,苗栗縣,卓蘭段
0004,3194-0000,苗栗縣,卓蘭段
0004,3231-0000,苗栗縣,卓蘭段
0004,3231-0001,苗栗縣,卓蘭段
0004,3233-0000,苗栗縣,卓蘭段
0004,3288-0000,苗栗縣,卓蘭段
0004,3377-0000,苗栗縣,卓蘭段
0004,3384-0000,苗栗縣,卓蘭段
0004,3519-0000,苗栗縣,卓蘭段
0004,3720-0000,苗栗縣,卓蘭段
0004,3721-0000,苗栗縣,卓蘭段
0004,5254-0000,苗栗縣,卓蘭段
0007,0335-0000,臺東縣,石山段
0007,0335-0005,臺東縣,石山段
0007,0335-0006,臺東縣,石山段
0007,0335-0007,臺東縣,石山段
0007,0335-0008,臺東縣,石山段
0007,0337-0000,臺東縣,石山段
0007,0337-0001,臺東縣,石山段
0007,0337-0005,臺東縣,石山段
0007,0340-0000,臺東縣,石山段
0007,0348-0001,臺東縣,石山段
0007,0348-0005,臺東縣,石山段
0007,0348-0011,臺東縣,石山段
0007,0348-0020,臺東縣,石山段
0007,0377-0002,臺東縣,石山段
0007,0377-0014,臺東縣,石山段
0007,0616-0000,臺東縣,石山段
0007,0621-0003,臺東縣,石山段
0007,0621-0004,臺東縣,石山段
0008,0015-0018,苗栗縣,大坪林段
0008,0015-0050,苗栗縣,大坪林段
0008,0015-0051,苗栗縣,大坪林段
0008,0015-0318,苗栗縣,大坪林段
0008,0015-0338,苗栗縣,大坪林段
0008,0015-0388,苗栗縣,大坪林段
0008,0015-0681,苗栗縣,大坪林段
0008,0036-0010,苗栗縣,大坪林段
0008,0036-0011,苗栗縣,大坪林段
0008,0036-0012,苗栗縣,大坪林段
0008,0036-0013,苗栗縣,大坪林段
0008,0036-0014,苗栗縣,大坪林段
0008,0036-0015,苗栗縣,大坪林段
0008,0036-0016,苗栗縣,大坪林段
0008,0062-0000,苗栗縣,大坪林段
0008,0062-0002,苗栗縣,大坪林段
0008,0088-0045,苗栗縣,大坪林段
0008,0088-0131,苗栗縣,大坪林段
0008,0088-0176,苗栗縣,大坪林段
0008,0088-0215,苗栗縣,大坪林段
0008,0088-0256,苗栗縣,大坪林段
0008,0088-0429,苗栗縣,大坪林段
0008,0088-0472,苗栗縣,大坪林段
0008,0088-0473,苗栗縣,大坪林段
0008,0088-0474,苗栗縣,大坪林段
0008,0088-0501,苗栗縣,大坪林
0008,0088-0531,苗栗縣,大坪林段
0008,0088-0532,苗栗縣,大坪林段
0008,0088-0533,苗栗縣,大坪林
0008,0088-0535,苗栗縣,大坪林段
0008,0088-0567,苗栗縣,大坪林段
0008,0088-0746,苗栗縣,大坪林
0008,0088-0933,苗栗縣,大坪林段
0008,0088-0935,苗栗縣,大坪林段
0008,0088-0937,苗栗縣,大坪林段
0008,0088-0944,苗栗縣,大坪林
0008,0088-0945,苗栗縣,大坪林
0008,0088-0955,苗栗縣,大坪林段
0008,0088-0971,苗栗縣,大坪林
0008,0088-0972,苗栗縣,大坪林
0008,0088-0973,苗栗縣,大坪林
0008,0088-0974,苗栗縣,大坪林
0008,0088-1049,苗栗縣,大坪林
0008,0088-1119,苗栗縣,大坪林段
0008,0088-1222,苗栗縣,大坪林
0008,0088-1365,苗栗縣,大坪林
0008,0088-1702,苗栗縣,大坪林段
0008,0088-1779,苗栗縣,大坪林段
0008,0088-1780,苗栗縣,大坪林段
0008,0089-0005,苗栗縣,大坪林段
0008,0089-0047,苗栗縣,大坪林段
0008,0089-0048,苗栗縣,大坪林段
0008,0149-0002,苗栗縣,大坪林段
0008,0258-0012,苗栗縣,大坪林段
0008,0258-0030,苗栗縣,大坪林段
0008,0295-0003,苗栗縣,大坪林段
0008,0310-0005,苗栗縣,大坪林段
0008,0310-0013,苗栗縣,大坪林段
0008,0378-0000,苗栗縣,大坪林段
0008,0514-0000,苗栗縣,大坪林
0008,0728-0000,苗栗縣,大坪林段
0008,0959-0003,苗栗縣,大坪林段
0008,0959-0019,苗栗縣,大坪林段
0008,1151-0000,苗栗縣,大坪林段
0008,1152-0000,苗栗縣,大坪林段
0008,1163-0000,苗栗縣,大坪林段
0008,1165-0000,苗栗縣,大坪林段
0008,1166-0000,苗栗縣,大坪林段
0008,1223-0002,苗栗縣,大坪林段
0008,1361-0000,苗栗縣,大坪林段
0008,1381-0000,苗栗縣,大坪林段
0008,1382-0000,苗栗縣,大坪林段
0008,1383-0000,苗栗縣,大坪林段
0008,1384-0000,苗栗縣,大坪林段
0008,1385-0000,苗栗縣,大坪林段
0008,1447-0000,苗栗縣,大坪林段
0008,1458-0000,苗栗縣,大坪林段
0008,1459-0000,苗栗縣,大坪林段
0008,1459-0002,苗栗縣,大坪林段
0008,1460-0000,苗栗縣,大坪林段
0008,1670-0000,苗栗縣,大坪林段
0008,1829-0000,苗栗縣,大坪林段
0008,1831-0000,苗栗縣,大坪林段
0008,1831-0001,苗栗縣,大坪林段
0008,1873-0000,苗栗縣,大坪林段
0008,1940-0000,苗栗縣,大坪林段
0008,2211-0002,苗栗縣,大坪林段
0008,2261-0000,苗栗縣,大坪林
0008,2292-0000,苗栗縣,大坪林段
0008,2299-0000,苗栗縣,大坪林段
0008,2306-0000,苗栗縣,大坪林段
0008,2320-0000,苗栗縣,大坪林段
0008,2439-0000,苗栗縣,大坪林段
0008,2446-0000,苗栗縣,大坪林段
0008,2456-0000,苗栗縣,大坪林段
0008,2489-0000,苗栗縣,大坪林段
0008,2489-0005,苗栗縣,大坪林段
0008,2490-0000,苗栗縣,大坪林段
0008,2490-0007,苗栗縣,大坪林段
0008,2497-0000,苗栗縣,大坪林段
0008,2498-0000,苗栗縣,大坪林段
0008,2498-0002,苗栗縣,大坪林段
0008,2503-0000,苗栗縣,大坪林段
0008,2503-0002,苗栗縣,大坪林段
0008,2503-0003,苗栗縣,大坪林段
0008,2783-0000,苗栗縣,大坪林段
0009,0042-0001,苗栗縣,桂竹林段
0009,0086-0023,苗栗縣,桂竹林段
0009,0086-0024,苗栗縣,桂竹林段
0009,0086-0348,苗栗縣,桂竹林段
0009,0086-0355,苗栗縣,桂竹林
0009,0086-0376,苗栗縣,桂竹林段
0009,0086-0379,苗栗縣,桂竹林段
0009,0086-0395,苗栗縣,桂竹林段
0009,0086-0399,苗栗縣,桂竹林段
0009,0086-0429,苗栗縣,桂竹林段
0009,0086-0433,苗栗縣,桂竹林段
0009,0086-0606,苗栗縣,桂竹林段
0009,0086-0609,苗栗縣,桂竹林段
0009,0086-0610,苗栗縣,桂竹林段
0009,0086-0611,苗栗縣,桂竹林段
0009,0086-0612,苗栗縣,桂竹林段
0009,0086-0613,苗栗縣,桂竹林段
0009,0086-0614,苗栗縣,桂竹林段
0009,0086-0615,苗栗縣,桂竹林段
0009,0086-0616,苗栗縣,桂竹林段
0009,0086-0635,苗栗縣,桂竹林段
0009,0096-0000,苗栗縣,桂竹林段
0009,0097-0000,苗栗縣,桂竹林段
0009,0099-0001,苗栗縣,桂竹林段
0009,0099-0024,苗栗縣,桂竹林段
0009,0182-0022,苗栗縣,桂竹林段
0009,0363-0197,苗栗縣,桂竹林段
0009,0363-0970,苗栗縣,桂竹林段
0009,0382-0000,苗栗縣,桂竹林段
0009,0383-0000,苗栗縣,桂竹林段
0009,3231-0000,臺東縣,利家段
0009,3233-0000,臺東縣,利家段
0009,3235-0000,臺東縣,利家段
0009,3235-0001,臺東縣,利家段
0009,3241-0000,臺東縣,利家段
0009,3243-0000,臺東縣,利家段
0009,3244-0000,臺東縣,利家段
0010,0010-0003,南投縣,小半山
0010,0013-0008,臺東縣,加路蘭段
0010,0013-0038,臺東縣,加路蘭段
0010,0013-0042,臺東縣,加路蘭段
0010,0013-0049,臺東縣,加路蘭段
0010,0021-0012,臺東縣,加路蘭段
0010,0021-0013,臺東縣,加路蘭段
0010,0021-0063,臺東縣,加路蘭段
0010,0155-0031,苗栗縣,八角林段
0010,0201-0000,苗栗縣,八角林段
0010,0204-0002,苗栗縣,八角林段
0010,0279-0000,苗栗縣,八角林段
0010,0279-0001,苗栗縣,八角林段
0010,0312-0000,苗栗縣,八角林段
0010,0428-0025,苗栗縣,八角林段
0010,0432-0008,苗栗縣,八角林段
0010,0432-0009,苗栗縣,八角林段
0010,0494-0016,苗栗縣,八角林段
0010,0523-0000,臺東縣,加路蘭段
0010,0523-0003,臺東縣,加路蘭段
0010,0745-0027,苗栗縣,八角林段
0010,0779-0023,苗栗縣,八角林段
0011,0040-0000,苗栗縣,獅潭段和興小段
0011,0116-0000,苗栗縣,獅潭段和興小段
0011,0158-0000,苗栗縣,獅潭段和興小段
0011,0218-0000,苗栗縣,獅潭段和興小段
0011,0225-0001,苗栗縣,獅潭段和興小段
0011,0225-0002,苗栗縣,獅潭段和興小段
0011,0226-0000,苗栗縣,獅潭段和興小段
0011,0227-0001,苗栗縣,獅潭段和興小段
0011,0295-0074,苗栗縣,獅潭段和興小段
0011,0295-0263,苗栗縣,獅潭段和興小段
0011,0295-0265,苗栗縣,獅潭段和興小段
0011,0295-0485,苗栗縣,獅潭段和興小段
0011,0375-0006,苗栗縣,獅潭段和興小段
0012,0223-0005,苗栗縣,獅潭段新店小段
0012,0223-0315,苗栗縣,獅潭段新店小段
0012,0223-0338,苗栗縣,獅潭段新店小段
0012,0304-0000,南投縣,軍功寮
0012,0373-0005,臺東縣,上原段
0012,0963-0000,臺東縣,上原段
0013,0001-0053,臺東縣,富源段
0013,0001-0054,臺東縣,富源段
0013,0001-0062,臺東縣,富源段
0013,0001-0129,臺東縣,富源段
0013,0001-0132,臺東縣,富源段
0013,0001-0133,臺東縣,富源段
0013,0001-0137,臺東縣,富源段
0013,0001-0138,臺東縣,富源段
0013,0001-0140,臺東縣,富源段
0013,0001-0141,臺東縣,富源段
0013,0104-0004,苗栗縣,獅潭段永興小段
0013,0213-0002,苗栗縣,獅潭段永興小段
0013,0213-0003,苗栗縣,獅潭段永興小段
0013,0280-0002,苗栗縣,獅潭段永興小段
0013,0452-0000,苗栗縣,獅潭段永興小段
0013,0453-0000,苗栗縣,獅潭段永興小段
0013,0454-0000,苗栗縣,獅潭段永興小段
0013,0455-0000,苗栗縣,獅潭段永興小段
0013,0457-0003,苗栗縣,獅潭段永興小段
0013,0495-0005,苗栗縣,獅潭段永興小段
0013,0551-0000,苗栗縣,獅潭段永興小段
0013,0553-0000,苗栗縣,獅潭段永興小段
0013,0604-0035,苗栗縣,獅潭段永興小段
0014,0058-0000,苗栗縣,獅潭段三洽坑小段
0014,0058-0001,苗栗縣,獅潭段三洽坑小段
0015,0131-0000,臺東縣,鎮樂段
0015,0136-0000,臺東縣,鎮樂段
0015,0137-0000,臺東縣,鎮樂段
0015,0155-0000,苗栗縣,獅潭段十九份小段
0015,0157-0000,臺東縣,鎮樂段
0015,0166-0000,臺東縣,鎮樂段
0015,0167-0000,臺東縣,鎮樂段
0015,0192-0000,苗栗縣,獅潭段十九份小段
0015,0327-0000,臺東縣,鎮樂段
0015,0340-0000,臺東縣,鎮樂段
0015,0341-0000,臺東縣,鎮樂段
0015,0348-0000,臺東縣,鎮樂段
0015,0362-0000,臺東縣,鎮樂段
0015,0364-0000,臺東縣,鎮樂段
0015,0454-0000,臺東縣,鎮樂段
0015,0454-0001,臺東縣,鎮樂段
0015,0500-0000,臺東縣,鎮樂段
0015,0629-0000,臺東縣,鎮樂段
0015,0629-0003,臺東縣,鎮樂段
0015,0629-0005,臺東縣,鎮樂段
0015,0630-0001,臺東縣,鎮樂段
0015,0703-0000,南投縣,內轆段
0015,0738-0002,南投縣,內轆段
0015,0739-0002,南投縣,內轆
0015,0811-0000,臺東縣,鎮樂段
0015,0812-0000,臺東縣,鎮樂段
0015,0812-0001,臺東縣,鎮樂段
0015,0812-0002,臺東縣,鎮樂段
0015,0812-0004,臺東縣,鎮樂段
0015,0812-0005,臺東縣,鎮樂段
0016,0020-0000,苗栗縣,獅潭段大東勢小段
0016,0279-0015,苗栗縣,獅潭段大東勢小段
0017,0152-0000,苗栗縣,清安段
0017,0167-0000,苗栗縣,清安段
0017,0216-0000,苗栗縣,清安段
0017,0399-0000,苗栗縣,清安段
0017,0489-0000,苗栗縣,清安段
0017,0521-0003,苗栗縣,清安段
0017,0792-0002,苗栗縣,清安段
0017,0825-0000,苗栗縣,清安段
0018,0002-0000,苗栗縣,南洗水段
0018,0005-0000,苗栗縣,南洗水段
0018,0008-0000,苗栗縣,南洗水段
0018,0016-0000,苗栗縣,南洗水段
0018,0023-0000,苗栗縣,南洗水段
0018,0090-0004,南投縣,西施厝坪
0018,0213-0000,苗栗縣,南洗水段
0018,0213-0002,苗栗縣,南洗水段
0018,0213-0004,苗栗縣,南洗水段
0018,0336-0000,苗栗縣,南洗水段
0018,0348-0000,苗栗縣,南洗水段
0018,0485-0007,苗栗縣,南洗水段
0018,0502-0002,苗栗縣,南洗水段
0018,0609-0000,苗栗縣,南洗水段
0018,0622-0000,苗栗縣,南洗水段
0018,0656-0000,苗栗縣,南洗水段
0018,0659-0000,苗栗縣,南洗水段
0018,0664-0000,苗栗縣,南洗水段
0018,0665-0000,苗栗縣,南洗水段
0018,0967-0001,苗栗縣,南洗水段
0018,0991-0000,苗栗縣,南洗水段
0018,0992-0000,苗栗縣,南洗水段
0018,0994-0000,苗栗縣,南洗水段
0018,0995-0000,苗栗縣,南洗水段
0018,0996-0000,苗栗縣,南洗水段
0018,1001-0006,苗栗縣,南洗水段
0018,1058-0000,苗栗縣,南洗水段
0018,1168-0000,苗栗縣,南洗水段
0018,1169-0000,苗栗縣,南洗水段
0018,1179-0000,苗栗縣,南洗水段
0018,1215-0003,苗栗縣,南洗水段
0018,1228-0000,苗栗縣,南洗水段
0018,1259-0000,苗栗縣,南洗水
0018,1259-0003,苗栗縣,南洗水段
0018,1259-0004,苗栗縣,南洗水段
0018,1322-0000,苗栗縣,南洗水段
0018,1334-0000,苗栗縣,南洗水段
0018,1334-0001,苗栗縣,南洗水段
0018,1461-0000,苗栗縣,南洗水段
0018,1463-0000,苗栗縣,南洗水段
0018,1523-0002,苗栗縣,南洗水段
0019,0451-0000,苗栗縣,圓墩段
0019,0585-0000,苗栗縣,圓墩段
0019,0729-0000,苗栗縣,圓墩段
0019,0729-0001,苗栗縣,圓墩段
0019,0763-0000,苗栗縣,圓墩段
0020,0481-0004,苗栗縣,惠安段
0020,0515-0000,苗栗縣,惠安段
0021,0039-0000,苗栗縣,八卦力段
0021,0085-0001,苗栗縣,八卦力段
0021,0121-0000,苗栗縣,八卦力段
0021,0528-0000,苗栗縣,八卦力段
0021,0663-0002,苗栗縣,八卦力段
0021,0663-0010,苗栗縣,八卦力段
0021,0669-0026,南投縣,番子寮段
0021,0678-0012,南投縣,番子寮
0021,0678-0019,南投縣,番子寮段
0021,0678-0021,南投縣,番子寮段
0021,0678-0039,南投縣,番子寮段
0021,0678-0048,南投縣,番子寮
0021,0682-0008,南投縣,番子寮段
0021,0682-0067,南投縣,番子寮
0021,0682-0069,南投縣,番子寮
0021,0682-0093,南投縣,番子寮
0021,0682-0098,南投縣,番子寮段
0021,0682-0102,南投縣,番子寮
0021,0682-0113,南投縣,番子寮
0021,0682-0158,南投縣,番子寮
0021,0682-0166,南投縣,番子寮
0021,0682-0168,南投縣,番子寮
0021,1071-0013,南投縣,番子寮
0022,0157-0000,苗栗縣,橫龍山段
0022,0224-0001,苗栗縣,橫龍山段
0022,0421-0005,苗栗縣,橫龍山
0022,0446-0001,苗栗縣,橫龍山段
0022,0467-0000,苗栗縣,橫龍山段
0022,0468-0000,苗栗縣,橫龍山段
0022,0469-0001,苗栗縣,橫龍山段
0022,0469-0002,苗栗縣,橫龍山段
0022,0469-0003,苗栗縣,橫龍山段
0023,0046-0000,苗栗縣,高熊段
0023,0050-0000,苗栗縣,高熊
0023,0053-0000,苗栗縣,高熊段
0023,0055-0000,苗栗縣,高熊段
0023,0057-0000,苗栗縣,高熊段
0023,0080-0000,苗栗縣,高熊段
0023,0080-0002,苗栗縣,高熊段
0023,0107-0002,苗栗縣,高熊段
0023,0111-0001,苗栗縣,高熊段
0023,0154-0000,苗栗縣,高熊段
0023,0156-0004,苗栗縣,高熊段
0023,0156-0005,苗栗縣,高熊段
0023,0186-0000,苗栗縣,高熊段
0023,0186-0006,苗栗縣,高熊段
0023,0293-0000,苗栗縣,高熊段
0023,0295-0000,苗栗縣,高熊段
0023,0300-0000,苗栗縣,高熊段
0023,0302-0000,苗栗縣,高熊段
0023,0303-0000,苗栗縣,高熊段
0023,0305-0000,苗栗縣,高熊段
0023,0305-0001,苗栗縣,高熊段
0023,0306-0000,苗栗縣,高熊段
0023,0317-0000,苗栗縣,高熊段
0023,0378-0000,苗栗縣,高熊段
0023,0413-0000,苗栗縣,高熊段
0023,0581-0000,苗栗縣,高熊段
0023,0634-0000,苗栗縣,高熊段
0023,0688-0001,苗栗縣,高熊段
0023,0702-0000,苗栗縣,高熊段
0023,1244-0000,苗栗縣,高熊段
0024,0012-0000,苗栗縣,細道邦段
0024,0052-0000,苗栗縣,細道邦段
0024,0098-0000,苗栗縣,細道邦段
0024,0123-0000,苗栗縣,細道邦段
0024,0154-0002,苗栗縣,細道邦段
0024,0178-0000,苗栗縣,細道邦段
0024,0249-0003,苗栗縣,細道邦段
0024,0496-0000,苗栗縣,細道邦段
0024,0892-0000,苗栗縣,細道邦
0024,0894-0000,苗栗縣,細道邦
0024,0920-0000,苗栗縣,細道邦段
0024,0923-0000,苗栗縣,細道邦段
0024,0924-0000,苗栗縣,細道邦段
0024,1109-0002,苗栗縣,細道邦段
0025,0008-0001,苗栗縣,士林段
0025,0106-0000,苗栗縣,士林段
0025,0131-0005,苗栗縣,士林段
0025,0153-0001,苗栗縣,士林段
0025,0187-0000,苗栗縣,士林段
0025,0252-0000,苗栗縣,士林段
0025,0259-0000,苗栗縣,士林段
0025,0315-0000,苗栗縣,士林段
0025,0331-0000,苗栗縣,士林段
0025,0413-0000,苗栗縣,士林段
0025,0745-0000,苗栗縣,士林段
0025,0765-0000,苗栗縣,士林段
0025,0981-0000,苗栗縣,士林段
0025,0984-0000,苗栗縣,士林段
0025,1075-0000,苗栗縣,士林段
0025,1092-0000,苗栗縣,士林段
0025,1574-0000,南投縣,大庄段
0025,1575-0000,南投縣,大庄段
0025,1577-0000,南投縣,大庄段
0026,0013-0000,苗栗縣,麻必浩段
0026,0090-0002,雲林縣,古坑段古坑小段
0026,0099-0001,苗栗縣,麻必浩段
0026,0213-0000,苗栗縣,麻必浩段
0026,0378-0000,苗栗縣,麻必浩段
0026,0833-0000,苗栗縣,麻必浩段
0026,0859-0000,苗栗縣,麻必浩段
0026,0952-0001,苗栗縣,麻必浩段
0026,0953-0000,苗栗縣,麻必浩段
0026,1028-0000,苗栗縣,麻必浩段
0026,1140-0000,苗栗縣,麻必浩段
0027,0002-0000,苗栗縣,象鼻段
0027,0006-0000,苗栗縣,象鼻段
0027,0010-0000,苗栗縣,象鼻段
0027,0011-0001,苗栗縣,象鼻段
0027,0011-0003,苗栗縣,象鼻段
0027,0012-0000,苗栗縣,象鼻段
0027,0013-0000,苗栗縣,象鼻段
0027,0040-0000,苗栗縣,象鼻段
0027,0104-0001,苗栗縣,象鼻段
0027,0105-0000,苗栗縣,象鼻段
0028,0076-0000,苗栗縣,梅園段
0028,0500-0000,苗栗縣,梅園段
0028,0766-0000,苗栗縣,梅園段
0028,1119-0002,苗栗縣,梅園段
0028,1120-0000,苗栗縣,梅園段
0028,1196-0000,苗栗縣,梅園段
0028,1205-0000,苗栗縣,梅園段
0028,1324-0002,苗栗縣,梅園段
0028,1334-0000,苗栗縣,梅園段
0028,1335-0000,苗栗縣,梅園段
0031,0166-0000,苗栗縣,富興段
0031,0167-0001,苗栗縣,富興段
0031,0167-0002,苗栗縣,富興段
0031,0168-0000,苗栗縣,富興段
0031,0168-0001,苗栗縣,富興段
0035,0548-0003,南投縣,八杞仙段
0035,0548-0004,南投縣,八杞仙段
0035,0568-0000,南投縣,八杞仙段
0035,0572-0000,南投縣,八杞仙
0035,0589-0000,南投縣,八杞仙段
0035,0657-0004,南投縣,八杞仙段
0035,0663-0000,南投縣,八杞仙段
0036,0133-0016,南投縣,後寮段
0036,0133-0017,南投縣,後寮段
0036,0177-0007,南投縣,後寮段
0036,0309-0000,南投縣,後寮段
0036,0309-0001,南投縣,後寮段
0036,0573-0001,南投縣,後寮段
0036,0599-0000,南投縣,後寮
0036,0625-0000,南投縣,後寮
0036,0627-0002,南投縣,後寮段
0036,0628-0005,南投縣,後寮段
0036,0642-0000,南投縣,後寮段
0036,0642-0002,南投縣,後寮段
0036,0710-0000,南投縣,後寮
0036,0717-0000,南投縣,後寮
0036,0725-0013,南投縣,後寮
0036,0738-0003,南投縣,後寮
0036,0738-0004,南投縣,後寮段
0036,0738-0008,南投縣,後寮
0036,0738-0009,南投縣,後寮段
0036,0739-0005,南投縣,後寮
0036,0739-0006,南投縣,後寮
0036,0740-0016,南投縣,後寮
0036,0747-0005,南投縣,後寮
0036,0777-0014,南投縣,後寮段
0036,0777-0187,南投縣,後寮
0036,0795-0008,南投縣,後寮段
0036,0800-0008,南投縣,後寮段
0036,0838-0000,南投縣,後寮段
0036,0856-0002,南投縣,後寮
0036,0870-0004,南投縣,後寮段
0036,0939-0035,南投縣,後寮段
0036,0952-0002,南投縣,後寮
0036,0963-0087,南投縣,後寮段
0036,0963-0127,南投縣,後寮
0036,0972-0000,南投縣,後寮段
0036,0972-0001,南投縣,後寮段
0036,0972-0004,南投縣,後寮段
0036,0972-0005,南投縣,後寮
0036,0991-0002,南投縣,後寮段
0036,1006-0051,南投縣,後寮
0036,1046-0000,南投縣,後寮
0036,1058-0084,南投縣,後寮
0036,1058-0090,南投縣,後寮段
0036,1058-0099,南投縣,後寮段
0036,1494-0003,南投縣,後寮段
0036,1586-0000,南投縣,後寮段
0036,1586-0001,南投縣,後寮段
0036,1676-0000,南投縣,後寮段
0036,1680-0000,南投縣,後寮段
0036,1693-0000,南投縣,後寮段
0036,1702-0000,南投縣,後寮段
0036,1878-0000,南投縣,後寮段
0036,1930-0000,南投縣,後寮
0037,0030-0004,南投縣,鄉親寮段
0037,0032-0000,南投縣,鄉親寮
0037,0032-0015,南投縣,鄉親寮
0037,0567-0051,南投縣,鄉親寮段
0037,0598-0004,南投縣,鄉親寮段
0037,0598-0006,南投縣,鄉親寮
0037,0608-0005,南投縣,鄉親寮段
0037,0608-0017,南投縣,鄉親寮段
0037,0618-0001,南投縣,鄉親寮
0037,0632-0007,南投縣,鄉親寮段
0037,0633-0017,南投縣,鄉親寮
0037,0633-0039,南投縣,鄉親寮
0037,0633-0070,南投縣,鄉親寮
0037,0641-0059,南投縣,鄉親寮
0037,0650-0008,南投縣,鄉親寮段
0037,0657-0021,南投縣,鄉親寮段
0037,0665-0024,南投縣,鄉親寮段
0037,0665-0027,南投縣,鄉親寮
0037,0682-0017,南投縣,鄉親寮
0037,0687-0036,南投縣,鄉親寮段
0038,0032-0001,南投縣,永樂
0038,0035-0000,南投縣,永樂段
0038,0147-0000,南投縣,永樂
0038,0191-0006,南投縣,永樂段
0038,0191-0007,南投縣,永樂段
0038,0191-0014,南投縣,永樂段
0038,0543-0008,南投縣,永樂段
0038,0552-0000,南投縣,永樂段
0038,0553-0000,南投縣,永樂段
0038,0809-0002,南投縣,永樂段
0038,0809-0004,南投縣,永樂段
0038,0935-0000,南投縣,永樂段
0039,0143-0065,雲林縣,苦苓腳
0039,0143-0706,雲林縣,苦苓腳
0039,0173-0000,南投縣,福山
0039,0177-0000,南投縣,福山
0039,0415-0006,南投縣,福山段
0039,0438-0000,南投縣,福山
0039,0438-0001,南投縣,福山
0039,0508-0002,南投縣,福山段
0039,0888-0000,南投縣,福山
0039,0888-0002,南投縣,福山
0039,0889-0000,南投縣,福山
0039,0914-0000,南投縣,福山段
0040,0022-0002,南投縣,中寮段
0040,0091-0001,南投縣,中寮
0040,0118-0000,南投縣,中寮段
0040,0733-0000,南投縣,中寮
0040,0744-0000,南投縣,中寮段
0040,0784-0049,南投縣,中寮
0040,0785-0161,南投縣,中寮段
0040,0785-0180,南投縣,中寮段
0040,0785-0186,南投縣,中寮
0040,0851-0003,南投縣,中寮
0040,0863-0002,南投縣,中寮段
0040,0863-0010,南投縣,中寮
0040,0863-0014,南投縣,中寮段
0040,0879-0002,南投縣,中寮段
0040,0885-0005,南投縣,中寮段
0040,0896-0059,南投縣,中寮段
0040,0896-0099,南投縣,中寮段
0040,0896-0144,南投縣,中寮
0040,0896-0403,南投縣,中寮
0040,0949-0004,南投縣,中寮段
0040,0951-0143,南投縣,中寮段
0040,0951-0160,南投縣,中寮段
0040,1107-0000,南投縣,中寮
0040,1133-0000,南投縣,中寮
0040,1246-0000,南投縣,中寮段
0041,0001-0636,雲林縣,草嶺
0041,0001-0641,雲林縣,草嶺
0041,0001-0739,雲林縣,草嶺段
0041,0001-1054,雲林縣,草嶺
0041,0001-1984,雲林縣,草嶺
0041,0001-3312,雲林縣,草嶺
0041,0060-0004,南投縣,二重溪
0041,0421-0002,南投縣,二重溪段
0041,0421-0004,南投縣,二重溪段
0041,0424-0000,南投縣,二重溪段
0041,0425-0000,南投縣,二重溪段
0041,0470-0100,南投縣,二重溪
0041,0470-0154,南投縣,二重溪
0041,0471-0001,南投縣,二重溪
0041,0809-0011,南投縣,二重溪
0042,0008-0000,南投縣,分水寮段
0042,0009-0007,南投縣,分水寮
0042,0040-0000,苗栗縣,西坪段
0042,0051-0000,苗栗縣,西坪段
0042,0057-0000,苗栗縣,西坪段
0042,0060-0000,苗栗縣,西坪段
0042,0061-0001,苗栗縣,西坪段
0042,0139-0000,苗栗縣,西坪段
0042,0177-0003,苗栗縣,西坪段
0042,0200-0007,南投縣,分水寮段
0042,0200-0011,南投縣,分水寮
0042,0221-0001,苗栗縣,西坪段
0042,0277-0000,苗栗縣,西坪段
0042,0277-0002,苗栗縣,西坪段
0042,0277-0004,苗栗縣,西坪段
0042,0277-0005,苗栗縣,西坪段
0042,0277-0006,苗栗縣,西坪段
0042,0279-0000,苗栗縣,西坪段
0042,0280-0000,苗栗縣,西坪段
0042,0281-0000,苗栗縣,西坪段
0042,0290-0003,苗栗縣,西坪段
0042,0290-0004,苗栗縣,西坪段
0042,0290-0005,苗栗縣,西坪段
0042,0381-0004,南投縣,分水寮段
0042,0420-0001,南投縣,分水寮
0042,0426-0003,南投縣,分水寮
0042,0465-0007,南投縣,分水寮
0042,0494-0073,南投縣,分水寮
0042,1404-0001,南投縣,分水寮段
0042,1419-0000,南投縣,分水寮
0043,0001-0000,苗栗縣,豐田段
0043,0001-0001,苗栗縣,豐田段
0043,0001-0004,苗栗縣,豐田段
0043,0001-0005,苗栗縣,豐田段
0043,0494-0011,南投縣,龍眼段
0043,0647-0000,南投縣,龍眼林段
0043,0731-0007,南投縣,龍眼林段
0043,0853-0000,南投縣,龍眼林段
0043,0886-0226,南投縣,龍眼林段
0043,0887-0007,南投縣,龍眼林
0043,0899-0001,南投縣,龍眼林段
0043,0899-0002,南投縣,龍眼林段
0043,0904-0001,南投縣,龍眼林段
0043,0904-0004,南投縣,龍眼林段
0043,0905-0000,南投縣,龍眼林段
0043,0905-0004,南投縣,龍眼林段
0043,0905-0015,南投縣,龍眼林段
0043,0921-0005,南投縣,龍眼林
0043,1061-0026,南投縣,龍眼林
0044,0005-0000,南投縣,先驅段
0044,0430-0000,南投縣,先驅段
0044,0430-0002,南投縣,先驅段
0044,0444-0000,南投縣,先驅段
0044,0446-0000,南投縣,先驅段
0044,0643-0000,南投縣,先驅段
0044,0979-0000,南投縣,先驅段
0044,1508-0000,南投縣,先驅
0044,1515-0000,南投縣,先驅段
0044,1545-0000,南投縣,先驅段
0044,1570-0002,南投縣,先驅段
0044,1575-0000,南投縣,先驅段
0044,1575-0002,南投縣,先驅段
0044,1581-0001,南投縣,先驅段
0044,1581-0005,南投縣,先驅段
0044,1617-0000,南投縣,先驅
0044,1643-0008,南投縣,先驅段
0044,1772-0000,南投縣,先驅段
0044,1775-0000,南投縣,先驅段
0044,2754-0000,南投縣,先驅
0044,2756-0000,南投縣,先驅段
0044,2764-0000,南投縣,先驅段
0044,3018-0000,南投縣,先驅段
0044,3064-0000,南投縣,先驅段
0044,3065-0000,南投縣,先驅段
0044,3069-0000,南投縣,先驅段
0044,3075-0004,南投縣,先驅
0044,3104-0000,南投縣,先驅段
0044,3190-0000,南投縣,先驅
0044,3571-0000,南投縣,先驅段
0045,0019-0000,南投縣,清水段
0045,0019-0002,南投縣,清水
0045,0021-0000,南投縣,清水段
0045,0036-0000,南投縣,清水段
0045,0464-0000,南投縣,清水
0045,0643-0000,南投縣,清水段
0045,0786-0000,南投縣,清水段
0053,0452-0000,南投縣,光明段
0056,0170-0000,臺東縣,文泰段
0056,0210-0000,臺東縣,文泰段
0057,0072-0000,臺東縣,美濃段
0057,0075-0002,臺東縣,美濃段
0057,0469-0000,臺東縣,美濃段
0057,0471-0000,臺東縣,美濃段
0057,0502-0000,臺東縣,美濃段
0057,0504-0000,臺東縣,美濃段
0058,0181-0000,臺東縣,頂岩灣段
0059,0001-0000,臺東縣,後湖段
0059,0321-0000,臺東縣,後湖段
0059,0323-0000,臺東縣,後湖段
0059,0324-0000,臺東縣,後湖段
0059,0463-0000,臺東縣,後湖段
0059,0488-0000,臺東縣,後湖段
0059,0509-0000,臺東縣,後湖段
0060,0676-0000,臺東縣,三塊厝段
0060,0676-0001,臺東縣,三塊厝段
0060,0676-0002,臺東縣,三塊厝段
0060,0676-0003,臺東縣,三塊厝段
0064,0478-0007,花蓮縣,榕樹段
0066,0176-0000,南投縣,福德段
0067,0005-0000,南投縣,福助段
0067,0105-0000,南投縣,福助
0067,0106-0000,南投縣,福助段
0070,0099-0002,新北巿,東眼段金敏子小段
0070,0099-0049,新北巿,東眼段金敏子小段
0070,0137-0001,新北巿,東眼段金敏子小段
0070,0142-0002,新北巿,東眼段金敏子小段
0070,0145-0002,新北巿,東眼段金敏子小段
0075,0290-0001,南投縣,仙鹿
0078,0066-0069,新北巿,竹崙段竹坑小段
0078,0090-0000,苗栗縣,神明段
0078,0375-0001,苗栗縣,神明段
0078,0385-0000,苗栗縣,神明段
0078,0386-0000,苗栗縣,神明段
0084,0005-0000,新北巿,五寮段詩朗小段
0085,0251-0000,苗栗縣,新橫坑段
0085,0252-0000,苗栗縣,新橫坑段
0087,0276-0000,雲林縣,石坑
0087,0285-0000,雲林縣,石坑
0087,0356-0000,南投縣,東新厝段
0087,0736-0000,南投縣,東新厝
0088,0017-0000,臺東縣,建和段
0088,0506-0000,臺東縣,建和段
0088,0511-0000,臺東縣,建和段
0088,0513-0000,臺東縣,建和段
0088,0516-0000,臺東縣,建和段
0088,0863-0000,臺東縣,建和段
0088,1015-0001,南投縣,新厝
0088,1463-0000,臺東縣,青林段
0088,1511-0000,臺東縣,青林段
0088,1529-0000,臺東縣,青林段
0088,1532-0000,臺東縣,青林段
0089,0068-0000,苗栗縣,酸柑湖段
0089,0069-0000,苗栗縣,酸柑湖段
0089,0177-0000,苗栗縣,酸柑湖段
0089,0562-0000,臺東縣,青林段
0089,0578-0000,臺東縣,青林段
0089,0579-0000,臺東縣,青林段
0089,0580-0000,臺東縣,青林段
0089,0645-0000,南投縣,過坑
0089,0987-0001,苗栗縣,酸柑湖段
0089,1080-0000,苗栗縣,酸柑湖段
0090,1089-0000,南投縣,崁頂
0091,0296-0000,苗栗縣,水尾坪
0092,0034-0000,苗栗縣,水頭寮
0092,0163-0000,苗栗縣,水頭寮段
0092,0313-0000,苗栗縣,水頭寮段
0092,0313-0002,苗栗縣,水頭寮段
0092,0313-0003,苗栗縣,水頭寮段
0092,0372-0000,苗栗縣,水頭寮段
0092,0374-0000,苗栗縣,水頭寮段
0092,0375-0000,苗栗縣,水頭寮段
0092,0387-0007,苗栗縣,水頭寮段
0092,0400-0000,苗栗縣,水頭寮段
0092,0512-0000,苗栗縣,水頭寮段
0092,0513-0000,苗栗縣,水頭寮段
0092,0514-0000,苗栗縣,水頭寮段
0092,0530-0000,苗栗縣,水頭寮段
0092,0531-0000,苗栗縣,水頭寮段
0092,0532-0000,苗栗縣,水頭寮段
0092,0533-0000,苗栗縣,水頭寮段
0092,0539-0000,苗栗縣,水頭寮段
0092,0609-0000,苗栗縣,水頭寮段
0092,0884-0000,苗栗縣,水頭寮段
0092,0885-0000,苗栗縣,水頭寮段
0092,0886-0000,苗栗縣,水頭寮段
0092,0891-0000,苗栗縣,水頭寮段
0092,0893-0000,苗栗縣,水頭寮段
0092,0894-0000,苗栗縣,水頭寮段
0092,0897-0000,苗栗縣,水頭寮段
0092,0898-0000,苗栗縣,水頭寮段
0092,1076-0000,南投縣,南松嶺段
0092,1077-0000,南投縣,南松嶺段
0093,0003-0001,苗栗縣,大窩段
0093,0004-0000,苗栗縣,大窩段
0093,0005-0000,苗栗縣,大窩段
0093,0010-0000,苗栗縣,大窩段
0093,0015-0000,苗栗縣,大窩段
0093,0118-0000,苗栗縣,大窩
0093,0130-0000,苗栗縣,大窩段
0093,0130-0006,苗栗縣,大窩段
0093,0130-0007,苗栗縣,大窩段
0093,0130-0008,苗栗縣,大窩段
0093,0144-0000,苗栗縣,大窩段
0093,0144-0006,苗栗縣,大窩段
0093,0276-0010,苗栗縣,大窩段
0093,0276-0019,苗栗縣,大窩段
0093,0276-0033,苗栗縣,大窩段
0093,0276-0057,苗栗縣,大窩段
0093,0284-0000,苗栗縣,大窩段
0093,0284-0001,苗栗縣,大窩段
0093,0284-0002,苗栗縣,大窩段
0093,0292-0000,苗栗縣,大窩段
0093,0293-0000,苗栗縣,大窩段
0093,0294-0000,苗栗縣,大窩段
0093,0301-0000,苗栗縣,大窩
0093,0302-0000,苗栗縣,大窩段
0093,0302-0001,苗栗縣,大窩段
0093,0306-0000,苗栗縣,大窩
0093,0310-0000,苗栗縣,大窩段
0093,0507-0000,苗栗縣,大窩段
0093,0508-0000,苗栗縣,大窩段
0093,0570-0060,苗栗縣,大窩段
0093,0573-0000,苗栗縣,大窩段
0093,0597-0000,苗栗縣,大窩段
0093,0598-0000,苗栗縣,大窩段
0093,0603-0000,苗栗縣,大窩段
0093,0605-0000,苗栗縣,大窩段
0094,0128-0000,苗栗縣,新坪頂段
0094,0169-0000,苗栗縣,新坪頂段
0094,0177-0000,苗栗縣,新坪頂段
0094,0422-0000,苗栗縣,新坪頂段
0094,0621-0000,苗栗縣,新坪頂段
0094,0817-0000,苗栗縣,新坪頂段
0094,0818-0000,苗栗縣,新坪頂段
0094,0819-0000,苗栗縣,新坪頂段
0094,0832-0000,苗栗縣,新坪頂段
0095,0023-0000,苗栗縣,新橫坑段
0095,0023-0001,苗栗縣,新橫坑段
0095,0060-0000,苗栗縣,新橫坑段
0095,0091-0000,苗栗縣,新橫坑段
0095,0101-0000,苗栗縣,新橫坑段
0095,0457-0000,苗栗縣,新橫坑段
0095,0509-0000,苗栗縣,新橫坑段
0095,0545-0000,苗栗縣,新橫坑段
0095,0922-0000,苗栗縣,新橫坑段
0096,0029-0000,苗栗縣,食水坑段
0096,0155-0000,苗栗縣,食水坑段
0096,0158-0000,苗栗縣,食水坑段
0096,0159-0000,苗栗縣,食水坑段
0096,0159-0001,苗栗縣,食水坑段
0096,0159-0002,苗栗縣,食水坑段
0096,0170-0000,苗栗縣,食水坑段
0096,0170-0001,苗栗縣,食水坑段
0096,0170-0002,苗栗縣,食水坑段
0096,0188-0000,南投縣,虎子坑
0096,0326-0000,苗栗縣,食水坑段
0096,0336-0000,苗栗縣,食水坑段
0096,0344-0000,南投縣,虎子坑
0096,0374-0000,苗栗縣,食水坑段
0096,0425-0000,苗栗縣,食水坑段
0096,0502-0000,苗栗縣,食水坑段
0096,0596-0000,苗栗縣,食水坑段
0096,0613-0000,苗栗縣,食水坑段
0097,0006-0000,苗栗縣,南昌段
0097,0007-0000,苗栗縣,南昌段
0097,0011-0000,苗栗縣,南昌段
0097,0019-0000,苗栗縣,南昌段
0097,0024-0001,苗栗縣,南昌段
0097,0223-0000,苗栗縣,南昌段
0097,0228-0000,苗栗縣,南昌段
0097,0230-0000,苗栗縣,南昌段
0097,0259-0000,苗栗縣,南昌段
0097,0261-0000,苗栗縣,南昌段
0097,0347-0000,苗栗縣,南昌段
0097,0366-0000,苗栗縣,南昌段
0097,0372-0000,苗栗縣,南昌段
0097,0498-0000,苗栗縣,南昌段
0097,0499-0000,苗栗縣,南昌段
0097,0500-0000,苗栗縣,南昌段
0097,0504-0000,苗栗縣,南昌段
0097,0572-0000,南投縣,新光
0097,0572-0002,南投縣,新光
0097,1365-0000,苗栗縣,南昌段
0098,0014-0000,苗栗縣,義和段
0098,0200-0000,苗栗縣,義和段
0098,0400-0000,苗栗縣,義和段
0098,0405-0000,苗栗縣,義和段
0098,0511-0000,南投縣,北田子段
0098,0512-0000,南投縣,北田子段
0098,0537-0000,南投縣,北田子
0098,0642-0000,苗栗縣,義和段
0098,0644-0000,苗栗縣,義和段
0098,0645-0000,苗栗縣,義和段
0098,0653-0000,苗栗縣,義和段
0098,0657-0000,苗栗縣,義和段
0098,0672-0000,苗栗縣,義和段
0098,0684-0000,苗栗縣,義和
0098,0685-0000,苗栗縣,義和段
0098,0691-0000,苗栗縣,義和段
0098,0709-0000,苗栗縣,義和段
0099,0083-0000,南投縣,南田子段
0099,0098-0000,南投縣,南田子段
0099,0201-0000,南投縣,南田子
0099,0364-0000,南投縣,南田子段
0099,0613-0000,南投縣,南田仔
0099,0614-0000,南投縣,南田子段
0099,0635-0000,南投縣,南田子段
0099,0709-0000,南投縣,南田子段
0099,1011-0000,南投縣,南田子
0099,1156-0000,南投縣,南田子
0099,1560-0000,南投縣,南田子
0101,0437-0000,臺東縣,大濱段重安小段
0102,0193-0000,臺東縣,小湊段石傘小段
0102,0362-0000,臺東縣,小湊段石傘小段
0102,0363-0000,臺東縣,小湊段石傘小段
0102,0363-0001,臺東縣,小湊段石傘小段
0102,0363-0002,臺東縣,小湊段石傘小段
0102,0363-0003,臺東縣,小湊段石傘小段
0105,0241-0002,南投縣,坪頂
0107,0023-0000,花蓮縣,南坑段
0107,0324-0000,臺東縣,新港段新港小段
0107,0330-0005,臺東縣,新港段
0107,0683-0000,臺東縣,新港段新港小段
0107,0953-0000,臺東縣,新港段新港小段
0107,1005-0000,臺東縣,新港段
0108,0227-0006,臺東縣,新港段八邊小段
0113,0185-0000,臺東縣,高原段
0113,0196-0000,臺東縣,高原段
0113,0196-0001,臺東縣,高原段
0113,0196-0002,臺東縣,高原段
0113,0241-0000,臺東縣,高原段
0113,0268-0000,臺東縣,高原段
0113,0286-0005,臺東縣,高原段
0113,0286-0007,臺東縣,高原段
0113,0390-0000,臺東縣,高原段
0113,0390-0001,臺東縣,高原段
0113,0390-0002,臺東縣,高原段
0113,0525-0000,苗栗縣,福基段
0113,0527-0096,苗栗縣,福基段
0113,0527-0099,苗栗縣,福基段
0113,0547-0134,苗栗縣,福基段
0113,0771-0001,臺東縣,高原段
0113,0847-0001,臺東縣,高原段
0113,0851-0000,臺東縣,高原段
0113,0852-0000,臺東縣,高原段
0113,0871-0000,臺東縣,高原段
0113,0873-0000,臺東縣,高原段
0113,0874-0000,臺東縣,高原段
0113,0891-0000,臺東縣,高原段
0113,0894-0000,臺東縣,高原段
0113,0895-0000,臺東縣,高原段
0113,0899-0000,臺東縣,高原段
0113,0900-0000,臺東縣,高原段
0113,0900-0004,臺東縣,高原段
0113,0901-0002,臺東縣,高原段
0113,0902-0001,臺東縣,高原段
0113,0909-0000,臺東縣,高原段
0113,0910-0000,臺東縣,高原段
0113,0928-0000,臺東縣,高原段
0113,0929-0000,臺東縣,高原段
0113,1186-0000,臺東縣,高原段
0113,1346-0000,臺東縣,高原段
0113,1375-0000,臺東縣,高原段
0113,1387-0000,臺東縣,高原段
0113,1388-0000,臺東縣,高原段
0113,1389-0000,臺東縣,高原段
0113,1457-0000,臺東縣,高原段
0113,1457-0001,臺東縣,高原段
0113,1508-0000,臺東縣,高原段
0113,1508-0002,臺東縣,高原段
0113,1509-0000,臺東縣,高原段
0113,1514-0000,臺東縣,高原段
0113,1522-0000,臺東縣,高原段
0113,1535-0000,臺東縣,高原段
0113,1536-0000,臺東縣,高原段
0113,1546-0006,臺東縣,高原段
0113,1549-0000,臺東縣,高原段
0113,1557-0000,臺東縣,高原段
0113,1673-0000,臺東縣,高原段
0113,1755-0000,臺東縣,高原段
0113,1821-0000,臺東縣,高原段
0113,1877-0000,臺東縣,高原段
0113,2122-0000,臺東縣,高原段
0113,2124-0000,臺東縣,高原段
0113,2126-0000,臺東縣,高原段
0113,2251-0000,臺東縣,高原段
0113,2572-0021,臺東縣,高原段
0114,0075-0003,苗栗縣,出礦坑段
0114,0075-0006,苗栗縣,出礦坑段
0114,0084-0022,苗栗縣,出礦坑段
0114,0313-0012,苗栗縣,出礦坑段
0114,0334-0000,苗栗縣,出礦坑段
0114,0335-0003,苗栗縣,出礦坑段
0114,0335-0004,苗栗縣,出礦坑段
0114,0335-0005,苗栗縣,出礦坑段
0114,0335-0006,苗栗縣,出礦坑段
0114,0343-0003,苗栗縣,出礦坑段
0114,0343-0007,苗栗縣,出礦坑段
0114,0343-0008,苗栗縣,出礦坑段
0114,0343-0009,苗栗縣,出礦坑段
0114,0350-0024,苗栗縣,出礦坑段
0115,0106-0000,苗栗縣,大坑段
0115,0359-0000,苗栗縣,大坑段
0115,0504-0000,苗栗縣,大坑段
0115,1057-0000,苗栗縣,大坑段
0116,0104-0000,臺東縣,北佳里段
0116,0114-0000,臺東縣,北佳里段
0116,0115-0000,臺東縣,北佳里段
0116,0116-0000,臺東縣,北佳里段
0118,0231-0000,臺東縣,都蘭段
0118,0232-0000,臺東縣,都蘭段
0118,0233-0000,臺東縣,都蘭段
0118,0235-0000,臺東縣,都蘭段
0118,1517-0075,臺東縣,都蘭段
0121,0636-0000,苗栗縣,尖山段
0122,0700-0002,苗栗縣,南河段
0122,0787-0001,苗栗縣,南河段
0122,1008-0005,苗栗縣,南河段
0122,1153-0000,彰化縣,新快官段
0123,0066-0007,苗栗縣,北河段
0123,0066-0019,苗栗縣,北河段
0123,0066-0020,苗栗縣,北河段
0123,0431-0011,苗栗縣,北河段
0123,0431-0055,苗栗縣,北河段
0123,0435-0000,苗栗縣,北河段
0123,0435-0002,苗栗縣,北河段
0123,0435-0007,苗栗縣,北河段
0123,0435-0008,苗栗縣,北河段
0123,0435-0038,苗栗縣,北河段
0123,0435-0039,苗栗縣,北河段
0123,0443-0015,苗栗縣,北河段
0123,0443-0016,苗栗縣,北河段
0123,0443-0017,苗栗縣,北河段
0123,0443-0041,苗栗縣,北河段
0123,0447-0004,苗栗縣,北河段
0123,0447-0006,苗栗縣,北河段
0123,0447-0007,苗栗縣,北河段
0124,1378-0000,彰化縣,福田段
0125,0105-0003,臺東縣,中濱段掃別小段
0125,0569-0001,臺東縣,中濱段掃別小段
0125,0608-0000,彰化縣,新舊社段
0125,0621-0000,彰化縣,新舊社段
0128,0074-0000,彰化縣,德興段
0128,0200-0000,臺東縣,城山段八桑安小段
0130,0323-0000,苗栗縣,新雞隆段
0130,0350-0001,苗栗縣,新雞隆段
0130,0352-0001,苗栗縣,新雞隆段
0130,0477-0001,苗栗縣,新雞隆段
0130,0478-0000,苗栗縣,新雞隆段
0130,0667-0000,苗栗縣,新雞隆段
0130,0820-0001,苗栗縣,新雞隆段
0130,0820-0003,苗栗縣,新雞隆段
0130,0821-0000,苗栗縣,新雞隆段
0130,0916-0000,苗栗縣,新雞隆段
0130,0981-0001,苗栗縣,新雞隆段
0130,1003-0001,苗栗縣,新雞隆段
0130,1006-0001,苗栗縣,新雞隆段
0130,1006-0002,苗栗縣,新雞隆段
0130,1356-0002,苗栗縣,新雞隆段
0130,1362-0000,苗栗縣,新雞隆段
0130,1362-0020,苗栗縣,新雞隆段
0130,1365-0000,苗栗縣,新雞隆段
0130,1366-0000,苗栗縣,新雞隆段
0130,1585-0166,苗栗縣,新雞隆段
0130,1585-0338,苗栗縣,新雞隆段
0130,1585-0396,苗栗縣,新雞隆段
0130,1585-0733,苗栗縣,新雞隆段
0130,1631-0000,苗栗縣,新雞隆段
0130,1632-0000,苗栗縣,新雞隆段
0130,1684-0000,苗栗縣,新雞隆段
0130,1793-0058,苗栗縣,新雞隆段
0130,1793-0059,苗栗縣,新雞隆段
0130,1793-0091,苗栗縣,新雞隆段
0130,1793-0092,苗栗縣,新雞隆段
0130,1793-0096,苗栗縣,新雞隆段
0130,1793-0216,苗栗縣,新雞隆段
0130,1793-0218,苗栗縣,新雞隆段
0130,1793-0226,苗栗縣,新雞隆段
0130,1793-0244,苗栗縣,新雞隆段
0130,1793-0270,苗栗縣,新雞隆段
0130,1796-0000,苗栗縣,新雞隆段
0130,1878-0000,苗栗縣,新雞隆段
0130,1879-0000,苗栗縣,新雞隆段
0130,1880-0000,苗栗縣,新雞隆段
0130,1880-0001,苗栗縣,新雞隆段
0130,1880-0002,苗栗縣,新雞隆段
0130,1910-0000,苗栗縣,新雞隆段
0130,1991-0013,苗栗縣,新雞隆段
0130,1997-0071,苗栗縣,新雞隆段
0130,2155-0002,苗栗縣,新雞隆段
0130,2155-0003,苗栗縣,新雞隆段
0130,2264-0000,苗栗縣,新雞隆段
0130,2452-0011,苗栗縣,新雞隆段
0130,2452-0026,苗栗縣,新雞隆段
0130,2608-0000,苗栗縣,新雞隆段
0130,2616-0007,苗栗縣,新雞隆段
0130,2616-0013,苗栗縣,新雞隆段
0130,2616-0014,苗栗縣,新雞隆段
0130,2736-0000,苗栗縣,新雞隆段
0130,2759-0012,苗栗縣,新雞隆段
0130,2774-0000,苗栗縣,新雞隆段
0131,0050-0000,苗栗縣,老雞隆段
0131,0614-0000,苗栗縣,老雞隆段
0131,0916-0020,苗栗縣,老雞隆段
0131,0968-0010,苗栗縣,老雞隆段
0133,0297-0004,苗栗縣,竹圍段
0135,0274-0291,苗栗縣,三叉段
0135,0414-0008,苗栗縣,三叉
0136,0034-0000,苗栗縣,雙草湖
0136,0243-0000,苗栗縣,雙草湖
0136,0273-0002,苗栗縣,雙草湖段
0136,0276-0000,苗栗縣,雙草湖段
0136,0318-0001,苗栗縣,雙草湖
0136,0384-0019,苗栗縣,雙草湖段
0136,0384-0060,苗栗縣,雙草湖段
0136,0384-0108,苗栗縣,雙草湖段
0136,0384-0158,苗栗縣,雙草湖段
0136,0384-0179,苗栗縣,雙草湖
0136,0384-0279,苗栗縣,雙草湖段
0136,0384-0453,苗栗縣,雙草湖段
0136,0384-0454,苗栗縣,雙草湖段
0136,0390-0008,苗栗縣,雙草湖段
0136,0391-0002,苗栗縣,雙草湖段
0136,0500-0341,苗栗縣,雙草湖段
0136,0560-0005,苗栗縣,雙草湖段
0136,0560-0006,苗栗縣,雙草湖段
0136,0562-0000,苗栗縣,雙草湖段
0136,0572-0033,苗栗縣,雙草湖段
0136,0572-0037,苗栗縣,雙草湖段
0137,0223-0007,苗栗縣,雙連潭段
0137,0240-0001,苗栗縣,雙連潭段
0137,0365-0002,苗栗縣,雙連潭段
0137,0365-0006,苗栗縣,雙連潭段
0137,0365-0007,苗栗縣,雙連潭段
0137,0366-0000,苗栗縣,雙連潭段
0137,0367-0001,苗栗縣,雙連潭段
0137,0381-0031,苗栗縣,雙連潭段
0137,0491-0001,苗栗縣,雙連潭段
0137,0514-0050,苗栗縣,雙連潭段
0137,0514-0066,苗栗縣,雙連潭段
0137,0568-0000,苗栗縣,雙連潭段
0137,0590-0027,苗栗縣,雙連潭段
0137,0590-0037,苗栗縣,雙連潭段
0137,0590-0042,苗栗縣,雙連潭段
0137,0590-0043,苗栗縣,雙連潭段
0137,0590-0044,苗栗縣,雙連潭段
0137,0604-0001,苗栗縣,雙連潭段
0137,0618-0008,苗栗縣,雙連潭段
0137,0627-0013,苗栗縣,雙連潭段
0137,0627-0014,苗栗縣,雙連潭段
0137,0636-0000,苗栗縣,雙連潭段
0137,0638-0047,苗栗縣,雙連潭段
0137,0721-0000,苗栗縣,雙連潭段
0137,0722-0000,苗栗縣,雙連潭段
0137,0723-0005,苗栗縣,雙連潭段
0137,0724-0000,苗栗縣,雙連潭段
0137,0729-0011,苗栗縣,雙連潭段
0137,0729-0033,苗栗縣,雙連潭段
0137,0737-0000,苗栗縣,雙連潭段
0137,0766-0000,苗栗縣,雙連潭段
0137,0767-0000,苗栗縣,雙連潭段
0137,0781-0043,苗栗縣,雙連潭段
0137,0781-0044,苗栗縣,雙連潭段
0137,0799-0001,苗栗縣,雙連潭段
0137,0805-0043,苗栗縣,雙連潭段
0137,0805-0059,苗栗縣,雙連潭段
0137,0805-0099,苗栗縣,雙連潭段
0137,0805-0125,苗栗縣,雙連潭段
0137,0838-0011,苗栗縣,雙連潭段
0137,0838-0014,苗栗縣,雙連潭
0137,0838-0070,苗栗縣,雙連潭
0137,0838-0071,苗栗縣,雙連潭段
0137,0838-0072,苗栗縣,雙連潭段
0137,0838-0073,苗栗縣,雙連潭段
0137,0850-0094,苗栗縣,雙連潭段
0137,0863-0003,苗栗縣,雙連潭段
0139,0272-0006,苗栗縣,拐子湖
0139,0457-0002,苗栗縣,拐子湖段
0139,0479-0248,苗栗縣,拐子湖
0140,0007-0001,苗栗縣,魚藤坪段
0140,0014-0039,苗栗縣,魚藤坪段
0140,0017-0021,苗栗縣,魚藤坪段
0140,0017-0023,苗栗縣,魚藤坪段
0140,0050-0000,苗栗縣,魚藤坪段
0140,0051-0000,苗栗縣,魚藤坪段
0140,0051-0001,苗栗縣,魚藤坪段
0140,0052-0000,苗栗縣,魚藤坪段
0140,0053-0000,苗栗縣,魚藤坪段
0140,0053-0001,苗栗縣,魚藤坪段
0140,0140-0279,苗栗縣,魚藤坪段
0140,0140-0880,苗栗縣,魚藤坪段
0140,0140-0909,苗栗縣,魚藤坪段
0140,0140-0944,苗栗縣,魚藤坪段
0140,0152-0006,苗栗縣,魚藤坪段
0140,0161-0000,苗栗縣,魚藤坪段
0140,0161-0002,苗栗縣,魚藤坪段
0140,0205-0101,苗栗縣,魚藤坪段
0140,0343-0015,苗栗縣,魚藤坪段
0140,0401-0000,苗栗縣,魚藤坪段
0140,0423-0045,苗栗縣,魚藤坪
0141,0442-0000,苗栗縣,鴨母坑段
0141,0443-0000,苗栗縣,鴨母坑段
0141,0452-0000,苗栗縣,鴨母坑段
0141,1116-0000,苗栗縣,鴨母坑段
0141,1119-0000,苗栗縣,鴨母坑段
0141,1120-0000,苗栗縣,鴨母坑段
0141,1122-0001,苗栗縣,鴨母坑段
0141,1128-0000,苗栗縣,鴨母坑段
0145,0199-0002,臺東縣,城山段八桑安小段
0147,0910-0000,苗栗縣,頭屋段
0148,0812-0000,苗栗縣,外獅潭段
0148,0874-0000,臺東縣,南河段
0149,0135-0000,花蓮縣,北坑段
0149,0137-0000,花蓮縣,北坑段
0149,0385-0000,花蓮縣,北坑段
0149,0413-0000,苗栗縣,仁隆段
0149,0414-0001,苗栗縣,仁隆段
0149,0415-0001,苗栗縣,仁隆段
0149,0577-0000,花蓮縣,北坑段
0150,0139-0002,花蓮縣,中坑段
0150,0139-0003,花蓮縣,中坑段
0150,0288-0000,花蓮縣,中坑段
0150,0495-0000,花蓮縣,中坑段
0150,0496-0000,花蓮縣,中坑段
0150,0551-0000,花蓮縣,中坑段
0150,0552-0000,花蓮縣,中坑段
0150,0553-0000,花蓮縣,中坑段
0150,0554-0000,花蓮縣,中坑段
0150,0555-0000,花蓮縣,中坑段
0150,0585-0000,花蓮縣,中坑段
0150,0627-0000,花蓮縣,中坑段
0150,0628-0000,花蓮縣,中坑段
0150,0629-0000,花蓮縣,中坑段
0150,0632-0000,花蓮縣,中坑段
0150,0700-0000,花蓮縣,中坑段
0151,0366-0058,苗栗縣,枋寮坑段
0151,0414-0000,苗栗縣,枋寮坑段
0151,0414-0001,苗栗縣,枋寮坑段
0151,0414-0002,苗栗縣,枋寮坑段
0151,0414-0003,苗栗縣,枋寮坑段
0151,0542-0000,苗栗縣,枋寮坑段
0153,0749-0007,苗栗縣,二岡坪段天花湖小段
0153,0749-0008,苗栗縣,二岡坪段天花湖小段
0153,0789-000,花蓮縣,明月段
0153,0789-0001,花蓮縣,明月段
0153,0789-0002,花蓮縣,明月段
0155,0078-0004,臺東縣,坪頂段
0155,0192-0000,花蓮縣,米棧段
0156,0260-0000,花蓮縣,草鼻段
0156,0609-0000,臺東縣,仙民段
0158,0169-0000,臺東縣,七里段
0158,0169-0001,臺東縣,七里段
0158,0170-0000,臺東縣,七里段
0158,0170-0001,臺東縣,七里段
0158,0175-0000,臺東縣,七里段
0158,0176-0000,臺東縣,七里段
0158,0221-0000,南投縣,平西段
0158,0229-0000,南投縣,平西段
0161,0335-0000,臺東縣,藍寶段
0162,0270-0000,臺東縣,那界段
0162,0274-0000,臺東縣,那界段
0162,0275-0000,臺東縣,那界段
0162,0535-0001,南投縣,新雙龍段
0170,0673-0001,宜蘭縣,松羅段
0170,1075-0000,宜蘭縣,松羅段
0170,1076-0000,宜蘭縣,松羅段
0170,1081-0000,宜蘭縣,松羅段
0170,1091-0000,宜蘭縣,松羅段
0170,1092-0000,宜蘭縣,松羅段
0170,1093-0000,宜蘭縣,松羅段
0170,1094-0000,宜蘭縣,松羅段
0170,1095-0000,宜蘭縣,松羅段
0170,1113-0000,宜蘭縣,松羅段
0170,1139-0000,宜蘭縣,松羅段
0170,1148-0000,宜蘭縣,松羅段
0170,1148-0002,宜蘭縣,松羅段
0170,1149-0000,宜蘭縣,松羅段
0170,1149-0002,宜蘭縣,松羅段
0170,1149-0003,宜蘭縣,松羅段
0170,1150-0000,宜蘭縣,松羅段
0170,1150-0002,宜蘭縣,松羅段
0170,1151-0000,宜蘭縣,松羅段
0170,1173-0000,宜蘭縣,松羅段
0170,1204-0000,宜蘭縣,松羅段
0170,1216-0000,宜蘭縣,松羅段
0170,1216-0001,宜蘭縣,松羅段
0170,1216-0003,宜蘭縣,松羅段
0170,1216-0006,宜蘭縣,松羅段
0170,1217-0000,宜蘭縣,松羅段
0170,1218-0000,宜蘭縣,松羅段
0170,1219-0000,宜蘭縣,松羅段
0170,1219-0002,宜蘭縣,松羅段
0170,1219-0006,宜蘭縣,松羅段
0170,1219-0007,宜蘭縣,松羅段
0170,1219-0009,宜蘭縣,松羅段
0170,1234-0000,宜蘭縣,松羅段
0170,1234-0003,宜蘭縣,松羅段
0170,1236-0000,宜蘭縣,松羅段
0170,1237-0000,宜蘭縣,松羅段
0170,1237-0002,宜蘭縣,松羅段
0170,1252-0004,宜蘭縣,松羅段
0170,1299-0001,宜蘭縣,松羅段
0170,1303-0000,宜蘭縣,松羅段
0170,1303-0001,宜蘭縣,松羅段
0171,0770-0010,宜蘭縣,南山段
0172,0195-0000,宜蘭縣,茂安段
0172,0198-0000,宜蘭縣,茂安段
0172,0199-0000,宜蘭縣,茂安段
0173,0566-0000,南投縣,雙龍段
0176,0235-0000,臺東縣,加走灣段
0176,0235-0001,臺東縣,加走灣段
0176,0235-0002,臺東縣,加走灣段
0176,0235-0003,臺東縣,加走灣段
0176,0381-0000,臺東縣,加走灣段
0176,0382-0000,臺東縣,加走灣段
0176,0388-0000,臺東縣,加走灣段
0176,0388-0002,臺東縣,加走灣段
0176,0394-0000,臺東縣,加走灣段
0176,0395-0000,臺東縣,加走灣段
0176,0399-0000,臺東縣,加走灣段
0176,0402-0000,臺東縣,加走灣段
0177,0409-0000,宜蘭縣,寒溪段
0177,0410-0000,宜蘭縣,寒溪段
0177,0411-0000,宜蘭縣,寒溪段
0177,0412-0000,宜蘭縣,寒溪段
0177,0414-0000,宜蘭縣,寒溪段
0179,0007-0000,宜蘭縣,大元段
0179,0307-0000,南投縣,新南坪段
0179,0711-0000,南投縣,新南坪
0180,0039-0000,臺東縣,南八里段
0180,0039-0007,臺東縣,南八里段
0180,0401-0001,宜蘭縣,牛鬥段
0180,0401-0002,宜蘭縣,牛鬥段
0180,0409-0000,臺東縣,南八里段
0180,0410-0000,臺東縣,南八里段
0180,0574-0000,南投縣,新南埔段
0180,0577-0000,南投縣,新南埔段
0180,0624-0000,南投縣,新南埔
0180,1263-0000,臺東縣,南八里段
0181,0197-0000,宜蘭縣,四季段
0181,0198-0000,宜蘭縣,四季段
0181,0199-0000,宜蘭縣,四季段
0181,0200-0000,宜蘭縣,四季段
0181,0201-0000,宜蘭縣,四季段
0181,0202-0000,宜蘭縣,四季段
0181,0203-0000,宜蘭縣,四季段
0181,0204-0000,宜蘭縣,四季段
0181,0205-0000,宜蘭縣,四季段
0182,0555-0000,南投縣,新雙龍段
0182,0557-0000,南投縣,新雙龍
0182,0569-0000,南投縣,新雙龍
0183,0134-0000,南投縣,中潭
0183,0184-0000,南投縣,中潭段
0183,0805-0000,南投縣,中潭
0183,1074-0000,南投縣,中潭
0184,0244-0000,南投縣,山茶段
0184,0285-0000,南投縣,山茶段
0184,0559-0000,南投縣,山茶段
0184,0596-0000,南投縣,山茶段
0184,0614-0000,南投縣,山茶段
0184,0651-0000,南投縣,山茶段
0184,0676-0000,南投縣,山茶段
0184,0676-0001,南投縣,山茶段
0185,0533-0000,臺東縣,和平南段
0185,0551-0000,臺東縣,和平南段
0203,0062-0000,臺東縣,鹿野段
0203,0063-0000,臺東縣,鹿野段
0203,0151-0000,臺東縣,鹿野段
0203,0151-0001,臺東縣,鹿野段
0203,0220-0000,臺東縣,鹿野段
0203,0850-0000,苗栗縣,聯大段
0203,1579-0000,苗栗縣,聯大段
0203,2332-0000,臺東縣,鹿野段
0204,4255-0000,臺東縣,大原段
0205,3153-0000,臺東縣,池上段
0205,3163-0000,臺東縣,池上段
0205,3164-0000,臺東縣,池上段
0207,0743-0000,臺東縣,萬安段水墜小段
0208,0066-0000,臺東縣,鸞山段
0208,0071-0001,臺東縣,鸞山段
0208,0073-0000,臺東縣,鸞山段
0208,0073-0001,臺東縣,鸞山段
0208,0073-0003,臺東縣,鸞山段
0208,0074-0000,臺東縣,鸞山段
0208,0074-0005,臺東縣,鸞山段
0208,0088-0000,臺東縣,鸞山段
0208,0088-0001,臺東縣,鸞山段
0208,0111-0000,臺東縣,鸞山段
0208,0112-0000,臺東縣,鸞山段
0208,0113-0000,臺東縣,鸞山段
0208,0113-0001,臺東縣,鸞山段
0208,0275-0000,臺東縣,鸞山段
0208,0316-0000,臺東縣,鸞山段
0208,0318-0000,臺東縣,鸞山段
0208,0349-0000,臺東縣,鸞山段
0208,0349-0001,臺東縣,鸞山段
0208,0349-0003,臺東縣,鸞山段
0208,0350-0000,臺東縣,鸞山段
0208,0350-0002,臺東縣,鸞山段
0208,0358-0000,臺東縣,鸞山段
0208,0358-0002,臺東縣,鸞山段
0208,0365-0000,臺東縣,鸞山段
0208,0365-0002,臺東縣,鸞山段
0208,0468-0000,臺東縣,鸞山段
0208,0469-0000,臺東縣,鸞山段
0208,0470-0000,臺東縣,鸞山段
0208,0472-0000,臺東縣,鸞山段
0208,0476-0003,臺東縣,鸞山段
0208,0481-0000,臺東縣,鸞山段
0208,0481-0001,臺東縣,鸞山段
0208,0498-0001,臺東縣,鸞山段
0208,0537-0000,臺東縣,鸞山段
0208,0617-0000,臺東縣,鸞山段
0208,0618-0000,臺東縣,鸞山段
0208,0618-0001,臺東縣,鸞山段
0208,0626-0001,臺東縣,鸞山段
0208,0632-0006,臺東縣,鸞山段
0208,0652-0000,臺東縣,鸞山段
0208,0739-0001,臺東縣,鸞山段
0208,0743-0003,臺東縣,鸞山段
0208,0761-0000,臺東縣,鸞山段
0208,0762-0000,臺東縣,鸞山段
0208,0765-0000,臺東縣,鸞山段
0208,0768-0000,臺東縣,鸞山段
0208,0768-0001,臺東縣,鸞山段
0208,0768-0002,臺東縣,鸞山段
0208,0775-0000,臺東縣,鸞山段
0208,0777-0000,臺東縣,鸞山段
0208,0793-0000,臺東縣,鸞山段
0208,0795-0000,臺東縣,鸞山段
0208,0814-0000,臺東縣,鸞山段
0208,0821-0000,臺東縣,鸞山段
0208,0891-0000,臺東縣,鸞山段
0208,0915-0000,臺東縣,鸞山段
0208,1005-0000,臺東縣,鸞山段
0208,1006-0000,臺東縣,鸞山段
0208,1007-0000,臺東縣,鸞山段
0208,1023-0000,臺東縣,鸞山段
0208,1027-0000,臺東縣,鸞山段
0208,1032-0000,臺東縣,鸞山段
0208,1052-0000,臺東縣,鸞山段
0208,1095-0000,臺東縣,鸞山段
0208,1098-0000,臺東縣,鸞山段
0208,1098-0002,臺東縣,鸞山段
0208,1098-0003,臺東縣,鸞山段
0208,1141-0000,臺東縣,鸞山段
0208,1142-0000,臺東縣,鸞山段
0208,1143-0000,臺東縣,鸞山段
0209,0005-0178,南投縣,桃米坑
0209,0005-0190,南投縣,桃米坑
0209,0030-0000,新竹縣,大旱坑段小東坑小段
0209,0236-0033,南投縣,桃米坑
0209,0236-0036,南投縣,桃米坑
0209,0237-0000,臺東縣,康源段
0209,0242-0000,臺東縣,康源段
0209,0251-0000,臺東縣,康源段
0209,0252-0000,臺東縣,康源段
0209,0254-0000,臺東縣,康源段
0209,0268-0000,臺東縣,康源段
0209,0806-0000,臺東縣,康源段
0209,0807-0000,臺東縣,康源段
0209,0848-0000,臺東縣,康源段
0209,0884-0000,臺東縣,康源段
0209,0885-0000,臺東縣,康源段
0209,0886-0000,臺東縣,康源段
0209,1513-0000,南投縣,桃米坑段
0209,1542-0002,南投縣,桃米坑段
0209,1566-0000,南投縣,桃米坑段
0209,1761-0000,南投縣,桃米坑
0209,1957-0000,南投縣,桃米坑
0209,2082-0000,南投縣,桃米坑段
0209,2083-0000,南投縣,桃米坑段
0209,2269-0002,南投縣,桃米坑
0209,2273-0000,南投縣,桃米坑
0209,2388-0000,南投縣,桃米坑段
0209,2581-0000,南投縣,桃米坑
0210,0104-0000,臺東縣,紅葉段
0210,0105-0000,臺東縣,紅葉段
0210,0148-0000,臺東縣,紅葉段
0210,0154-0000,臺東縣,紅葉段
0210,0155-0000,臺東縣,紅葉段
0210,0172-0000,臺東縣,紅葉段
0210,0172-0001,臺東縣,紅葉段
0210,0176-0000,臺東縣,紅葉段
0210,0222-0000,臺東縣,紅葉段
0210,0229-0000,臺東縣,紅葉段
0210,0231-0000,臺東縣,紅葉段
0210,0482-0000,臺東縣,紅葉段
0210,0483-0000,臺東縣,紅葉段
0210,0484-0000,臺東縣,紅葉段
0210,0626-0000,臺東縣,紅葉段
0210,0626-0014,臺東縣,紅葉段
0210,0659-0000,臺東縣,紅葉段
0210,0668-0000,臺東縣,紅葉段
0210,0765-0001,臺東縣,紅葉段
0210,0766-0001,臺東縣,紅葉段
0210,0766-0002,臺東縣,紅葉段
0210,0767-0001,臺東縣,紅葉段
0210,0767-0002,臺東縣,紅葉段
0210,0768-0000,臺東縣,紅葉段
0210,0791-0000,臺東縣,紅葉段
0210,0816-0000,臺東縣,紅葉段
0210,0972-0000,臺東縣,紅葉段
0210,1075-0000,臺東縣,紅葉段
0210,1078-0000,臺東縣,紅葉段
0210,1086-0000,臺東縣,紅葉段
0210,1123-0000,臺東縣,紅葉段
0210,1124-0000,臺東縣,紅葉段
0210,1125-0000,臺東縣,紅葉段
0210,1126-0000,臺東縣,紅葉段
0210,1127-0000,臺東縣,紅葉段
0210,1128-0000,臺東縣,紅葉段
0210,1139-0000,臺東縣,紅葉段
0210,1231-0000,臺東縣,紅葉段
0210,1231-0002,臺東縣,紅葉段
0210,1231-0003,臺東縣,紅葉段
0211,0016-0000,臺東縣,永陵段
0212,0149-0000,臺東縣,武陵段
0212,0150-0000,臺東縣,武陵段
0212,0245-0000,臺東縣,武陵段
0212,0245-0002,臺東縣,武陵段
0212,0818-0000,臺東縣,武陵段
0212,0818-0001,臺東縣,武陵段
0213,0116-0000,臺東縣,海端段
0213,0116-0001,臺東縣,海端段
0213,0116-0002,臺東縣,海端段
0213,0127-0000,臺東縣,海端段
0213,0144-0000,臺東縣,海端段
0213,0144-0001,臺東縣,海端段
0213,0144-0004,臺東縣,海端段
0213,0144-0005,臺東縣,海端段
0213,0272-0000,臺東縣,海端段
0213,0314-0000,臺東縣,海端段
0213,0343-0000,臺東縣,海端段
0213,0382-0001,臺東縣,海端段
0213,0382-0002,臺東縣,海端段
0213,0382-0003,臺東縣,海端段
0213,0382-0004,臺東縣,海端段
0213,0383-0000,臺東縣,海端段
0213,0384-0000,臺東縣,海端段
0213,0473-0000,臺東縣,海端段
0213,0474-0000,臺東縣,海端段
0213,0485-0000,臺東縣,海端段
0213,0616-0000,臺東縣,海端段
0213,0619-0000,臺東縣,海端段
0213,0880-0000,臺東縣,海端段
0213,1049-0000,臺東縣,海端段
0213,1049-0001,臺東縣,海端段
0213,1079-0000,臺東縣,海端段
0214,0005-0000,臺東縣,紅石段
0214,0006-0004,臺東縣,紅石段
0214,0082-0000,臺東縣,紅石段
0214,0090-0000,臺東縣,紅石段
0214,0090-0001,臺東縣,紅石段
0214,0090-0002,臺東縣,紅石段
0214,0093-0000,臺東縣,紅石段
0214,0093-0001,臺東縣,紅石段
0214,0104-0000,臺東縣,紅石段
0214,0207-0001,臺東縣,紅石段
0215,0654-0000,臺東縣,加拿段
0215,0655-0000,臺東縣,加拿段
0216,0568-0000,臺東縣,廣原段
0216,0568-0003,臺東縣,廣原段
0216,0582-0000,南投縣,福興
0216,0585-0000,南投縣,福興
0216,0598-0000,臺東縣,廣原段
0216,0600-0000,臺東縣,廣原段
0216,0605-0000,臺東縣,廣原段
0216,0634-0000,南投縣,福興段
0216,0679-0000,臺東縣,新廣原段
0216,0679-0001,臺東縣,新廣原段
0216,0679-0002,臺東縣,新廣原段
0216,0680-0000,臺東縣,新廣原段
0217,0259-0000,新竹縣,拱子溝段
0217,0259-0001,新竹縣,拱子溝段
0218,0168-0001,臺東縣,霧鹿段
0218,0168-0002,臺東縣,霧鹿段
0218,0223-0000,臺東縣,霧鹿段
0218,0224-0000,臺東縣,霧鹿村
0219,0027-0000,臺東縣,崁頂段
0219,0030-0000,臺東縣,崁頂段
0219,0030-0001,臺東縣,崁頂段
0219,0039-0000,臺東縣,崁頂段
0219,0444-0000,臺東縣,崁頂段
0219,0598-0000,臺東縣,崁頂段
0219,0599-0000,臺東縣,崁頂段
0219,0607-0000,臺東縣,崁頂段
0219,0613-0000,臺東縣,崁頂段
0219,0615-0000,臺東縣,崁頂段
0220,1018-0031,南投縣,水頭
0220,1036-0109,南投縣,水頭
0220,1036-0115,南投縣,水頭
0220,1036-0116,南投縣,水頭
0225,0003-0001,南投縣,大林段
0226,0167-0003,南投縣,司馬按
0227,0362-0034,南投縣,木屐囒段
0228,0083-0080,南投縣,加道坑
0228,0083-0276,南投縣,加道坑
0228,0083-0278,南投縣,加道坑
0228,0156-0000,臺東縣,高台段
0228,0157-0000,臺東縣,高台段
0228,0157-0002,臺東縣,高台段
0228,0284-0000,臺東縣,高台段
0229,0784-0000,屏東縣,德文段
0229,0859-0000,屏東縣,德文段
0229,1090-0000,屏東縣,德文段
0233,0195-0001,南投縣,貓囒段
0233,0275-0003,南投縣,貓囒段
0234,0389-0003,花蓮縣,豐仁段
0238,0019-0002,南投縣,大雁
0238,0027-0001,南投縣,大雁
0238,0028-0000,南投縣,大雁
0238,0046-0003,南投縣,大雁
0238,0049-0006,南投縣,大雁段
0238,0063-0019,南投縣,大雁
0238,0136-0007,南投縣,大雁
0238,0147-0126,南投縣,大雁
0238,0253-0000,臺東縣,北溪段
0238,0256-0000,臺東縣,北溪段
0238,0257-0000,臺東縣,北溪段
0238,0289-0000,臺東縣,北溪段
0238,0290-0000,臺東縣,北溪段
0238,0292-0000,臺東縣,北溪段
0238,0293-0000,臺東縣,北溪段
0238,0294-0000,臺東縣,北溪段
0239,0048-0001,南投縣,國姓段
0239,0061-0006,南投縣,國姓段
0239,0061-0011,南投縣,國姓段
0239,0072-0003,南投縣,國姓
0239,0072-0010,南投縣,國姓
0239,0073-0007,南投縣,國姓
0239,0312-0003,南投縣,國姓
0239,0581-0000,南投縣,國姓
0239,0854-0000,南投縣,國姓
0239,0886-0001,南投縣,國姓段
0239,0890-0001,南投縣,國姓段
0239,0897-0000,南投縣,國姓段
0239,1031-0000,南投縣,國姓段
0239,1038-0000,南投縣,國姓
0239,1355-0000,南投縣,國姓
0239,1411-0000,南投縣,國姓
0239,1983-0000,南投縣,國姓
0240,0002-0049,南投縣,龜子頭段
0240,0003-0411,南投縣,龜子頭
0240,0003-0413,南投縣,龜子頭
0241,0038-0014,南投縣,柑子林段
0241,0048-0001,南投縣,柑子林段
0241,0081-0004,南投縣,柑子林段
0241,0083-0000,南投縣,柑子林段
0241,0083-0003,南投縣,柑子林段
0241,0336-0000,臺東縣,錦園段
0241,0339-0000,臺東縣,錦園段
0241,0488-0001,南投縣,柑子林
0242,0003-0005,南投縣,墘溝段
0242,0009-0229,南投縣,墘溝段
0242,0015-0003,南投縣,墘溝段
0242,0015-0031,南投縣,墘溝
0242,0015-0032,南投縣,墘溝段
0242,0598-0002,南投縣,墘溝段
0242,0740-0000,南投縣,墘溝
0242,0802-0000,南投縣,墘溝段
0242,0894-0001,南投縣,墘溝段
0242,0975-0000,南投縣,墘溝段
0242,1039-0005,南投縣,墘溝段
0242,1144-0000,南投縣,墘溝
0242,1146-0000,南投縣,墘溝
0242,1227-0001,南投縣,墘溝段
0242,1227-0003,南投縣,墘溝段
0242,1227-0004,南投縣,墘溝段
0242,1284-0000,南投縣,墘溝
0242,1293-0000,南投縣,墘溝
0242,1293-0002,南投縣,墘溝
0242,1293-0003,南投縣,墘溝段
0242,1295-0001,南投縣,墘溝段
0242,1417-0000,南投縣,墘溝段
0242,1563-0000,南投縣,墘溝段
0242,1758-0000,南投縣,墘溝段
0242,1758-0005,南投縣,墘溝
0242,1770-0000,南投縣,墘溝段
0242,1793-0002,南投縣,墘溝
0242,1893-0000,南投縣,墘溝段
0242,1911-0010,南投縣,墘溝段
0242,1938-0000,南投縣,墘溝段
0242,1957-0000,南投縣,墘溝
0242,1964-0000,南投縣,墘溝段
0243,0001-0020,南投縣,水長流段
0243,0001-0082,南投縣,水長流段
0243,0001-0168,南投縣,水長流段
0243,0001-0380,南投縣,水長流段
0243,0001-0832,南投縣,水長流
0243,0001-0833,南投縣,水長流段
0243,0001-0837,南投縣,水長流段
0243,0001-0839,南投縣,水長流段
0243,0003-0020,南投縣,水長流
0243,0003-0036,南投縣,水長流段
0243,0003-0046,南投縣,水長流
0243,0003-0216,南投縣,水長流段
0243,0010-0001,南投縣,水長流段
0243,0011-0010,南投縣,水長流段
0243,0012-0000,南投縣,水長流段
0243,0015-0003,南投縣,水長流
0243,0015-0008,南投縣,水長流段
0243,0015-0032,南投縣,水長流
0243,0020-0028,南投縣,水長流段
0243,0020-0225,南投縣,水長流段
0243,0021-0001,南投縣,水長流段
0243,0021-0023,南投縣,水長流段
0243,0026-0013,南投縣,水長流段
0243,0026-0019,南投縣,水長流段
0243,0026-0023,南投縣,水長流段
0243,0027-0018,南投縣,水長流
0243,0028-0002,南投縣,水長流
0243,0066-0000,南投縣,水長流段
0243,0079-0012,南投縣,水長流
0243,0102-0048,南投縣,水長流段
0243,0106-0010,南投縣,水長流
0243,0127-0095,南投縣,水長流段
0243,0128-0000,臺東縣,北興段
0243,0141-0001,南投縣,水長流段
0243,0143-0001,南投縣,水長流
0243,0157-0000,南投縣,水長流
0243,1121-0000,南投縣,水長流段
0243,1263-0000,南投縣,水長流段
0243,1311-0000,南投縣,水長流段
0243,1684-0000,南投縣,水長流
0243,1703-0000,南投縣,水長流段
0243,1703-0002,南投縣,水長流段
0243,1707-0000,南投縣,水長流
0243,1722-0000,南投縣,水長流段
0243,1727-0001,南投縣,水長流段
0243,1741-0000,南投縣,水長流段
0243,1797-0000,南投縣,水長流
0243,1813-0000,南投縣,水長流
0243,2146-0001,南投縣,水長流段
0243,2165-0000,南投縣,水長流
0243,2235-0000,南投縣,水長流段
0243,2326-0000,南投縣,水長流
0243,2342-0000,南投縣,水長流段
0243,2427-0000,南投縣,水長流段
0243,2445-0001,南投縣,水長流段
0243,2452-0000,南投縣,水長流段
0243,2456-0000,南投縣,水長流段
0243,2463-0000,南投縣,水長流段
0243,2478-0000,南投縣,水長流
0243,2508-0000,南投縣,水長流
0243,2591-0000,南投縣,水長流段
0243,2778-0001,南投縣,水長流
0243,2797-0003,南投縣,水長流段
0243,2809-0000,南投縣,水長流段
0243,2859-0000,南投縣,水長流段
0243,2860-0006,南投縣,水長流段
0243,2860-0007,南投縣,水長流
0243,2860-0008,南投縣,水長流
0243,2965-0000,南投縣,水長流段
0243,3076-0000,南投縣,水長流段
0243,3087-0000,南投縣,水長流段
0243,3087-0002,南投縣,水長流段
0243,3087-0006,南投縣,水長流
0243,3102-0000,南投縣,水長流段
0243,3167-0001,南投縣,水長流段
0243,3197-0000,南投縣,水長流
0243,3365-0001,南投縣,水長流
0243,3366-0000,南投縣,水長流段
0243,3457-0000,南投縣,水長流段
0243,3526-0000,南投縣,水長流段
0243,3586-0000,南投縣,水長流段
0243,3721-0001,南投縣,水長流
0243,3856-0000,南投縣,水長流
0243,4004-0003,南投縣,水長流段
0243,4133-0000,南投縣,水長流段
0243,4134-0004,南投縣,水長流段
0243,4145-0000,南投縣,水長流段
0243,4145-0001,南投縣,水長流段
0243,4263-0000,南投縣,水長流
0243,4267-0000,南投縣,水長流
0243,4284-0001,南投縣,水長流
0243,4316-0000,南投縣,水長流段
0243,4316-0007,南投縣,水長流段
0243,4337-0000,南投縣,水長流段
0243,4379-0000,南投縣,水長流
0243,4390-0003,南投縣,水長流段
0243,4423-0000,南投縣,水長流
0243,4480-0000,南投縣,水長流段
0243,4480-0002,南投縣,水長流段
0243,4549-0000,南投縣,水長流
0243,4695-0004,南投縣,水長流
0243,4695-0005,南投縣,水長流
0243,4695-0006,南投縣,水長流
0243,4717-0000,南投縣,水長流段
0243,4747-0000,南投縣,水長流
0243,4854-0000,南投縣,水長流
0244,0010-0010,南投縣,北港溪
0244,0015-0003,南投縣,北港溪
0244,0021-0041,南投縣,北港溪段
0244,0025-0011,南投縣,北港溪段
0244,0031-0011,南投縣,北港溪段
0244,0031-0074,南投縣,北港溪
0244,0037-0083,南投縣,北港溪段
0244,0037-0093,南投縣,北港溪段
0244,0037-0265,南投縣,北港溪段
0244,"""0037-0282",南投縣,北港溪段
0244,0037-0297,南投縣,北港溪段
0244,0039-0012,南投縣,北港溪段
0244,0039-0013,南投縣,北港溪段
0244,0039-0014,南投縣,北港溪段
0244,0039-0019,南投縣,北港溪段
0244,0039-0021,南投縣,北港溪段
0244,0039-0022,南投縣,北港溪段
0244,0039-0023,南投縣,北港溪段
0244,0039-0027,南投縣,北港溪段
0244,0040-0000,南投縣,北港溪段
0244,0040-0002,南投縣,北港溪段
0244,0040-0017,南投縣,北港溪段
0244,0041-0029,南投縣,北港溪段
0244,0055-0032,南投縣,北港溪段
0244,0055-0033,南投縣,北港溪段
0244,0055-0049,南投縣,北港溪段
0244,0058-0007,南投縣,北港溪
0244,0058-0023,南投縣,北港溪
0244,0058-0025,南投縣,北港溪
0244,0058-0046,南投縣,北港溪段
0244,0058-0073,南投縣,北港溪
0244,0058-0077,南投縣,北港溪段
0244,0058-0080,南投縣,北港溪段
0244,0058-0141,南投縣,北港溪段
0244,0058-0161,南投縣,北港溪
0244,0058-0206,南投縣,北港溪段
0244,0058-0211,南投縣,北港溪
0244,0058-0264,南投縣,北港溪
0244,0058-0282,南投縣,北港溪
0244,0058-0321,南投縣,北港溪
0244,0058-0336,南投縣,北港溪
0244,0058-0407,南投縣,北港溪段
0244,0058-0458,南投縣,北港溪
0244,0058-0517,南投縣,北港溪段
0244,0058-0528,南投縣,北港溪
0244,0058-0814,南投縣,北港溪段
0244,0058-1473,南投縣,北港溪
0244,0058-1596,南投縣,北港溪段
0244,0063-0001,南投縣,北港溪
0244,0065-0007,南投縣,北港溪
0244,0065-0009,南投縣,北港溪段
0244,0065-0021,南投縣,北港溪段
0244,0066-0000,南投縣,北港溪
0244,0069-0015,南投縣,北港溪
0244,0069-0016,南投縣,北港溪
0244,0069-0020,南投縣,北港溪
0244,0069-0060,南投縣,北港溪段
0244,0069-0061,南投縣,北港溪段
0244,0070-0000,南投縣,北港溪
0244,0070-0001,南投縣,北港溪
0244,0077-0003,南投縣,北港溪段
0244,0106-0000,臺東縣,中興段
0244,0217-0001,南投縣,北港溪
0244,0283-0000,南投縣,北港溪
0244,0301-0000,南投縣,北港溪
0244,0735-0000,南投縣,北港溪
0244,0780-0000,南投縣,北港溪
0244,0925-0004,南投縣,北港溪
0244,0927-0003,南投縣,北港溪
0244,0938-0000,南投縣,北港溪
0245,0080-0004,南投縣,北山坑段
0245,0109-0000,臺東縣,東興段
0245,0151-0000,南投縣,北山坑段
0245,0170-0001,南投縣,北山坑
0245,0170-0002,南投縣,北山坑
0245,0170-0016,南投縣,北山坑段
0245,0200-0000,南投縣,北山坑段
0245,0208-0006,南投縣,北山坑段
0245,0229-0002,南投縣,北山坑
0245,0236-0003,南投縣,北山坑
0245,0257-0000,南投縣,北山坑
0245,0343-0000,南投縣,北山坑
0245,1650-0000,南投縣,北山坑段
0245,2613-0000,南投縣,北山坑段
0245,2675-0000,南投縣,北山坑段
0245,2763-0000,南投縣,北山坑
0245,3049-0000,南投縣,北山坑段
0245,3077-0000,南投縣,北山坑
0245,3095-0000,南投縣,北山坑
0245,3098-0000,南投縣,北山坑
0245,3388-0001,南投縣,北山坑
0245,3508-0000,南投縣,北山坑段
0245,3508-0001,南投縣,北山坑
0245,3629-0000,南投縣,北山坑
0246,0478-0000,南投縣,五棚坑
0246,0531-0001,南投縣,五棚坑段
0246,0756-0000,南投縣,五棚坑段
0246,0821-0000,南投縣,五棚坑
0247,0016-0000,南投縣,大坪段
0247,0173-0001,南投縣,大坪
0247,0232-0000,南投縣,大坪段
0247,0402-0000,南投縣,大坪段
0247,0546-0000,南投縣,大坪
0247,0569-0000,南投縣,大坪
0247,0691-0000,南投縣,大坪段
0248,0128-0000,南投縣,埔源
0248,0235-0000,南投縣,埔源
0248,0721-0001,南投縣,埔源
0248,0953-0000,南投縣,埔源
0248,0956-0000,南投縣,埔源段
0248,0956-0001,南投縣,埔源段
0248,0986-0000,南投縣,埔源
0249,0019-0000,南投縣,廣源段
0249,0070-0000,南投縣,廣源
0249,0090-0001,南投縣,廣源段
0249,0342-0011,南投縣,廣源
0249,0567-0001,南投縣,廣源段
0249,0853-0001,南投縣,廣源段
0249,0936-0000,南投縣,廣源段
0249,1007-0000,南投縣,廣源段
0250,0030-0000,南投縣,南港
0250,0251-0000,南投縣,南港段
0250,0260-0000,南投縣,南港段
0250,0784-0000,南投縣,南港
0251,0002-0000,南投縣,蘆山段
0251,0096-0000,南投縣,蘆山
0251,0492-0001,南投縣,蘆山
0251,0583-0000,南投縣,蘆山段
0252,0057-0000,南投縣,靜觀
0252,0253-0001,南投縣,靜觀
0252,0698-0000,南投縣,靜觀
0252,1044-0002,南投縣,靜觀段
0252,1145-0000,南投縣,靜觀
0252,1294-0000,南投縣,靜觀段
0253,0082-0000,臺東縣,水井段
0253,0084-0000,臺東縣,水井段
0253,0088-0000,臺東縣,水井段
0254,0081-0000,臺東縣,隆興段
0254,0100-0000,臺東縣,隆興段
0255,0042-0000,南投縣,瑞岩
0255,0443-0000,南投縣,瑞岩
0256,0094-0001,南投縣,翠巒
0256,0111-0000,南投縣,翠巒
0256,0371-0000,南投縣,翠巒段
0257,1034-0000,南投縣,望洋
0258,0544-0000,南投縣,曲冰
0258,0861-0000,南投縣,曲冰
0259,0099-0002,南投縣,武界
0259,0417-0004,南投縣,武界段
0259,0417-0027,南投縣,武界
0259,0627-0000,南投縣,武界
0259,0706-0000,南投縣,武界
0259,0776-0000,南投縣,武界
0259,0831-0000,南投縣,武界段
0259,1011-0000,南投縣,武界
0259,1109-0000,南投縣,武界段
0261,0099-0000,南投縣,中原
0261,0103-0000,南投縣,中原
0261,0105-0000,南投縣,中原
0261,0105-0000,新竹縣,枋寮段上枋寮小段
0261,0106-0000,新竹縣,枋寮段上枋寮小段
0261,0109-0000,新竹縣,枋寮段上枋寮小段
0261,0110-0000,新竹縣,枋寮段上枋寮小段
0261,0160-0000,南投縣,中原
0261,0161-0002,南投縣,中原
0261,0166-0000,南投縣,中原段
0261,1210-0000,新竹縣,枋寮段上枋寮小段
0262,0037-0001,南投縣,華岡段
0264,0006-0007,南投縣,眉溪段
0264,0009-0000,南投縣,眉溪
0264,0010-0009,南投縣,眉溪段
0264,0141-0000,南投縣,眉溪
0264,0202-0000,南投縣,眉溪
0264,0265-0004,南投縣,眉溪段
0265,0046-0000,南投縣,眉原
0265,0064-0000,南投縣,眉原
0265,0115-0000,南投縣,眉原
0265,0121-0000,南投縣,眉原
0265,0362-0001,南投縣,眉原
0265,1055-0000,南投縣,眉原
0266,0001-0001,南投縣,守城大山段
0266,0001-0013,南投縣,守城大山段
0266,0009-0002,南投縣,守城大山
0266,0009-0017,南投縣,守城大山
0266,0009-0026,南投縣,守城大山
0266,0009-0028,南投縣,守城大山
0268,0002-0003,南投縣,大同
0268,0012-0000,新竹縣,汶水坑段
0268,0085-0000,南投縣,大同
0269,0009-0001,南投縣,幼獅
0269,0353-0009,南投縣,幼獅段
0270,0197-000,南投縣,春陽
0270,1017-0000,南投縣,春陽
0272,0351-0000,南投縣,過坑
0272,0352-0000,南投縣,過坑
0272,0353-0000,南投縣,過坑
0272,0455-0000,南投縣,過坑
0272,0457-0000,南投縣,過坑段
0272,0636-0001,南投縣,過坑
0272,0757-0000,南投縣,過坑
0272,0784-0000,南投縣,過坑段
0272,1022-0000,南投縣,過坑段
0273,0072-0000,南投縣,萬大段
0273,0078-0000,南投縣,萬大段
0273,0079-0000,南投縣,萬大段
0273,0081-0000,南投縣,萬大
0273,0332-0007,南投縣,萬大
0273,0556-0006,南投縣,萬大段
0273,0630-0000,南投縣,萬大
0273,0901-0005,南投縣,萬大
0273,0907-0000,南投縣,萬大
0273,1931-0000,南投縣,萬大段
0273,3019-0000,南投縣,萬大段
0273,3166-0000,南投縣,萬大
0274,0139-0003,南投縣,平靜
0274,0159-0000,南投縣,平靜
0274,0208-0000,南投縣,平靜
0274,0304-0000,南投縣,平靜段
0274,0510-0000,南投縣,平靜
0274,0695-0000,南投縣,平靜
0274,0699-0000,南投縣,平靜
0275,0044-0000,南投縣,松崗
0275,0101-0000,南投縣,松崗
0275,0168-0001,南投縣,松岡段
0275,0179-0000,南投縣,松崗
0275,0356-0000,南投縣,松岡
0275,0378-0000,南投縣,松岡
0275,0385-0000,南投縣,松岡段
0275,0437-0000,南投縣,松岡
0275,0455-0000,南投縣,松岡
0275,0501-0000,南投縣,松岡
0275,0560-0008,南投縣,松岡段
0275,0560-0010,南投縣,松岡段
0275,0560-0096,南投縣,松岡段
0275,0560-0097,南投縣,松岡段
0275,0560-0098,南投縣,松岡
0275,0739-0000,南投縣,松岡
0275,0739-0011,南投縣,松崗
0276,0007-0001,南投縣,清流
0276,0913-0000,南投縣,清流段
0276,0929-0000,南投縣,清流
0276,0958-0002,南投縣,清流
0276,1043-0000,南投縣,清流段
0276,1134-0000,南投縣,清流段
0276,1135-0000,南投縣,清流段
0276,1136-0000,南投縣,清流
0276,1184-0000,南投縣,清流段
0276,1219-0000,南投縣,清流段
0276,1222-0000,南投縣,清流段
0276,1243-0000,南投縣,清流
0276,1260-0000,南投縣,清流段
0276,1353-0000,南投縣,清流
0276,1394-0000,南投縣,清流段
0276,1395-0000,南投縣,清流段
0276,1448-0000,南投縣,清流
0276,1715-0000,南投縣,清流段
0276,1751-0000,南投縣,清流段
0280,1364-0000,花蓮縣,水廣段
0280,1364-0001,花蓮縣,水廣段
0280,1366-0000,花蓮縣,水廣段
0280,1366-0001,花蓮縣,水廣段
0280,1366-0002,花蓮縣,水廣段
0294,0551-0000,花蓮縣,加里洞段
0297,1385-0000,花蓮縣,阿托莫段
0299,0207-000,南投縣,翠峰段
0299,0213-0000,南投縣,翠峰段
0302,0195-0000,臺東縣,南興段
0302,0315-0003,南投縣,石門段
0302,0336-0000,臺東縣,南興段
0302,0680-0000,臺東縣,南興段
0302,0866-0002,臺東縣,南興段
0302,0866-0003,臺東縣,南興段
0303,0282-0000,臺東縣,大鳥段
0303,0343-0000,臺東縣,大鳥段
0303,0891-0000,臺東縣,大武段
0304,0407-0000,臺東縣,北太麻里段
0304,0407-0001,臺東縣,北太麻里段
0305,0574-0000,南投縣,龜溝段
0305,0651-0000,南投縣,龜溝段
0305,0651-0001,南投縣,龜溝段
0306,0020-0000,南投縣,福龜段
0306,0397-0000,南投縣,福龜段
0306,0937-0000,南投縣,福龜
0307,0425-0000,臺東縣,泰和段
0307,0427-0000,臺東縣,泰和
0308,0003-0001,臺東縣,大王段
0308,0003-0002,臺東縣,大王段
0308,0038-0000,臺東縣,大王段
0308,0038-0001,臺東縣,大王段
0308,0140-0001,臺東縣,大王段
0308,0273-0000,臺東縣,大王段
0308,0290-0000,臺東縣,大王段
0308,0382-0000,臺東縣,大王段
0308,0420-0000,臺東縣,大王段
0308,0420-0001,臺東縣,大王段
0308,0420-0003,臺東縣,大王段
0308,0420-0009,臺東縣,大王段
0308,0422-0000,臺東縣,大王段
0308,0431-0000,臺東縣,大王段
0308,0450-0001,臺東縣,大王段
0308,0486-0000,臺東縣,大王段
0309,0029-0000,臺東縣,金崙段
0309,0074-0001,臺東縣,金崙段
0309,0132-0000,臺東縣,金崙段
0309,0142-0000,臺東縣,金崙段
0309,0191-0000,臺東縣,金崙段
0309,0198-0001,臺東縣,金崙段
0309,1354-0000,臺東縣,金崙段
0309,2264-0000,花蓮縣,樂合段
0309,2296-0000,花蓮縣,樂合段
0309,2306-0000,花蓮縣,樂合段
0309,2815-0000,花蓮縣,樂合段
0310,0006-0000,臺東縣,華源段
0310,0156-0000,臺東縣,華源段
0310,0247-0000,臺東縣,華源段
0310,0257-0000,臺東縣,華源段
0310,0597-0001,臺東縣,華源段
0310,0607-0000,臺東縣,華源段
0310,0608-0000,臺東縣,華源段
0310,0609-0000,臺東縣,華源段
0310,0620-0000,臺東縣,華源段
0310,0651-0000,臺東縣,華源段
0310,0651-0002,臺東縣,華源段
0310,0652-0003,臺東縣,華源段
0310,0709-0001,臺東縣,華源段
0310,0709-0003,臺東縣,華源段
0310,0725-0000,臺東縣,華源段
0310,0725-0002,臺東縣,華源段
0310,0725-0003,臺東縣,華源段
0310,0725-0004,臺東縣,華源段
0310,0725-0006,臺東縣,華源段
0310,0725-0008,臺東縣,華源段
0310,0796-0001,臺東縣,華源段
0310,0801-0000,臺東縣,華源段
0310,0850-0000,臺東縣,華源段
0310,0850-0001,臺東縣,華源段
0310,0850-0006,臺東縣,華源段
0310,0990-0000,臺東縣,華源段
0311,0310-0000,臺東縣,多良段
0311,0320-0000,臺東縣,多良段
0311,0325-0000,臺東縣,多良段
0311,0434-0000,臺東縣,多良
0311,0459-0000,臺東縣,多良段
0311,0460-0000,臺東縣,多良段
0311,0463-0000,臺東縣,多良段
0311,0465-0000,臺東縣,多良段
0311,0563-0000,南投縣,新興
0312,0037-0001,臺東縣,金星段
0312,0068-0000,臺東縣,金星段
0312,0078-0000,臺東縣,金星段
0312,0078-0001,臺東縣,金星段
0312,0146-0001,臺東縣,金星段
0312,0146-0003,臺東縣,金星段
0312,0147-0000,臺東縣,金星段
0312,0148-0001,臺東縣,金星段
0312,0234-0000,臺東縣,金星段
0312,0235-0000,臺東縣,金星段
0312,0258-0000,臺東縣,金星
0312,0264-0000,臺東縣,金星段
0312,0265-0000,臺東縣,金星段
0312,0282-0000,臺東縣,金星段
0312,0282-0002,臺東縣,金星段
0312,0322-0000,臺東縣,金星段
0312,0328-0000,臺東縣,金星段
0312,0331-0000,臺東縣,金星
0312,0488-0000,臺東縣,金星段
0312,0491-0000,臺東縣,金星段
0312,0513-0000,臺東縣,金星段
0312,0514-0000,臺東縣,金星段
0312,0517-0000,臺東縣,金星段
0312,0540-0000,臺東縣,金星段
0312,0547-0000,臺東縣,金星段
0312,0548-0000,臺東縣,金星段
0312,0550-0000,臺東縣,金星段
0312,0608-0000,臺東縣,金星段
0312,0609-0000,臺東縣,金星段
0312,0667-0000,臺東縣,金星
0312,0672-0000,臺東縣,金星
0312,0679-0000,臺東縣,金星段
0312,0731-0000,臺東縣,金星段
0312,0731-0002,臺東縣,金星段
0312,0767-0000,臺東縣,金星段
0312,6667-0000,臺東縣,金星
0312,6717-0000,臺東縣,金星
0313,0001-0024,臺東縣,北太麻里段
0313,0085-0000,臺東縣,北太麻里段
0313,0152-0004,臺東縣,北太麻里段
0313,0468-0000,臺東縣,北太麻里段
0313,0566-0011,臺東縣,北太麻里
0314,0331-0000,臺東縣,安朔段
0314,0350-0001,臺東縣,安朔段
0315,0040-0008,臺東縣,愛國段
0315,0040-0010,臺東縣,愛國段
0315,0040-0011,臺東縣,愛國段
0315,0113-0002,臺東縣,愛國段
0315,0113-0003,臺東縣,愛國段
0315,0113-0004,臺東縣,愛國段
0315,0114-0000,臺東縣,愛國段
0315,0116-0000,臺東縣,愛國段
0317,0502-0000,臺東縣,森永段
0317,0528-0000,臺東縣,森永段
0317,0554-0024,臺東縣,森永段
0317,0564-0000,臺東縣,森永段
0317,0565-0000,臺東縣,森永段
0317,0603-0000,臺東縣,森永段
0317,0603-0003,臺東縣,森永段
0318,0133-0000,臺東縣,新化段
0318,0138-0000,臺東縣,新化段
0318,0155-0000,臺東縣,新化段
0318,0174-0000,臺東縣,新化段
0318,0182-0005,臺東縣,新化段
0318,0182-0008,臺東縣,新化段
0318,0184-0000,臺東縣,新化段
0318,0185-0000,臺東縣,新化段
0318,0186-0000,臺東縣,新化段
0318,0186-0001,臺東縣,新化段
0318,0191-0002,臺東縣,新化段
0318,0307-0000,臺東縣,新化段
0318,0338-0000,臺東縣,新化段
0318,0361-0000,臺東縣,新化段
0318,0412-0000,臺東縣,新化段
0318,0415-0000,臺東縣,新化段
0318,0415-0002,臺東縣,新化段
0319,0218-0000,臺東縣,紹雅段
0320,0352-0000,臺東縣,南田段
0323,0260-0000,臺東縣,拉力坂
0323,0321-0000,臺東縣,拉力坂段
0325,0001-0001,臺東縣,比魯段
0325,0001-0002,臺東縣,比魯段
0325,0001-0003,臺東縣,比魯段
0325,0001-0007,臺東縣,比魯段
0325,0001-0015,臺東縣,比魯段
0325,0001-0016,臺東縣,比魯段
0325,0001-0017,臺東縣,比魯段
0325,0001-0021,臺東縣,比魯段
0325,0008-0000,臺東縣,比魯段
0325,0012-0004,臺東縣,比魯段
0325,0026-0008,臺東縣,比魯段
0325,0026-0013,臺東縣,比魯段
0325,0064-0000,臺東縣,比魯段
0325,0069-0007,臺東縣,比魯段
0325,0102-0001,臺東縣,比魯段
0325,0102-0004,臺東縣,比魯段
0325,0161-0000,臺東縣,比魯段
0326,0036-0001,臺東縣,賓茂段
0327,1419-0001,苗栗縣,北勢窩段
0327,1429-0000,苗栗縣,北勢窩段
0327,1435-0000,苗栗縣,北勢窩段
0327,1435-0002,苗栗縣,北勢窩段
0328,0172-0000,臺東縣,介達段
0328,0173-0000,臺東縣,介達段
0328,0187-0000,臺東縣,介達段
0328,0195-0000,臺東縣,介達段
0328,0196-0000,臺東縣,介達段
0328,0317-0000,臺東縣,介達段
0328,0318-0000,臺東縣,介達段
0328,0320-0000,臺東縣,介達段
0328,0330-0000,臺東縣,介達段
0328,0410-0000,臺東縣,介達段
0328,0413-0000,臺東縣,介達段
0328,0446-0000,臺東縣,介達段
0328,0451-0000,臺東縣,介達段
0328,0452-0000,臺東縣,介達段
0328,0454-0000,臺東縣,介達段
0328,0455-0000,臺東縣,介達段
0328,0463-0000,臺東縣,介達段
0328,0561-0000,臺東縣,介達段
0328,0561-0002,臺東縣,介達段
0328,0600-0000,臺東縣,介達段
0329,0623-0010,苗栗縣,楓樹窩段
0329,0688-0006,苗栗縣,楓樹窩段
0330,0035-0000,臺東縣,壢坵段
0330,0101-0000,臺東縣,壢坵段
0330,0544-0000,花蓮縣,古風段
0330,0615-0000,臺東縣,壢坵段
0330,0622-0000,臺東縣,壢坵段
0330,0622-0000,花蓮縣,古風段
0330,0646-0000,臺東縣,壢坵段
0330,0664-0000,臺東縣,壢坵段
0330,0665-0000,臺東縣,壢坵段
0330,0682-0045,臺東縣,壢坵段
0330,0682-0093,臺東縣,壢坵段
0330,0682-0275,臺東縣,壢坵段
0331,0071-0000,苗栗縣,圳頭段
0331,0072-0000,苗栗縣,圳頭段
0331,0079-0000,苗栗縣,圳頭段
0331,0234-0000,苗栗縣,圳頭段
0331,0235-0000,苗栗縣,圳頭段
0331,0236-0000,苗栗縣,圳頭段
0331,0661-0002,苗栗縣,圳頭段
0331,0663-0002,苗栗縣,圳頭段
0331,0664-0005,苗栗縣,圳頭段
0331,0664-0007,苗栗縣,圳頭段
0331,0664-0009,苗栗縣,圳頭段
0331,0666-0000,苗栗縣,圳頭段
0331,0666-0003,苗栗縣,圳頭段
0331,0666-0004,苗栗縣,圳頭段
0331,0666-0005,苗栗縣,圳頭段
0331,0666-0006,苗栗縣,圳頭段
0331,0666-0012,苗栗縣,圳頭段
0331,0666-0013,苗栗縣,圳頭段
0331,0666-0014,苗栗縣,圳頭段
0331,0666-0015,苗栗縣,圳頭段
0331,0666-0016,苗栗縣,圳頭段
0331,0666-0017,苗栗縣,圳頭段
0331,0666-0018,苗栗縣,圳頭段
0331,0666-0019,苗栗縣,圳頭段
0331,0667-0003,苗栗縣,圳頭段
0331,0671-0000,苗栗縣,圳頭段
0331,0671-0001,苗栗縣,圳頭段
0331,0671-0007,苗栗縣,圳頭段
0331,0671-0008,苗栗縣,圳頭段
0331,0672-0000,苗栗縣,圳頭段
0331,0672-0004,苗栗縣,圳頭段
0331,0672-0005,苗栗縣,圳頭段
0331,0683-0000,苗栗縣,圳頭段
0331,0685-0006,苗栗縣,圳頭段
0331,0688-0000,苗栗縣,圳頭段
0331,0691-0000,苗栗縣,圳頭段
0331,0692-0000,苗栗縣,圳頭段
0331,0693-0000,苗栗縣,圳頭段
0331,0693-0003,苗栗縣,圳頭段
0332,0113-0000,南投縣,萬峰
0332,0114-0000,南投縣,萬峰
0332,0115-0000,南投縣,萬峰
0336,0016-0000,臺東縣,金山段
0336,0024-0000,臺東縣,金山段
0336,0106-0000,臺東縣,金山
0336,0115-0000,臺東縣,金山
0336,0137-0000,臺東縣,金山段
0336,0142-0001,臺東縣,金山段
0336,0214-0009,苗栗縣,土城段
0336,0253-0004,苗栗縣,土城段
0336,0292-0000,臺東縣,金山
0336,0298-0000,臺東縣,金山段
0336,0303-0000,臺東縣,金山
0336,0391-0034,臺東縣,金山
0336,0392-0012,臺東縣,金山
0336,0394-0035,臺東縣,金山
0336,0394--0036,臺東縣,金山
0336,0629-0008,苗栗縣,土城段
0337,0120-0001,苗栗縣,南和段
0337,0389-0002,苗栗縣,南和段
0337,0435-0001,苗栗縣,南和段
0337,0607-0000,苗栗縣,南和段
0338,0286-0000,苗栗縣,福興
0338,0304-0000,苗栗縣,福興段
0338,0354-0003,苗栗縣,福興段
0338,0362-0006,苗栗縣,福興段
0338,0371-0002,苗栗縣,福興段
0338,0371-0036,苗栗縣,福興段
0338,0511-0000,苗栗縣,福興段
0338,0734-0002,苗栗縣,福興段
0339,0025-0008,苗栗縣,大坪頂段
0339,0151-0002,苗栗縣,大坪頂段
0339,0427-0000,苗栗縣,大坪頂段
0341,0326-0001,苗栗縣,五里牌段隘口寮小段
0347,0793-0000,臺東縣,秀山段
0347,1030-0000,臺東縣,秀山段
0351,0242-0000,花蓮縣,富農段
0351,0278-0000,花蓮縣,富農段
0351,0283-0000,花蓮縣,富農段
0359,0005-0000,南投縣,大瑪璘
0362,0610-0000,屏東縣,佳義段
0362,0660-0000,屏東縣,佳義段
0362,0667-0000,屏東縣,佳義段
0364,0556-0000,屏東縣,泰武段
0365,0607-0000,南投縣,鯉魚潭
0365,1253-0000,屏東縣,萬安段
0366,0131-0001,屏東縣,佳平段
0366,0155-0000,屏東縣,佳平段
0366,1293-0000,屏東縣,佳平段
0366,1295-0000,屏東縣,佳平段
0367,0108-0000,臺東縣,荖花
0367,0109-0000,臺東縣,荖花段
0367,0665-0000,屏東縣,新平和段
0368,0110-0001,屏東縣,武潭段
0368,0249-0000,臺東縣,樂山段
0368,0287-0000,臺東縣,樂山段
0368,0319-0000,臺東縣,樂山段
0368,0368-0000,臺東縣,樂山段
0368,0368-0001,臺東縣,樂山段
0368,0368-0002,臺東縣,樂山段
0368,0368-0003,臺東縣,樂山段
0368,0424-0001,臺東縣,樂山段
0368,0426-0002,臺東縣,樂山段
0368,0430-0000,臺東縣,樂山段
0368,0432-0000,屏東縣,武潭段
0368,0453-0000,臺東縣,樂山段
0368,0453-0001,臺東縣,樂山段
0368,0453-0002,臺東縣,樂山段
0368,0472-0000,臺東縣,樂山段
0368,0481-0000,臺東縣,樂山段
0368,0481-0001,臺東縣,樂山段
0368,0497-0000,臺東縣,樂山段
0368,0523-0000,臺東縣,樂山段
0368,0556-0000,臺東縣,樂山段
0368,0556-0001,臺東縣,樂山段
0368,0556-0002,臺東縣,樂山段
0368,0558-0000,臺東縣,樂山段
0368,0561-0000,臺東縣,樂山段
0368,0562-0000,臺東縣,樂山段
0368,0563-0000,臺東縣,樂山段
0368,0564-0000,臺東縣,樂山段
0368,0565-0000,臺東縣,樂山段
0368,0589-0000,臺東縣,樂山段
0368,0607-0000,屏東縣,武潭段
0368,0612-0000,臺東縣,樂山段
0368,0612-0002,臺東縣,樂山段
0368,0612-0003,臺東縣,樂山段
0368,0612-0004,臺東縣,樂山段
0368,0629-0000,臺東縣,樂山
0368,0630-0000,臺東縣,樂山
0368,0632-0000,臺東縣,樂山
0368,0662-0000,臺東縣,樂山段
0368,0683-0000,屏東縣,武潭段
0368,0704-0000,臺東縣,樂山段
0368,0707-0000,臺東縣,樂山段
0369,0043-0000,臺東縣,龍泉段
0369,0044-0000,臺東縣,龍泉段
0369,0045-0000,臺東縣,龍泉段
0369,0497-0001,南投縣,寶湖窟
0369,0498-0000,南投縣,寶湖窟
0369,0499-0000,南投縣,寶湖窟
0371,0762-0000,屏東縣,文樂段
0373,0058-0000,臺東縣,嘉新段
0373,0063-0000,臺東縣,嘉新段
0375,0624-0000,臺東縣,芭札筏段
0375,0625-0000,臺東縣,芭札筏段
0375,0626-0000,臺東縣,芭札筏段
0375,1242-0000,屏東縣,望嘉段
0381,0245-0000,屏東縣,力南段
0381,0448-0000,屏東縣,力南段
0384,0175-0005,屏東縣,七佳段
0386,0589-0000,苗栗縣,通平段
0416,0321-0001,南投縣,江西林段藤湖小段
0416,0333-0005,南投縣,江西林段籐湖小段
0417,0001-0194,南投縣,豬頭棕
0419,0017-0012,桃園巿,三層段八結小段
0419,0017-0013,桃園巿,三層段八結小段
0419,0017-0045,桃園巿,三層段八結小段
0419,0078-0007,桃園巿,三層段八結小段
0419,0089-0000,桃園巿,三層段八結小段
0419,0093-0000,桃園巿,三層段八結小段
0419,0177-0000,桃園巿,三層段八結小段
0419,0190-0009,桃園巿,三層段八結小段
0419,0209-0005,桃園巿,三層段八結小段
0419,0318-0000,桃園巿,三層段八結小段
0419,0350-0000,桃園巿,三層段八結小段
0419,0351-0000,桃園巿,三層段八結小段
0419,0447-0000,桃園巿,三層段八結小段
0419,0447-0005,桃園巿,三層段八結小段
0422,0071-0001,桃園巿,三層段十三份小段
0422,0071-0003,桃園巿,三層段十三份小段
0422,0071-0011,桃園巿,三層段十三份小段
0422,0071-0012,桃園巿,三層段十三份小段
0422,0071-0017,桃園巿,三層段十三份小段
0422,0072-0002,桃園巿,三層段十三份小段
0422,0072-0004,桃園巿,三層段十三份小段
0422,0080-0000,桃園巿,三層段十三份小段
0422,0108-0000,桃園巿,三層段十三份小段
0422,0108-0002,桃園巿,三層段十三份小段
0422,0112-0000,桃園巿,三層段十三份小段
0422,0123-0005,南投縣,大鞍段
0422,0128-0022,桃園巿,三層段十三份小段
0422,0128-0034,桃園巿,三層段十三份小段
0422,0140-0000,桃園巿,三層段十三份小段
0422,0142-0000,桃園巿,三層段十三份小段
0422,0143-0000,桃園巿,三層段十三份小段
0422,0144-0000,桃園巿,三層段十三份小段
0422,0171-0002,桃園巿,三層段十三份小段
0422,0171-0027,桃園巿,三層段十三份小段
0422,0171-0031,桃園巿,三層段十三份小段
0422,0171-0032,桃園巿,三層段十三份小段
0422,0171-0033,桃園巿,三層段十三份小段
0422,0171-0039,桃園巿,三層段十三份小段
0422,0171-0040,桃園巿,三層段十三份小段
0422,0171-0041,桃園巿,三層段十三份小段
0422,0171-0042,桃園巿,三層段十三份小段
0422,0171-0046,桃園巿,三層段十三份小段
0422,0171-0053,桃園巿,三層段十三份小段
0422,0171-0059,桃園巿,三層段十三份小段
0422,0175-0000,桃園巿,三層段十三份小段
0422,0176-0000,桃園巿,三層段十三份小段
0422,0178-0000,桃園巿,三層段十三份小段
0422,0179-0000,桃園巿,三層段十三份小段
0422,0180-0000,桃園巿,三層段十三份小段
0422,0201-0032,桃園巿,三層段十三份小段
0422,0201-0033,桃園巿,三層段十三份小段
0422,0203-0001,桃園巿,三層段十三份小段
0422,0205-0000,桃園巿,三層段十三份小段
0422,0206-0000,桃園巿,三層段十三份小段
0422,0211-0002,桃園巿,三層段十三份小段
0422,0213-0002,桃園巿,三層段十三份小段
0422,0214-0000,桃園巿,三層段十三份小段
0422,0219-0002,桃園巿,三層段十三份小段
0422,0219-0003,桃園巿,三層段十三份小段
0422,0219-0009,桃園巿,三層段十三份小段
0422,0219-0023,桃園巿,三層段十三份小段
0422,0219-0026,桃園巿,三層段十三份小段
0422,0221-0000,桃園巿,三層段十三份小段
0422,0251-0001,桃園巿,三層段十三份小段
0422,0269-0002,桃園巿,三層段十三份小段
0422,0275-0010,桃園巿,三層段十三份小段
0422,0275-0011,桃園巿,三層段十三份小段
0422,0275-0018,桃園巿,三層段十三份小段
0422,0275-0019,桃園巿,三層段十三份小段
0422,0283-0000,桃園巿,三層段十三份小段
0422,0283-0004,桃園巿,三層段十三份小段
0422,0283-0007,桃園巿,三層段十三份小段
0422,0283-0010,桃園巿,三層段十三份小段
0422,0287-0000,桃園巿,三層段十三份小段
0422,0294-0000,桃園巿,三層段十三份小段
0422,0300-0008,桃園巿,三層段十三份小段
0422,0300-0014,桃園巿,三層段十三份小段
0422,0300-0015,桃園巿,三層段十三份小段
0422,0319-0000,桃園巿,三層段十三份小段
0422,0320-0016,桃園巿,三層段十三份小段
0422,0412-0000,桃園巿,三層段十三份小段
0422,0786-0000,南投縣,大鞍
0430,0163-0011,南投縣,桶頭
0430,0174-0414,南投縣,桶頭
0430,0174-0418,南投縣,桶頭
0430,0174-0789,南投縣,桶頭
0430,0176-0115,南投縣,桶頭
0430,0177-0019,南投縣,桶頭
0430,0177-0037,南投縣,桶頭
0430,0177-0042,南投縣,桶頭
0431,0166-0689,南投縣,山坪頂段
0434,0320-0226,南投縣,鯉魚尾
0434,0320-1386,南投縣,鯉魚尾
0437,0434-0004,南投縣,小半天
0437,0448-0002,南投縣,小半天
0437,0963-0000,南投縣,小半天段
0437,0981-0000,南投縣,小半天段
0438,0255-0000,南投縣,內樹皮
0438,0257-0003,南投縣,內樹皮
0438,0325-0012,南投縣,內樹皮
0438,0707-0000,花蓮縣,壽農段
0438,0708-0000,花蓮縣,壽農段
0438,1222-0000,花蓮縣,壽農段
0438,1223-0000,花蓮縣,壽農段
0438,1232-0000,花蓮縣,壽農段
0438,1278-0000,花蓮縣,壽農段
0438,1356-0000,花蓮縣,壽農段
0439,1524-0000,花蓮縣,豐山段
0444,0725-0002,苗栗縣,東興段
0444,0725-0009,苗栗縣,東興段
0445,0057-0000,南投縣,初鄉段
0445,0807-0008,南投縣,初鄉
0445,0822-0002,南投縣,初鄉段
0446,0170-0000,南投縣,圓山
0447,0796-0000,南投縣,番子田
0448,0200-0006,南投縣,坪林段
0448,0200-0007,南投縣,坪林段
0448,0336-0000,南投縣,坪林段
0450,0566-0000,宜蘭縣,隘界一段
0451,0140-0000,花蓮縣,溪口段
0451,0247-0000,宜蘭縣,雙連埤段
0451,0248-0000,宜蘭縣,雙連埤段
0451,0307-0002,宜蘭縣,雙連埤段
0452,0068-0000,花蓮縣,大湖腳段
0452,0114-0001,花蓮縣,大湖腳段
0452,1215-0000,花蓮縣,大湖腳段
0453,0057-0000,花蓮縣,精鐘段
0453,0272-0000,花蓮縣,精鐘段
0453,0275-0000,花蓮縣,精鐘段
0453,0438-0000,花蓮縣,精鐘段
0453,0504-0000,花蓮縣,精鐘段
0453,0639-0000,花蓮縣,精鐘段
0453,0657-0000,花蓮縣,精鐘段
0453,0667-0000,花蓮縣,精鐘段
0453,0785-0000,花蓮縣,精鐘段
0453,0874-0000,花蓮縣,精鐘段
0453,0876-0000,花蓮縣,精鐘段
0453,0878-0000,花蓮縣,精鐘段
0453,1010-0000,花蓮縣,精鐘段
0453,1011-0000,花蓮縣,精鐘段
0453,1399-0000,花蓮縣,精鐘段
0455,0082-0000,臺東縣,鹿寮段
0455,0088-0000,臺東縣,鹿寮段
0455,0089-0000,臺東縣,鹿寮段
0455,0221-0000,臺東縣,鹿寮段
0455,0222-0000,臺東縣,鹿寮段
0455,0696-0000,臺東縣,鹿寮段
0456,0157-0000,臺東縣,隆昌段
0456,0158-0000,臺東縣,隆昌段
0456,0158-0001,臺東縣,隆昌段
0456,0160-0000,臺東縣,隆昌段
0456,0161-0000,臺東縣,隆昌段
0456,0162-0000,臺東縣,隆昌段
0456,0163-0000,臺東縣,隆昌段
0456,0294-0000,臺東縣,鹿野段及隆昌段
0456,2375-0000,臺東縣,鹿野段及隆昌段
0456,2377-0000,臺東縣,鹿野段及隆昌段
0456,2379-0000,臺東縣,鹿野段及隆昌段
0456,2381-0000,臺東縣,鹿野段及隆昌段
0456,2382-0000,臺東縣,鹿野段及隆昌段
0456,2384-0000,臺東縣,鹿野段及隆昌段
0456,2385-0000,臺東縣,鹿野段及隆昌段
0456,2387-0000,臺東縣,鹿野段及隆昌段
0456,2389-0000,臺東縣,鹿野段及隆昌段
0457,0224-0000,臺東縣,中華東段
0457,0225-0000,臺東縣,中華東段
0457,0226-0000,臺東縣,中華東段
0457,0227-0000,臺東縣,中華東段
0457,0228-0000,臺東縣,中華東段
0457,0233-0000,臺東縣,中華東段
0457,0521-0000,臺東縣,中華東段
0457,0526-0000,臺東縣,中華東段
0457,0527-0000,臺東縣,中華東段
0458,0041-0445,桃園巿,水流東段
0458,0041-0485,桃園巿,水流東段
0458,0056-0012,桃園巿,水流東段
0458,0056-0013,桃園巿,水流東段
0458,0056-0078,桃園巿,水流東段
0459,0149-0001,嘉義縣,大崎腳段
0459,0149-0004,嘉義縣,大崎腳段
0461,0587-0000,臺東縣,水墜段
0461,0588-0000,臺東縣,水墜段
0461,0853-0000,臺東縣,水墜段
0461,0892-0000,臺東縣,水墜段
0461,0894-0000,臺東縣,水墜段
0461,0981-0000,臺東縣,水墜段
0461,1009-0000,臺東縣,水墜段
0461,1093-0000,臺東縣,水墜段
0461,1105-0000,臺東縣,水墜段
0461,1107-0000,臺東縣,水墜段
0461,1109-0000,臺東縣,水墜段
0461,1109-0002,臺東縣,水墜段
0461,1110-0000,臺東縣,水墜段
0461,1147-0000,臺東縣,水墜段
0461,1193-0001,臺東縣,水墜段
0461,1203-0000,臺東縣,水墜段
0461,1204-0000,臺東縣,水墜段
0462,0008-0011,桃園巿,基國派段
0462,0048-0001,桃園巿,基國派段
0462,0052-0003,桃園巿,基國派段
0463,0242-0048,嘉義縣,陳厝寮段
0463,0317-0000,桃園巿,哈嘎灣段
0463,0475-0000,桃園巿,哈嘎灣段
0463,0530-0000,桃園巿,哈嘎灣段
0464,0513-0000,臺東縣,坪頂段
0465,0055-0000,桃園巿,三光段
0465,0759-0000,桃園巿,三光段
0465,0763-0000,桃園巿,三光段
0466,0014-0000,臺東縣,龍安段
0466,0204-0000,桃園巿,爺亨梯田段
0466,0421-0000,臺東縣,龍安段
0466,1810-0000,桃園巿,爺亨段
0467,0047-0000,臺東縣,新廣原段
0467,0049-0000,臺東縣,新廣原段
0467,0096-0000,臺東縣,新廣原段
0467,0096-0001,臺東縣,新廣原段
0467,0100-0000,臺東縣,新廣原段
0467,0102-0000,臺東縣,新廣原段
0467,0103-0000,臺東縣,新廣原段
0467,0104-0000,臺東縣,新廣原段
0467,0126-0000,臺東縣,新廣原段
0467,0440-0000,桃園巿,巴陵段
0467,0574-0000,臺東縣,新廣原段
0467,0575-0000,臺東縣,新廣原段
0467,0577-0000,臺東縣,新廣原段
0467,0587-0000,臺東縣,新廣原段
0467,0660-0000,臺東縣,新廣原段
0467,0661-0000,臺東縣,新廣原段
0467,0668-0000,臺東縣,新廣原段
0467,0681-0000,臺東縣,新廣原段
0467,0682-0000,臺東縣,新廣原段
0467,0795-0000,臺東縣,新廣原段
0467,0797-0000,臺東縣,新廣原段
0467,0799-0000,臺東縣,新廣原段
0467,0805-0000,臺東縣,新廣原段
0467,0818-0000,臺東縣,新廣原段
0467,0998-0001,桃園巿,巴陵段
0467,1149-0000,桃園巿,巴陵段
0468,0337-0000,臺東縣,新武陵段
0468,0340-0000,臺東縣,新武陵段
0468,0341-0000,臺東縣,新武陵段
0468,0342-0000,臺東縣,新武陵段
0468,0344-0000,臺東縣,新武陵段
0468,0385-0000,臺東縣,新武陵段
0469,0022-0000,臺東縣,永康段
0469,0025-0000,臺東縣,永康段
0469,0026-0000,臺東縣,永康段
0469,0072-0000,臺東縣,永康段
0469,0161-0000,臺東縣,永康段
0469,0200-0000,臺東縣,永康段
0469,0202-0000,臺東縣,永康段
0470,0146-0000,臺東縣,里高萬段
0470,0163-0000,臺東縣,里高萬段
0470,0165-0000,臺東縣,里高萬段
0470,0168-0000,臺東縣,里高萬段
0470,0227-0000,臺東縣,里高萬段
0470,0520-0001,南投縣,仁義段
0470,0582-0000,南投縣,仁義
0470,0583-0000,南投縣,仁義
0470,0584-0000,南投縣,仁義
0470,0590-0000,南投縣,仁義
0470,0590-0001,南投縣,仁義
0470,0590-0002,南投縣,仁義
0471,0096-0000,臺東縣,初來段
0471,0106-0000,臺東縣,初來段
0471,0117-0000,臺東縣,初來段
0471,0119-0000,臺東縣,初來段
0471,1014-0000,桃園巿,奎輝段
0472,0009-0001,桃園巿,色霧鬧段
0472,0009-0002,桃園巿,色霧鬧段
0473,0394-0000,新竹縣,高橋段
0473,0395-0000,新竹縣,高橋段
0473,0397-0000,新竹縣,高橋段
0473,0400-0000,新竹縣,高橋段
0473,0410-0000,新竹縣,高橋段
0473,0506-0000,新竹縣,高橋段
0478,0354-0000,新竹縣,下旱坑段
0478,0355-0000,新竹縣,下旱坑段
0478,0362-0000,新竹縣,下旱坑段
0478,0363-0000,新竹縣,下旱坑段
0478,0364-0000,新竹縣,下旱坑段
0481,0073-0004,苗栗縣,崁頂寮段
0481,0398-0001,苗栗縣,崁頂寮段
0481,0399-0000,苗栗縣,崁頂寮段
0481,0399-0001,苗栗縣,崁頂寮段
0482,0583-0004,新竹縣,北平段
0482,0584-0000,新竹縣,北平段
0483,0050-0001,苗栗縣,大河底段
0484,0040-0000,苗栗縣,大坪林段
0484,0040-0001,苗栗縣,大坪林段
0484,0040-0002,苗栗縣,大坪林段
0484,0040-0003,苗栗縣,大坪林段
0484,0400-0000,苗栗縣,大坪林
0484,0414-0000,苗栗縣,大坪林段
0484,0414-0001,苗栗縣,大坪林段
0491,0011-0003,苗栗縣,四灣段
0491,0030-0006,苗栗縣,四灣段
0491,0063-0004,苗栗縣,四灣段
0491,0063-0008,苗栗縣,四灣段
0491,0063-0009,苗栗縣,四灣段
0491,0066-0005,苗栗縣,四灣段
0491,0073-0004,苗栗縣,四灣段
0491,0073-0008,苗栗縣,四灣段
0491,0086-0010,苗栗縣,四灣段
0491,0086-0011,苗栗縣,四灣段
0491,0344-0000,苗栗縣,四灣段
0491,0410-0000,苗栗縣,四灣段
0491,0531-0008,苗栗縣,四灣段
0491,0531-0017,苗栗縣,四灣段
0491,0531-0023,苗栗縣,四灣段
0491,0736-0000,苗栗縣,四灣段
0491,0748-0024,苗栗縣,四灣段
0492,0276-0002,苗栗縣,田尾段
0492,0278-0000,苗栗縣,田尾段
0492,0278-0002,苗栗縣,田尾段
0492,0281-0001,苗栗縣,田尾段
0492,0747-0000,苗栗縣,田尾段
0492,0747-0009,苗栗縣,田尾段
0492,0769-0000,苗栗縣,田尾段
0492,0877-0000,苗栗縣,田尾段
0493,0189-0000,苗栗縣,北獅里興段獅頭驛小段
0493,0674-0000,苗栗縣,北獅里興段獅頭驛小段
0493,0676-0000,苗栗縣,北獅里興段獅頭驛小段
0494,0133-0000,苗栗縣,北獅里興段北獅里興小段
0494,0137-0001,苗栗縣,北獅里興段北獅里興小段
0494,0176-0003,苗栗縣,北獅里興段北獅里興小段
0494,0176-0023,苗栗縣,北獅里興段北獅里興小段
0494,0176-0031,苗栗縣,北獅里興段北獅里興小段
0494,0176-0032,苗栗縣,北獅里興段北獅里興小段
0494,0190-0001,苗栗縣,北獅里興段北獅里興小段
0494,0227-0002,苗栗縣,北獅里興段北獅里興小段
0494,0243-0000,南投縣,中州段
0494,0257-0000,苗栗縣,北獅里興段北獅里興小段
0494,0257-0125,苗栗縣,北獅里興段北獅里興小段
0494,0268-0098,苗栗縣,北獅里興段北獅里興小段
0494,0341-0000,苗栗縣,北獅里興段北獅里興小段
0494,1070-0000,苗栗縣,北獅里興段北獅里興小段
0503,0002-0000,南投縣,柴橋頭段洞角小段
0503,0014-0000,南投縣,柴橋頭段洞角小段
0503,0762-0000,花蓮縣,須美基段
0503,0826-0001,南投縣,柴橋頭段洞角小段
0507,0559-0582,南投縣,隘寮
0508,2650-0004,南投縣,社子段
0508,2690-0000,南投縣,社子段
0514,0105-0000,南投縣,人倫
0524,1775-0002,南投縣,望美段
0527,0097-0005,新竹縣,濫子段尖筆窩小段
0527,0154-0002,新竹縣,濫子段尖筆窩小段
0527,0655-0000,宜蘭縣,更新段
0527,0657-0000,宜蘭縣,更新段
0527,0658-0000,宜蘭縣,更新段
0528,0480-0000,南投縣,曲冰段
0528,0862-0000,南投縣,曲冰段
0528,1260-0000,南投縣,曲冰段
0528,1304-0000,南投縣,曲冰段
0529,0298-0000,宜蘭縣,大澳段
0529,0298-0001,宜蘭縣,大澳段
0529,0311-0000,宜蘭縣,大澳段
0529,0311-0001,宜蘭縣,大澳段
0529,0311-0002,宜蘭縣,大澳段
0530,0392-0000,新竹縣,油羅段
0530,0392-0016,新竹縣,油羅段
0530,0590-0002,新竹縣,油羅段
0533,0531-0005,宜蘭縣,猴洞段
0561,0190-0008,新竹縣,雞油凸段雞油凸小段
0561,0191-0000,新竹縣,雞油凸段雞油凸小段
0561,0192-0000,新竹縣,雞油凸段雞油凸小段
0565,0267-0005,新竹縣,寶山段沙湖壢小段
0565,0697-0006,新竹縣,寶山段沙湖壢小段
0569,1719-0000,新竹縣,新城段
0569,1720-0000,新竹縣,新城段
0579,0697-0000,新竹縣,番婆坑段
0592,0058-0006,新竹縣,峨眉段河背小段
0592,0058-0008,新竹縣,峨眉段河背小段
0602,0275-0000,新竹縣,水流東段
0606,0123-0000,新竹縣,赤柯坪段
0606,0127-0000,新竹縣,赤柯坪段
0606,0128-0000,新竹縣,赤柯坪段
0606,0129-0000,新竹縣,赤柯坪段
0606,0130-0000,新竹縣,赤柯坪段
0606,0313-0000,臺東縣,石壁段
0606,0323-0000,臺東縣,石壁段
0606,0326-0000,臺東縣,石壁段
0606,0426-0000,臺東縣,石壁段
0606,0466-0000,臺東縣,石壁段
0606,0487-0000,臺東縣,石壁段
0606,0494-0000,臺東縣,石壁段
0606,0495-0000,臺東縣,石壁段
0607,0503-0000,新竹縣,赤柯山段
0611,0718-0000,南投縣,頂崁
0613,0298-0000,新竹縣,梅花段
0618,0041-0000,南投縣,下城段
0618,0042-0000,南投縣,下城段
0618,0043-0000,南投縣,下城段
0618,0072-0000,新竹縣,新樂段水田小段
0618,0072-0002,新竹縣,新樂段水田小段
0618,0132-0000,宜蘭縣,得石新段
0618,0365-0000,新竹縣,新樂段水田小段
0618,0907-0000,宜蘭縣,得石新段
0619,0129-0003,新竹縣,煤源段
0619,0130-0001,新竹縣,煤源段
0619,0486-0001,新竹縣,煤源段
0619,0486-0009,新竹縣,煤源段
0619,0601-0000,新竹縣,煤源段
0620,0303-0000,南投縣,鹿寮段
0620,0645-0000,臺東縣,富山段
0620,0646-0000,臺東縣,富山段
0620,0727-0000,臺東縣,富山段
0620,0730-0000,臺東縣,富山段
0620,0790-0000,臺東縣,富山段
0620,0988-0000,南投縣,鹿寮
0620,1041-0000,南投縣,鹿寮
0621,0179-0000,南投縣,新上安
0621,0647-0000,臺東縣,富岡段
0622,1068-0000,宜蘭縣,匏崙坡段
0622,1069-0000,宜蘭縣,匏崙坡段
0622,1069-0001,宜蘭縣,匏崙坡段
0622,1069-0002,宜蘭縣,匏崙坡段
0622,1069-0003,宜蘭縣,匏崙坡段
0622,1069-0004,宜蘭縣,匏崙坡段
0622,1069-0005,宜蘭縣,匏崙坡段
0622,1073-0000,宜蘭縣,匏崙坡段
0622,1075-0000,宜蘭縣,匏崙坡段
0622,1075-0001,宜蘭縣,匏崙坡段
0622,1075-0002,宜蘭縣,匏崙坡段
0622,1075-0003,宜蘭縣,匏崙坡段
0623,0174-0000,新竹縣,秀巒段
0623,0604-0000,宜蘭縣,二結新段
0623,0731-0000,宜蘭縣,二結新段
0623,0752-0000,宜蘭縣,二結新段
0623,0791-0000,宜蘭縣,二結新段
0623,1837-0000,新竹縣,秀巒段
0627,0345-0003,新竹縣,花園段
0627,0565-0003,新竹縣,花園段
0628,1296-0022,新竹縣,桃山段
0628,1317-0000,新竹縣,桃山段
0628,1318-0001,新竹縣,桃山段
0628,1318-0002,新竹縣,桃山段
0629,0422-0000,新竹縣,竹林段
0629,0798-0000,新竹縣,竹林段
0631,0000-0302,臺東縣,明峰段
0631,0000-0313,臺東縣,明峰段
0631,0000-0314,臺東縣,明峰段
0631,0204-0000,臺東縣,明峰段
0631,0214-0000,臺東縣,明峰段
0631,0215-0000,臺東縣,明峰段
0631,0235-0000,臺東縣,明峰段
0631,0236-0000,臺東縣,明峰段
0631,0244-0000,臺東縣,明峰段
0631,0252-0000,臺東縣,明峰段
0631,0253-0000,臺東縣,明峰段
0631,0254-0000,臺東縣,明峰段
0631,0272-0001,臺東縣,明峰段
0631,0272-0005,臺東縣,明峰段
0631,0305-0000,臺東縣,明峰段
0631,0305-0001,臺東縣,明峰段
0631,0451-0000,臺東縣,明峰段
0631,0452-0000,臺東縣,明峰段
0631,0465-0000,臺東縣,明峰段
0631,0500-0000,臺東縣,明峰段
0631,0525-0000,臺東縣,明峰段
0631,0680-0000,臺東縣,明峰段
0631,0685-0000,臺東縣,明峰段
0631,0828-0000,苗栗縣,九湖南段
0631,0845-0000,臺東縣,明峰段
0631,0845-0000,苗栗縣,九湖南段
0631,0845-0001,臺東縣,明峰段
0631,0845-0002,臺東縣,明峰段
0631,0845-0003,臺東縣,明峰段
0631,0845-0004,臺東縣,明峰段
0631,0850-0000,苗栗縣,九湖南段
0631,1262-0000,臺東縣,明峰段
0631,1266-0000,臺東縣,明峰段
0631,1291-0000,臺東縣,明峰段
0631,1292-0000,臺東縣,明峰段
0631,1293-0000,臺東縣,明峰段
0632,0094-0000,宜蘭縣,望龍埤段
0632,0139-0000,宜蘭縣,望龍埤段
0632,0189-0000,宜蘭縣,望龍埤段
0632,0269-0000,宜蘭縣,望龍埤段
0632,0272-0000,宜蘭縣,望龍埤段
0633,0123-0000,苗栗縣,新鴨南段
0633,0131-0000,苗栗縣,新鴨南段
0634,0028-0000,臺東縣,上源段
0634,0115-0000,臺東縣,上源段
0634,0122-0000,臺東縣,上源段
0634,0129-0000,臺東縣,上源段
0635,0021-0000,屏東縣,草埔段
0636,0001-0002,苗栗縣,西湖段
0636,0059-0004,屏東縣,外獅段
0636,0144-0000,苗栗縣,西湖段
0636,0278-0000,苗栗縣,西湖段
0636,0306-0000,苗栗縣,西湖段
0636,0341-0000,臺東縣,龍過脈段
0636,0376-0000,臺東縣,龍過脈段
0636,0377-0000,臺東縣,龍過脈段
0636,0392-0000,臺東縣,龍過脈段
0636,0429-0000,苗栗縣,西湖段
0636,0430-0000,苗栗縣,西湖段
0636,0458-0000,苗栗縣,西湖段
0636,0742-0000,臺東縣,龍過脈段
0636,0743-0000,臺東縣,龍過脈段
0636,0744-0000,臺東縣,龍過脈段
0636,0745-0000,臺東縣,龍過脈段
0636,0909-0000,臺東縣,龍過脈
0636,0910-0000,臺東縣,龍過脈
0636,0923-0000,臺東縣,龍過脈
0636,0926-0000,臺東縣,龍過脈
0637,0135-0001,屏東縣,楓林段
0637,0216-0000,宜蘭縣,雙連埤段
0637,0217-0000,宜蘭縣,雙連埤段
0637,0218-0000,宜蘭縣,雙連埤段
0637,0219-0000,宜蘭縣,雙連埤段
0637,0220-0000,宜蘭縣,雙連埤段
0637,0279-0000,臺東縣,班鳩段
0637,0297-0000,臺東縣,班鳩段
0637,0298-0000,臺東縣,班鳩段
0637,0300-0000,宜蘭縣,雙連埤段
0637,0303-0000,宜蘭縣,雙連埤段
0637,0304-0000,宜蘭縣,雙連埤段
0637,0305-0000,宜蘭縣,雙連埤段
0637,0306-0000,宜蘭縣,雙連埤段
0637,0424-0000,屏東縣,楓林段
0637,0500-0003,屏東縣,楓林段
0637,0512-0000,臺東縣,斑鳩段
0637,0515-0000,臺東縣,班鳩段
0637,0538-0000,臺東縣,斑鳩段
0637,0542-0000,臺東縣,斑鳩段
0637,0543-0000,臺東縣,斑鳩段
0637,0544-0000,臺東縣,斑鳩段
0637,0573-0000,屏東縣,楓林段
0637,0587-0002,屏東縣,楓林段
0637,0611-0000,臺東縣,斑鳩段
0637,0613-0000,臺東縣,斑鳩段
0637,0639-0000,臺東縣,斑鳩段
0637,0665-0000,屏東縣,楓林段
0637,0712-0000,臺東縣,班鳩段
0637,1113-0000,臺東縣,斑鳩段
0637,1116-0000,臺東縣,斑鳩段
0637,1117-0000,臺東縣,班鳩
0637,1119-0000,臺東縣,斑鳩段
0637,1120-0000,臺東縣,斑鳩段
0638,0453-0000,臺東縣,利吉北段
0638,0454-0000,臺東縣,利吉北段
0638,0454-0001,臺東縣,利吉北段
0638,0454-0002,臺東縣,利吉北段
0638,0696-0000,苗栗縣,八櫃段
0638,0839-0000,苗栗縣,八櫃段
0639,0270-0000,屏東縣,丹路段
0639,1084-0000,屏東縣,丹路段
0639,1093-0000,屏東縣,丹路段
0640,0130-0000,臺東縣,和平段
0640,0187-0000,臺東縣,和平
0640,0227-0000,臺東縣,和平段
0640,0434-0000,臺東縣,和平段
0640,0646-0000,屏東縣,獅子段
0640,0999-0000,屏東縣,獅子段
0640,1097-0000,屏東縣,獅子段
0641,0458-0000,屏東縣,新路段
0641,0459-0000,屏東縣,新路段
0642,0467-0000,屏東縣,內文段
0642,0577-0000,苗栗縣,十六份段
0642,0579-0000,苗栗縣,十六份段
0642,0878-0000,苗栗縣,十六份段
0642,1060-0000,苗栗縣,十六份段
0642,1068-0000,苗栗縣,十六份段
0642,1069-0000,苗栗縣,十六份段
0642,1070-0000,苗栗縣,十六份段
0642,1075-0000,苗栗縣,十六份段
0642,1076-0000,苗栗縣,十六份段
0642,1080-0000,苗栗縣,十六份段
0643,0013-0000,苗栗縣,雙潭段
0643,0430-0000,屏東縣,南世段
0643,0833-0004,苗栗縣,雙潭段
0643,0833-0005,苗栗縣,雙潭段
0643,0833-0006,苗栗縣,雙潭段
0643,0856-0000,苗栗縣,雙潭段
0643,1017-0000,苗栗縣,雙潭段
0643,1993-0000,屏東縣,南世段
0644,0311-0000,屏東縣,巴士墨段
0645,0273-0000,宜蘭縣,粗坑段
0645,0347-0000,屏東縣,內獅段
0645,0359-0001,屏東縣,內獅段
0645,0373-0000,臺東縣,北鎮樂段
0645,0374-0000,臺東縣,北鎮樂段
0645,0375-0000,臺東縣,北鎮樂段
0645,0398-0000,臺東縣,北鎮樂段
0645,0403-0000,臺東縣,北鎮樂段
0645,0434-0000,苗栗縣,龍騰段
0645,0466-0000,屏東縣,內獅段
0645,0591-0001,屏東縣,內獅段
0645,0600-0000,屏東縣,內獅段
0645,0607-0001,屏東縣,內獅段
0645,0643-0000,屏東縣,內獅段
0645,0688-0000,屏東縣,內獅段
0645,0689-0000,屏東縣,內獅段
0645,0690-0000,屏東縣,內獅段
0645,0691-0000,苗栗縣,龍騰段
0645,0728-0000,宜蘭縣,粗坑段
0645,0731-0000,宜蘭縣,粗坑段
0645,0731-0001,宜蘭縣,粗坑段
0645,0748-0000,宜蘭縣,粗坑段
0645,0763-0000,宜蘭縣,粗坑段
0645,0784-0000,屏東縣,內獅段
0645,0819-0000,宜蘭縣,粗坑段
0645,0820-0000,宜蘭縣,粗坑段
0645,0820-0001,宜蘭縣,粗坑段
0645,0820-0002,宜蘭縣,粗坑段
0645,0820-0003,宜蘭縣,粗坑段
0645,0820-0005,宜蘭縣,粗坑段
0645,0826-0000,宜蘭縣,粗坑段
0645,0887-0000,苗栗縣,龍騰段
0645,0893-0000,苗栗縣,龍騰段
0645,0901-0000,苗栗縣,龍騰段
0645,0903-0000,苗栗縣,龍騰段
0645,0924-0000,宜蘭縣,粗坑段
0645,0925-0000,宜蘭縣,粗坑段
0645,0926-0000,苗栗縣,龍騰段
0645,0947-0000,宜蘭縣,粗坑段
0645,0948-0000,宜蘭縣,粗坑段
0646,0248-0000,臺東縣,南鎮樂段
0646,0249-0000,臺東縣,南鎮樂段
0646,0253-0000,臺東縣,南鎮樂段
0646,0255-0000,臺東縣,南鎮樂段
0646,0366-0000,臺東縣,南鎮樂段
0646,0367-0000,臺東縣,南鎮樂段
0646,0380-0000,臺東縣,南鎮樂段
0646,0386-0000,臺東縣,南鎮樂段
0646,0389-0000,臺東縣,南鎮樂段
0653,0193-0000,宜蘭縣,金面一段
0653,0194-0000,宜蘭縣,金面一段
0653,0195-0000,宜蘭縣,金面一段
0653,0196-0000,宜蘭縣,金面一段
0653,0202-0000,宜蘭縣,金面一段
0653,0203-0000,宜蘭縣,金面一段
0653,0204-0000,宜蘭縣,金面一段
0653,0205-0000,宜蘭縣,金面一段
0653,0206-0000,宜蘭縣,金面一段
0653,0207-0000,宜蘭縣,金面一段
0653,0208-0000,宜蘭縣,金面一段
0653,0209-0000,宜蘭縣,金面一段
0653,0210-0000,宜蘭縣,金面一段
0653,0211-0000,宜蘭縣,金面一段
0653,0212-0000,宜蘭縣,金面一段
0653,0213-0000,宜蘭縣,金面一段
0653,0214-0000,宜蘭縣,金面一段
0653,0215-0000,宜蘭縣,金面一段
0653,0216-0000,宜蘭縣,金面一段
0653,0217-0000,宜蘭縣,金面一段
0653,0218-0000,宜蘭縣,金面一段
0653,0219-0000,宜蘭縣,金面一段
0653,0220-0000,宜蘭縣,金面一段
0653,0221-0000,宜蘭縣,金面一段
0653,0222-0000,宜蘭縣,金面一段
0653,1130-0000,苗栗縣,新盛段
0659,0215-0000,宜蘭縣,新梗枋段
0659,0371-0000,宜蘭縣,新梗枋段
0659,0372-0000,宜蘭縣,新梗枋段
0659,0373-0000,宜蘭縣,新梗枋段
0659,0378-0000,宜蘭縣,新梗枋段
0659,0379-0000,宜蘭縣,新梗枋段
0659,0381-0000,宜蘭縣,新梗枋段
0659,0383-0000,宜蘭縣,新梗枋段
0659,0386-0000,宜蘭縣,新梗枋段
0659,0388-0000,宜蘭縣,新梗枋段
0659,0389-0000,宜蘭縣,新梗枋段
0659,0391-0000,宜蘭縣,新梗枋段
0659,0391-0001,宜蘭縣,新梗枋段
0659,0391-0002,宜蘭縣,新梗枋段
0659,0392-0000,宜蘭縣,新梗枋段
0659,0393-0000,宜蘭縣,新梗枋段
0659,0394-0000,宜蘭縣,新梗枋段
0660,0229-0000,宜蘭縣,福德段
0660,0231-0000,宜蘭縣,福德段
0660,0232-0000,宜蘭縣,福德段
0660,0237-0000,宜蘭縣,福德段
0660,0243-0000,宜蘭縣,福德段
0660,0286-0000,宜蘭縣,福德段
0700,0522-0000,南投縣,竹圍段
0700,0528-0000,南投縣,竹圍段
0706,0910-0000,南投縣,新赤水段
0706,0956-0000,南投縣,新赤水段
0708,0294-0000,南投縣,北大庄段
0709,0432-0000,南投縣,南田子段
0709,0566-0000,南投縣,南田子段
0709,1005-0000,南投縣,南松嶺段
0709,1155-0000,南投縣,南大庄段
0709,1187-0000,南投縣,南大庄段
0709,1194-0000,南投縣,南大庄段
0709,1209-0000,南投縣,南大庄段
0709,1556-0000,南投縣,南大庄段
0709,1558-0000,南投縣,南大庄段
0713,0029-0004,花蓮縣,赤科山段
0713,0029-0010,花蓮縣,赤科山段
0713,0029-0011,花蓮縣,赤科山段
0713,0030-0000,花蓮縣,赤科山段
0713,0030-0002,花蓮縣,赤科山段
0713,0031-0000,花蓮縣,赤科山段
0713,0050-0001,花蓮縣,赤科山段
0713,0050-0004,花蓮縣,赤科山段
0713,0051-0003,花蓮縣,赤科山段
0713,0051-0006,花蓮縣,赤科山段
0713,0070-0000,花蓮縣,赤科山段
0713,0074-0003,花蓮縣,赤科山段
0713,0075-0000,花蓮縣,赤科山段
0713,0075-0003,花蓮縣,赤科山段
0713,0125-0000,花蓮縣,赤科山段
0713,0135-0000,花蓮縣,赤科山段
0713,0135-0001,花蓮縣,赤科山段
0713,0141-0000,花蓮縣,赤科山段
0713,0141-0005,花蓮縣,赤科山段
0713,0146-0000,花蓮縣,赤科山段
0713,0149-0002,花蓮縣,赤科山段
0713,0151-0001,花蓮縣,赤科山段
0713,0151-0002,花蓮縣,赤科山段
0713,0152-0000,花蓮縣,赤科山段
0713,0152-0004,花蓮縣,赤科山段
0713,0157-0000,花蓮縣,赤科山段
0713,0158-0010,花蓮縣,赤科山段
0713,0167-0003,花蓮縣,赤科山段
0713,0170-0000,花蓮縣,赤科山段
0713,0170-0001,花蓮縣,赤科山段
0713,0170-0006,花蓮縣,赤科山段
0713,0171-0000,花蓮縣,赤科山段
0713,0174-0000,花蓮縣,赤科山段
0713,0174-0001,花蓮縣,赤科山段
0713,0178-0000,花蓮縣,赤科山段
0713,0182-0000,花蓮縣,赤科山段
0713,0187-0003,花蓮縣,赤科山段
0713,0187-0004,花蓮縣,赤科山段
0713,0187-0009,花蓮縣,赤科山段
0713,0191-0000,花蓮縣,赤科山段
0713,0194-0000,花蓮縣,赤科山段
0713,0196-0000,花蓮縣,赤科山段
0713,0201-0005,花蓮縣,赤科山段
0713,0225-0000,花蓮縣,赤科山段
0713,0228-0000,花蓮縣,赤科山段
0713,0228-0002,花蓮縣,赤科山段
0713,0229-0000,花蓮縣,赤科山段
0713,0229-0004,花蓮縣,赤科山段
0713,0246-0002,花蓮縣,赤科山段
0713,0247-0000,花蓮縣,赤科山段
0713,0249-0000,花蓮縣,赤科山段
0713,0259-0009,花蓮縣,赤科山段
0713,0266-0000,花蓮縣,赤科山段
0713,0292-0000,花蓮縣,赤科山段
0713,0292-0002,花蓮縣,赤科山段
0713,0293-0002,花蓮縣,赤科山段
0713,0298-0000,花蓮縣,赤科山段
0713,0319-0000,花蓮縣,赤科山段
0713,0320-0000,花蓮縣,赤科山段
0713,0338-0000,花蓮縣,赤科山段
0713,0339-0000,花蓮縣,赤科山段
0713,0359-0000,花蓮縣,赤科山段
0713,2174-0000,花蓮縣,樂合段
0716,0329-0000,苗栗縣,庄東段
0716,0810-0000,南投縣,三崙
0721,0677-0000,南投縣,爽文
0721,0678-0000,南投縣,爽文
0721,0685-0000,南投縣,爽文
0721,0817-0000,南投縣,爽文
0725,0236-0000,南投縣,樟平段
0725,0250-0000,南投縣,樟平段
0725,0647-0000,南投縣,樟平段
0727,0354-0000,南投縣,新二重溪段
0728,0396-0000,南投縣,平林段
0728,0460-0000,南投縣,平林
0730,0394-0000,南投縣,新後寮段
0730,0398-0000,南投縣,新後寮段
0730,0797-0000,南投縣,新後寮段
0730,0967-0000,南投縣,新後寮段
0730,1388-0000,南投縣,新後寮段
0730,1446-0000,南投縣,新後寮段
0754,0270-0000,花蓮縣,麻汝段
0754,0309-0000,花蓮縣,麻汝段
0754,0310-0000,花蓮縣,麻汝段
0754,0311-0000,花蓮縣,麻汝段
0754,0317-0000,花蓮縣,麻汝段
0754,0381-0000,花蓮縣,麻汝段
0754,0489-0000,花蓮縣,麻汝段
0754,0530-0000,花蓮縣,麻汝段
0754,0531-0000,花蓮縣,麻汝段
0754,0534-0000,花蓮縣,麻汝段
0754,0535-0000,花蓮縣,麻汝段
0754,0536-0000,花蓮縣,麻汝段
0754,0744-0000,苗栗縣,南興段
0755,1310-0000,宜蘭縣,梅山段
0755,1310-0003,宜蘭縣,梅山段
0755,1322-0000,宜蘭縣,梅山段
0755,1323-0000,宜蘭縣,梅山段
0755,1330-0000,宜蘭縣,梅山段
0756,0407-0000,宜蘭縣,仁山段
0756,0413-0000,宜蘭縣,仁山段
0756,0415-0000,宜蘭縣,仁山段
0756,0415-0001,宜蘭縣,仁山段
0756,0415-0002,宜蘭縣,仁山段
0756,0415-0003,宜蘭縣,仁山段
0756,0416-0000,宜蘭縣,仁山段
0756,0419-0001,宜蘭縣,仁山段
0756,0419-0002,宜蘭縣,仁山段
0756,1587-0000,花蓮縣,東豐南段
0756,1588-0000,花蓮縣,東豐南段
0756,1589-0000,花蓮縣,東豐南段
0756,1620-0000,花蓮縣,東豐南段
0756,1643-0000,花蓮縣,東豐南段
0757,0091-0000,花蓮縣,哈拉灣段
0757,0095-0000,花蓮縣,哈拉灣段
0757,0096-0000,花蓮縣,哈拉灣段
0757,0098-0000,花蓮縣,哈拉灣段
0757,0101-0000,花蓮縣,哈拉灣段
0757,0108-0000,花蓮縣,哈拉灣段
0757,0676-0000,花蓮縣,哈拉灣段
0757,0728-0000,花蓮縣,哈拉灣段
0757,0729-0000,花蓮縣,哈拉灣段
0757,0729-0001,花蓮縣,哈拉灣段
0759,0267-0001,臺南巿,內庄子段
0759,0267-0002,臺南巿,內庄子段
0759,0494-0000,臺南巿,內庄子段
0759,0698-0000,臺南巿,內庄子段
0761,0778-0000,花蓮縣,新舞鶴段
0761,0779-0000,花蓮縣,新舞鶴段
0761,0780-0000,花蓮縣,新舞鶴段
0761,0781-0000,花蓮縣,新舞鶴段
0761,0782-0000,花蓮縣,新舞鶴段
0761,0783-0000,花蓮縣,新舞鶴段
0761,0784-0000,花蓮縣,新舞鶴段
0771,0307-0000,花蓮縣,吉拉米代段
0771,0740-0000,新竹縣,湖東段
0771,1100-0000,新竹縣,湖東段
0772,0151-0003,新竹縣,湖中段
0772,0700-0000,新竹縣,湖中段
0772,0725-0000,新竹縣,湖中段
0772,0726-0000,新竹縣,湖中段
0772,0741-0000,新竹縣,湖中段
0772,0966-0000,新竹縣,湖中段
0772,0996-0000,新竹縣,湖中段
0772,0997-0000,新竹縣,湖中段
0772,1002-0000,新竹縣,湖中段
0772,1135-0003,新竹縣,湖中段
0772,1220-0000,新竹縣,湖中段
0773,1005-0000,新竹縣,湖西段
0773,1139-0000,花蓮縣,泥火山段
0773,1408-0000,新竹縣,湖西段
0775,0144-0000,新竹縣,下大窩
0776,0184-0000,花蓮縣,蚊子洞段
0778,0286-0000,苗栗縣,雙石段
0778,0289-0000,苗栗縣,雙石段
0782,0092-0000,花蓮縣,埔頭段
0782,0215-0000,花蓮縣,埔頭段
0782,0222-0000,花蓮縣,埔頭段
0782,0255-0000,花蓮縣,埔頭段
0782,0262-0000,花蓮縣,埔頭段
0782,0466-0000,花蓮縣,埔頭段
0782,0470-0000,花蓮縣,埔頭段
0783,0343-0000,花蓮縣,六十石山段
0783,0359-0000,花蓮縣,六十石山段
0783,0757-0000,花蓮縣,六十石山段
0783,0807-0000,花蓮縣,六十石山段
0783,0810-0000,花蓮縣,六十石山段
0783,0858-0000,花蓮縣,六十石山段
0783,0859-0000,花蓮縣,六十石山段
0783,0860-0000,花蓮縣,六十石山段
0783,0863-0000,花蓮縣,六十石山段
0783,0864-0000,花蓮縣,六十石山段
0784,0470-0000,花蓮縣,大肚華段
0785,0080-0000,花蓮縣,梧繞段
0785,0534-0000,花蓮縣,梧繞段
0785,0628-0000,花蓮縣,梧繞段
0785,0631-0000,花蓮縣,梧繞段
0785,0632-0000,花蓮縣,梧繞段
0785,1210-0000,新竹縣,新頭分林段
0786,0135-0000,花蓮縣,谷優段
0786,0156-0000,新竹縣,豐鄉段
0786,0160-0000,新竹縣,豐鄉段
0786,0161-0000,新竹縣,豐鄉段
0786,0336-0000,花蓮縣,谷優段
0786,0338-0001,花蓮縣,谷優段
0786,0338-0002,花蓮縣,谷優段
0786,0459-0000,花蓮縣,谷優段
0786,0732-0000,花蓮縣,谷優段
0786,0868-0000,花蓮縣,谷優段
0786,0894-0000,花蓮縣,谷優段
0786,0900-0000,花蓮縣,谷優段
0786,0936-0000,新竹縣,豐鄉段
0786,0940-0000,新竹縣,豐鄉段
0787,0165-0000,花蓮縣,屋拉力段
0787,0168-0000,花蓮縣,屋拉力段
0787,0452-0000,花蓮縣,屋拉力段
0787,0630-0000,花蓮縣,屋拉力段
0787,0633-0000,花蓮縣,屋拉力段
0787,0634-0000,花蓮縣,屋拉力段
0787,0634-0001,花蓮縣,屋拉力段
0787,1014-0002,花蓮縣,瑞祥段
0787,1203-0000,花蓮縣,屋拉力段
0787,1363-0000,花蓮縣,屋拉力段
0787,1623-0000,花蓮縣,屋拉力段
0787,1632-0000,花蓮縣,屋拉力段
0787,1699-0000,花蓮縣,屋拉力段
0788,0008-0000,花蓮縣,青山段
0788,0067-0000,花蓮縣,青山段
0788,0304-0000,花蓮縣,青山段
0803,0014-0000,臺東縣,愛國蒲段
0803,0014-0001,臺東縣,愛國蒲段
0803,0014-0002,臺東縣,愛國蒲段
0803,0016-0000,臺東縣,愛國蒲段
0803,0047-0000,臺東縣,愛國蒲段
0803,0049-0000,臺東縣,愛國蒲段
0803,0122-0000,臺東縣,愛國蒲段
0803,0122-0014,臺東縣,愛國蒲段
0803,0131-0000,臺東縣,愛國蒲段
0803,0157-0000,臺東縣,愛國蒲段
0803,0160-0000,臺東縣,愛國蒲段
0803,0213-0000,臺東縣,愛國蒲段
0808,0299-0000,臺東縣,新歷坵段
0808,0301-0000,臺東縣,新歷坵段
0808,0308-0000,臺東縣,新歷坵段
0808,0310-0000,臺東縣,新歷坵段
0808,0321-0000,臺東縣,新歷坵段
0808,0333-0000,臺東縣,新歷坵段
0808,0335-0000,臺東縣,新歷坵段
0808,0357-0000,臺東縣,新歷坵段
0808,0358-0000,臺東縣,新歷坵段
0808,0451-0000,臺東縣,新歷坵段
0808,0453-0000,臺東縣,新歷坵段
0808,0455-0000,臺東縣,新歷坵段
0808,0456-0000,臺東縣,新歷坵段
0808,0457-0000,臺東縣,新歷坵段
0810,0530-0000,嘉義縣,三界埔
0810,0531-0000,嘉義縣,三界埔
0810,0538-0002,嘉義縣,三界埔
0810,0538-0005,嘉義縣,三界埔
0810,0538-0007,嘉義縣,三界埔
0814,0223-0005,嘉義縣,塩舘
0814, 0231-0001,嘉義縣,塩舘
0814,0231-0004,嘉義縣,塩舘
0814,0231-0005,嘉義縣,塩舘
0814,0232-0002,嘉義縣,塩舘
0814,0232-0008,嘉義縣,塩舘
0814,0232-0011,嘉義縣,塩舘
0814,0240-0017,嘉義縣,塩舘
0815,0022-0078,嘉義縣,灣潭子段
0815,0030-0001,嘉義縣,灣潭子段
0815,0032-0077,嘉義縣,灣潭子
0815,0032-0083,嘉義縣,灣潭子段
0815,0032-0094,嘉義縣,灣潭子段
0815,0032-0149,嘉義縣,灣潭子段
0815,0089-0000,嘉義縣,灣潭子段
0815,0089-0001,嘉義縣,灣潭子段
0815,0089-0004,嘉義縣,灣潭子段
0815,0089-0006,嘉義縣,灣潭子段
0815,0137-0000,嘉義縣,灣潭子段
0815,0137-0005,嘉義縣,灣潭子段
0815,0139-00002,嘉義縣,灣潭子段
0815,0169-0001,嘉義縣,灣潭子段
0815,0191-0011,嘉義縣,灣潭子段
0815,0224-0009,嘉義縣,灣潭子段
0815,0224-0011,嘉義縣,灣潭子
0815,0262-0004,嘉義縣,灣潭子段
0815,0389-0051,嘉義縣,灣潭子段
0817,0052-0118,嘉義縣,柚子宅
0819,0013-0009,嘉義縣,竹頭崎
0819,0078-0000,嘉義縣,竹頭崎段
0819,0078-0001,嘉義縣,竹頭崎段
0819,0082-0007,嘉義縣,竹頭崎段
0819,0214-0001,嘉義縣,竹頭崎
0819,0299-0039,嘉義縣,竹頭崎段
0819,0300-0036,嘉義縣,竹頭崎段
0819,0302-0077,嘉義縣,竹頭崎
0825,0087-0038,嘉義縣,社口段
0825,0099-0001,嘉義縣,社口段
0825,0154-0001,嘉義縣,社口
0826,0046-0004,嘉義縣,龍山腳段
0827,0135-0004,嘉義縣,石硦
0827,0135-0005,嘉義縣,石硦
0827,0135-0006,嘉義縣,石硦
0827,0135-0007,嘉義縣,石硦
0827,0135-0008,嘉義縣,石硦
0827,0135-0009,嘉義縣,石硦
0827,0135-0011,嘉義縣,石硦
0827,0135-0013,嘉義縣,石硦
0827,0237-0005,嘉義縣,石硦
0827,0237-0012,嘉義縣,石硦
0827,0310-0007,嘉義縣,石硦段
0829,0143-0012,嘉義縣,頂埔段
0830,0096-0002,嘉義縣,三層崎
0831,0008-0005,嘉義縣,凍子脚
0831,0134-0014,嘉義縣,凍子腳
0831,0214-0008,嘉義縣,凍子脚
0831,0214-0016,嘉義縣,凍仔腳段
0831,0214-0069,嘉義縣,凍子脚
0831,0257-0019,嘉義縣,凍仔腳段
0833,0005-0003,嘉義縣,大埔
0833,0005-0005,嘉義縣,大埔
0833,0845-0000,嘉義縣,大埔段
0833,1325-0277,嘉義縣,大埔
0833,1325-0284,嘉義縣,大埔
0833,1413-0079,嘉義縣,大埔段
0833,1445-0041,嘉義縣,大埔段
0833,1445-0474,嘉義縣,大埔
0833,1445-0541,嘉義縣,大埔
0833,1445-0695,嘉義縣,大埔段
0833,1445-0741,嘉義縣,大埔段
0833,1457-0002,嘉義縣,大埔段
0833,1458-0053,嘉義縣,大埔
0833,1458-0070,嘉義縣,大埔
0833,1458-0107,嘉義縣,大埔段
0833,1458-0113,嘉義縣,大埔
0833,1466-0124,嘉義縣,大埔
0834,1325-0330,嘉義縣,柳藤潭段
0848,1171-0000,新北巿,祥和段
0848,1174-0000,新北巿,祥和段
0893,0207-0000,宜蘭縣,復興一段
0893,0211-0000,宜蘭縣,復興一段
0893,0212-0000,宜蘭縣,復興一段
0893,0220-0000,宜蘭縣,復興一段
0893,0422-0000,宜蘭縣,復興一段
0893,0423-0000,宜蘭縣,復興一段
0901,0128-0001,嘉義縣,瓦厝埔
0901,0420-0001,嘉義縣,瓦厝埔
0901,0642-0000,嘉義縣,瓦厝埔段
0901,0977-0000,嘉義縣,瓦厝埔
0901,1025-0024,嘉義縣,瓦厝埔段
0901,1123-0001,嘉義縣,瓦厝埔
0901,1203-0001,嘉義縣,瓦厝埔段
0901,1262-0001,嘉義縣,瓦厝埔
0901,1277-0000,嘉義縣,瓦厝埔
0902,0256-0000,嘉義縣,覆鐤金段
0902,0256-0001,嘉義縣,覆鐤金段
0902,0256-0006,嘉義縣,覆鐤金段
0902,0329-0015,嘉義縣,覆鐤金
0902,0451-0000,南投縣,德興段
0902,0816-0000,嘉義縣,覆鐤金段
0902,0816-0001,嘉義縣,覆鐤金段
0902,0816-0002,嘉義縣,覆鐤金段
0902,0821-0000,嘉義縣,覆鐤金段
0902,0822-0002,嘉義縣,覆鐤金段
0902,0934-0004,南投縣,德興
0902,1176-0002,嘉義縣,覆鐤金
0903,0118-0000,苗栗縣,銑櫃段
0903,0149-0000,嘉義縣,緞厝寮
0903,0492-0000,嘉義縣,緞厝寮
0903,0493-0000,嘉義縣,緞厝寮
0903,0502-0000,嘉義縣,緞厝寮
0903,0503-0000,嘉義縣,緞厝寮
0903,0504-0001,嘉義縣,緞厝寮
0903,0545-0000,嘉義縣,緞厝寮段
0903,0707-0000,苗栗縣,銑櫃段
0903,0798-0000,苗栗縣,銑櫃段
0903,0799-0000,苗栗縣,銑櫃段
0903,1396-0000,苗栗縣,銑櫃段
0904,0037-0000,苗栗縣,竹木段
0904,0044-0000,苗栗縣,竹木段
0904,0390-0000,苗栗縣,竹木段
0904,0420-0000,苗栗縣,竹木段
0904,0428-0000,苗栗縣,竹木段
0905,0143-0000,苗栗縣,義和西段
0905,0144-0000,苗栗縣,義和西段
0905,0147-0000,苗栗縣,義和西段
0905,0150-0000,苗栗縣,義和西段
0905,0151-0000,苗栗縣,義和西段
0905,0154-0000,苗栗縣,義和西段
0905,0155-0000,苗栗縣,義和西段
0905,0156-0000,苗栗縣,義和西段
0905,0195-0000,苗栗縣,義和西段
0905,0217-0000,苗栗縣,義和西段
0905,0372-0000,苗栗縣,義和西段
0905,0414-0000,苗栗縣,義和西段
0905,0419-0000,苗栗縣,義和西段
0905,0420-0000,苗栗縣,義和西段
0905,0432-0000,苗栗縣,義和西段
0905,0557-0000,苗栗縣,義和西段
0905,0567-0000,苗栗縣,義和西段
0905,0568-0000,苗栗縣,義和西段
0905,0570-0000,苗栗縣,義和西段
0905,0573-0000,苗栗縣,義和西段
0905,0574-0000,苗栗縣,義和西段
0905,0575-0000,苗栗縣,義和西段
0905,0900-0000,苗栗縣,義和西段
0906,0078-0000,苗栗縣,栗林北段
0906,0079-0000,苗栗縣,栗林北段
0906,0080-0000,苗栗縣,栗林北段
0906,0083-0013,嘉義縣,灣橋
0906,0101-0000,苗栗縣,栗林北段
0906,0102-0000,苗栗縣,栗林北段
0906,0104-0000,苗栗縣,栗林北段
0906,0147-0000,苗栗縣,栗林北段
0906,0376-0000,苗栗縣,栗林北段
0906,0411-0000,苗栗縣,栗林北段
0906,0578-0000,苗栗縣,栗林北段
0906,0579-0000,苗栗縣,栗林北段
0906,0580-0000,苗栗縣,栗林北段
0906,0581-0000,苗栗縣,栗林北段
0906,0582-0000,苗栗縣,栗林北段
0906,0583-0000,苗栗縣,栗林北段
0906,0584-0000,苗栗縣,栗林北段
0906,0632-0000,苗栗縣,栗林北段
0906,0633-0000,苗栗縣,栗林北段
0906,0635-0000,苗栗縣,栗林北段
0906,0816-0000,苗栗縣,栗林北段
0906,0828-0000,苗栗縣,栗林北段
0907,0130-0004,嘉義縣,內埔子段
0907,0143-0000,嘉義縣,內埔子段
0907,0146-0010,嘉義縣,內埔子
0907,0210-0002,嘉義縣,內埔子段
0907,0343-0000,苗栗縣,栗林南段
0907,0344-0000,苗栗縣,栗林南段
0907,0438-0000,苗栗縣,栗林南段
0907,0451-0000,苗栗縣,栗林南段
0907,0452-0000,苗栗縣,栗林南段
0907,0471-0000,苗栗縣,栗林南段
0907,0587-0000,苗栗縣,栗林南段
0907,1020-0007,嘉義縣,內埔子
0907,1333-0016,嘉義縣,內埔子段
0907,1370-0014,嘉義縣,內埔子
0907,1396-0000,嘉義縣,內埔子段
0907,1487-0000,嘉義縣,內埔子段
0907,1571-0007,嘉義縣,內埔子
0907,1831-0001,嘉義縣,內埔子段
0908,0048-0000,苗栗縣,新開北段
0908,0049-0000,苗栗縣,新開北段
0908,0051-0000,苗栗縣,新開北段
0908,0199-0005,嘉義縣,樟樹坪
0908,0233-0000,苗栗縣,新開北段
0908,0317-0000,嘉義縣,樟樹坪段
0908,0317-0001,嘉義縣,樟樹坪段
0908,0374-0000,嘉義縣,樟樹坪段
0908,0375-0000,嘉義縣,樟樹坪段
0908,0401-0001,嘉義縣,樟樹坪
0908,0403-0001,嘉義縣,樟樹坪
0908,0998-0000,嘉義縣,樟樹坪段
0908,0998-0001,嘉義縣,樟樹坪段
0908,1343-0000,嘉義縣,樟樹坪
0908,1454-0000,嘉義縣,樟樹坪
0908,1488-0002,嘉義縣,樟樹坪段
0909,0008-0008,嘉義縣,金獅寮段
0909,0008-0030,嘉義縣,金獅寮
0909,0009-0016,嘉義縣,金獅寮
0909,0012-0030,嘉義縣,金獅寮段
0909,0012-0049,嘉義縣,金獅寮
0909,0023-0000,苗栗縣,新開南段
0909,0025-0000,苗栗縣,新開南段
0910,0012-0088,嘉義縣,番子潭
0910,0012-0196,嘉義縣,番子潭
0910,0012-0238,嘉義縣,番子潭
0910,0045-0000,苗栗縣,百壽段
0910,0046-0000,苗栗縣,百壽段
0910,0047-0000,苗栗縣,百壽段
0910,0048-0000,苗栗縣,百壽段
0910,0049-0000,苗栗縣,百壽段
0910,0122-0000,苗栗縣,百壽段
0910,0180-0000,苗栗縣,百壽段
0910,0236-0000,苗栗縣,百壽段
0910,0242-0000,苗栗縣,百壽段
0910,0243-0000,苗栗縣,百壽段
0910,0470-0000,苗栗縣,百壽段
0910,0472-0000,苗栗縣,百壽段
0910,0559-0000,苗栗縣,百壽段
0910,0693-0000,苗栗縣,百壽段
0910,0696-0000,苗栗縣,百壽段
0910,0697-0000,苗栗縣,百壽段
0910,0700-0000,苗栗縣,百壽段
0910,0701-0000,苗栗縣,百壽段
0910,0741-0000,苗栗縣,百壽段
0910,0747-0000,苗栗縣,百壽段
0911,0098-0000,苗栗縣,景山段
0911,0111-0000,苗栗縣,景山段
0911,0112-0000,苗栗縣,景山段
0911,0197-0000,苗栗縣,景山段
0911,0246-0000,苗栗縣,景山段
0911,0279-0001,嘉義縣,獅子頭
0911,0384-0000,苗栗縣,景山段
0911,0548-0000,苗栗縣,景山段
0911,0581-0000,苗栗縣,景山段
0911,0629-0000,南投縣,延豐段
0911,0637-0001,南投縣,延豐段
0911,0640-0000,南投縣,延豐段
0911,0727-0000,苗栗縣,景山段
0911,0847-0000,苗栗縣,景山段
0912,0397-0000,南投縣,瑞山段
0912,0714-0000,南投縣,瑞山
0912,0778-0000,苗栗縣,草寮段
0912,0926-0000,南投縣,瑞山段
0912,0976-0000,南投縣,瑞山段
0913,0074-0000,苗栗縣,武榮段
0913,0077-0000,苗栗縣,武榮段
0913,0096-0721,苗栗縣,武榮段
0913,0097-0000,嘉義縣,羗子科段
0913,0426-0000,苗栗縣,武榮段
0913,0593-0000,苗栗縣,武榮段
0913,0594-0000,苗栗縣,武榮段
0914,0014-0035,嘉義縣,糞箕湖
0914,0030-0035,嘉義縣,糞箕湖
0914,0979-0000,苗栗縣,薑麻段
0915,0998-0000,花蓮縣,宮下段
0915,1019-0000,花蓮縣,宮下段
0915,1022-0000,花蓮縣,宮下段
0915,1154-0000,花蓮縣,宮下段
0916,0042-0000,南投縣,坪頂段
0916,0691-0000,南投縣,坪頂
0917,0365-0000,南投縣,新勞水坑
0919,0113-0029,嘉義縣,大草埔段
0919,0177-0004,嘉義縣,大草埔段
0921,0010-0002,嘉義縣,大坪段
0921,0040-0007,嘉義縣,大坪
0921,0040-0008,嘉義縣,大坪段
0921,0041-0060,嘉義縣,大坪
0921,0042-0007,嘉義縣,大坪
0921,0042-0047,嘉義縣,大坪段
0921,0043-0037,嘉義縣,大坪
0921,0052-0010,嘉義縣,大坪段
0921,0056-0025,嘉義縣,大坪段
0921,0056-0027,嘉義縣,大坪段
0921,0056-0046,嘉義縣,大坪
0921,0056-0051,嘉義縣,大坪段
0921,0074-0001,嘉義縣,大坪
0921,0200-0000,南投縣,清秀
0921,0202-0000,南投縣,清秀
0921,0326-0000,嘉義縣,大坪
0921,0349-0000,嘉義縣,大坪段
0921,0379-0000,嘉義縣,大坪
0921,0559-0000,嘉義縣,大坪段
0922,0239-0018,嘉義縣,龍眼林
0922,0352-0000,嘉義縣,龍眼林
0922,0354-0003,嘉義縣,龍眼林
0922,0376-0000,嘉義縣,龍眼林
0922,0396-0002,嘉義縣,龍眼林段
0922,0396-0032,嘉義縣,龍眼林
0923,0015-0001,嘉義縣,生毛樹
0923,0040-0000,嘉義縣,生毛樹段
0923,0040-0001,嘉義縣,生毛樹段
0923,0041-0000,嘉義縣,生毛樹段
0923,0044-0000,嘉義縣,生毛樹
0923,0044-0001,嘉義縣,生毛樹
0923,0044-0002,嘉義縣,生毛樹
0923,0044-0003,嘉義縣,生毛樹段
0923,0045-0000,嘉義縣,生毛樹
0923,0059-0000,嘉義縣,生毛樹段
0923,0059-0001,嘉義縣,生毛樹段
0923,0059-0002,嘉義縣,生毛樹段
0923,0059-0003,嘉義縣,生毛樹段
0923,0062-0000,嘉義縣,生毛樹段
0923,0070-0000,嘉義縣,生毛樹段
0923,0072-0000,嘉義縣,生毛樹
0923,0075-0002,嘉義縣,生毛樹段
0923,0090-0002,嘉義縣,生毛樹
0923,0092-0000,嘉義縣,生毛樹
0923,0092-0001,嘉義縣,生毛樹
0923,0136-0000,嘉義縣,生毛樹段
0923,0265-0000,嘉義縣,生毛樹
0923,0266-0000,嘉義縣,生毛樹
0923,0266-0001,嘉義縣,生毛樹
0923,0297-0001,嘉義縣,生毛樹
0923,0297-0003,嘉義縣,生毛樹
0923,0298-0001,嘉義縣,生毛樹
0923,0298-0002,嘉義縣,生毛樹
0923,0298-0003,嘉義縣,生毛樹
0923,0333-0003,嘉義縣,生毛樹
0923,035-0000,嘉義縣,生毛樹段
0923,0352-0000,嘉義縣,生毛樹段
0923,0353-0000,嘉義縣,生毛樹
0923,0353-0004,嘉義縣,生毛樹段
0923,0357-0001,嘉義縣,生毛樹
0923,0398-0000,嘉義縣,生毛樹段
0923,0398-0001,嘉義縣,生毛樹段
0923,0398-0004,嘉義縣,生毛樹段
0923,0398-0005,嘉義縣,生毛樹段
0923,0399-0001,嘉義縣,生毛樹段
0923,0399-0005,嘉義縣,生毛樹段
0923,0419-0000,嘉義縣,生毛樹段
0923,0427-0000,嘉義縣,生毛樹
0923,0433-0001,嘉義縣,生毛樹
0923,0433-0002,嘉義縣,生毛樹
0923,0433-0004,嘉義縣,生毛樹
0923,0466-0021,嘉義縣,生毛樹段
0923,0468-0009,嘉義縣,生毛樹段
0923,0473-0002,嘉義縣,生毛樹段
0923,0474-0000,嘉義縣,生毛樹段
0923,0475-0000,嘉義縣,生毛樹段
0923,0498-0000,嘉義縣,生毛樹
0923,0501-0003,嘉義縣,生毛樹段
0923,0501-0006,嘉義縣,生毛樹
0923,0505-0000,嘉義縣,生毛樹
0923,0506-0000,嘉義縣,生毛樹
0923,0516-0000,嘉義縣,生毛樹段
0923,0524-0000,嘉義縣,生毛樹段
0923,0525-0001,嘉義縣,生毛樹段
0923,0527-0002,嘉義縣,生毛樹段
0923,0538-0003,嘉義縣,生毛樹段
0923,0540-0000,嘉義縣,生毛樹段
0923,0550-0002,嘉義縣,生毛樹
0923,0550-0006,嘉義縣,生毛樹
0923,0556-0000,嘉義縣,生毛樹段
0923,0556-0001,嘉義縣,生毛樹段
0923,0556-0002,嘉義縣,生毛樹段
0923,0566-0000,嘉義縣,生毛樹段
0923,0567-0001,嘉義縣,生毛樹段
0923,0573-0000,嘉義縣,生毛樹段
0923,0602-0002,嘉義縣,生毛樹段
0923,0602-0008,嘉義縣,生毛樹段
0923,0606-0000,嘉義縣,生毛樹
0923,0609-0000,嘉義縣,生毛樹段
0923,0609-0001,嘉義縣,生毛樹段
0923,0614-0004,嘉義縣,生毛樹段
0923,0626-0002,嘉義縣,生毛樹
0923,0626-0004,嘉義縣,生毛樹
0923,0626-0013,嘉義縣,生毛樹
0923,0626-0014,嘉義縣,生毛樹
0923,0640-0000,嘉義縣,生毛樹
0923,0640-0001,嘉義縣,生毛樹
0923,0644-0005,嘉義縣,生毛樹段
0923,0646-0004,嘉義縣,生毛樹段
0923,0650-0000,嘉義縣,生毛樹段
0923,0651-0000,嘉義縣,生毛樹段
0923,0651-0001,嘉義縣,生毛樹段
0923,0676-0000,嘉義縣,生毛樹段
0923,0690-0000,嘉義縣,生毛樹
0923,0746-0000,嘉義縣,生毛樹
0923,0779-0000,嘉義縣,生毛樹段
0923,0779-0002,嘉義縣,生毛樹
0923,0782-0000,嘉義縣,生毛樹段
0923,0796-0001,嘉義縣,生毛樹段
0923,0797-0000,嘉義縣,生毛樹段
0923,0797-0001,嘉義縣,生毛樹段
0923,0826-0000,嘉義縣,生毛樹
0923,0842-0012,嘉義縣,生毛樹
0923,0842-0014,嘉義縣,生毛樹
0923,0842-0019,嘉義縣,生毛樹
0923,0844-0008,嘉義縣,生毛樹
0923,0844-0010,嘉義縣,生毛樹
0923,0845-0001,嘉義縣,生毛樹
0923,0858-0003,嘉義縣,生毛樹段
0923,0895-0001,嘉義縣,生毛樹
0923,0951-0000,嘉義縣,生毛樹段
0923,0952-0000,嘉義縣,生毛樹段
0923,0952-0002,嘉義縣,生毛樹段
0923,0955-0000,嘉義縣,生毛樹段
0923,0955-0001,嘉義縣,生毛樹段
0923,0959-0000,嘉義縣,生毛樹段
0923,0994-0000,嘉義縣,生毛樹段
0923,0996-0002,嘉義縣,生毛樹
0923,0996-0003,嘉義縣,生毛樹
0923,0996-0004,嘉義縣,生毛樹段
0923,1003-0004,嘉義縣,生毛樹段
0923,1003-0006,嘉義縣,生毛樹段
0923,1006-0004,嘉義縣,生毛樹段
0923,1022-0000,嘉義縣,生毛樹
0923,1022-0001,嘉義縣,生毛樹
0923,1038-0000,嘉義縣,生毛樹
0923,1053-0001,嘉義縣,生毛樹
0923,1054-0000,嘉義縣,生毛樹段
0923,1056-0001,嘉義縣,生毛樹段
0923,1058-0001,嘉義縣,生毛樹段
0923,1070-0000,嘉義縣,生毛樹段
0923,1074-0000,嘉義縣,生毛樹段
0923,1080-0003,嘉義縣,生毛樹段
0923,1080-0004,嘉義縣,生毛樹段
0923,1107-0000,嘉義縣,生毛樹
0923,1108-0000,嘉義縣,生毛樹
0923,1111-0000,嘉義縣,生毛樹
0923,1131-0000,嘉義縣,生毛樹
0923,1133-0001,嘉義縣,生毛樹
0923,1160-0001,嘉義縣,生毛樹段
0923,1163-0000,嘉義縣,生毛樹段
0923,1164-0000,嘉義縣,生毛樹段
0923,1178-0001,嘉義縣,生毛樹段
0923,1178-0002,嘉義縣,生毛樹段
0923,1202-0000,嘉義縣,生毛樹
0923,1203-0000,嘉義縣,生毛樹段
0923,1205-0000,嘉義縣,生毛樹段
0923,1210-0001,嘉義縣,生毛樹
0923,1213-0000,嘉義縣,生毛樹段
0923,1213-0002,嘉義縣,生毛樹段
0923,1218-0000,嘉義縣,生毛樹
0923,1222-0000,嘉義縣,生毛樹
0923,1229-0000,嘉義縣,生毛樹段
0923,1233-0000,嘉義縣,生毛樹
0923,1241-001,嘉義縣,生毛樹段
0923,1242-0000,嘉義縣,生毛樹
0923,1251-0000,嘉義縣,生毛樹段
0923,1290-0000,嘉義縣,生毛樹
0923,1291-0000,嘉義縣,生毛樹
0923,1297-0000,嘉義縣,生毛樹
0923,1311-0000,嘉義縣,生毛樹
0923,1312-0000,嘉義縣,生毛樹
0923,1334-0000,嘉義縣,生毛樹
0923,1334-0001,嘉義縣,生毛樹
0923,1338-0001,嘉義縣,生毛樹段
0923,1341-0000,嘉義縣,生毛樹
0923,1348-0000,嘉義縣,生毛樹
0923,1404-0000,嘉義縣,生毛樹段
0923,1491-0000,嘉義縣,生毛樹
0923,1492-0000,嘉義縣,生毛樹段
0923,1494-0000,嘉義縣,生毛樹段
0923,1528-0001,嘉義縣,生毛樹段
0923,1531-0000,嘉義縣,生毛樹
0923,1537-0000,嘉義縣,生毛樹段
0923,1538-0000,嘉義縣,生毛樹段
0923,1539-0000,嘉義縣,生毛樹段
0923,1541-0000,嘉義縣,生毛樹
0923,1543-0004,嘉義縣,生毛樹
0923,1544-0000,嘉義縣,生毛樹
0923,1548-0000,嘉義縣,生毛樹
0923,1555-0000,嘉義縣,生毛樹
0923,1558-0000,嘉義縣,生毛樹
0923,1561-0004,嘉義縣,生毛樹
0923,1568-0000,嘉義縣,生毛樹
0923,1570-0004,嘉義縣,生毛樹
0923,1588-0001,嘉義縣,生毛樹
0924,0001-0000,嘉義縣,科子林段
0924,0017-0001,嘉義縣,科子林段
0924,0019-0006,嘉義縣,科子林
0924,0037-0000,嘉義縣,科子林
0924,0120-0000,南投縣,大坪段
0924,0125-0000,南投縣,大坪段
0924,0142-0000,宜蘭縣,松羅二段
0924,0144-0000,宜蘭縣,松羅二段
0924,0147-0000,宜蘭縣,松羅二段
0924,0148-0000,宜蘭縣,松羅二段
0924,0289-0000,嘉義縣,科子林
0924,0290-0003,嘉義縣,科子林
0924,0291-0000,嘉義縣,科子林
0924,0296-0000,嘉義縣,科子林段
0924,0301-0005,嘉義縣,科子林段
0924,0310-0000,嘉義縣,科子林
0924,0314-0001,嘉義縣,科子林
0924,0314-0040,嘉義縣,科子林段
0924,0314-0050,嘉義縣,科子林
0924,0316-0001,嘉義縣,科子林段
0924,0321-0001,嘉義縣,科子林段
0924,0321-0003,嘉義縣,科子林段
0924,0335-0000,嘉義縣,科子林段
0924,0336-0005,嘉義縣,科子林段
0924,0340-0002,嘉義縣,科子林段
0924,0340-0005,嘉義縣,科子林段
0924,0340-0006,嘉義縣,科子林段
0924,0343-0005,嘉義縣,科子林段
0924,0343-0006,嘉義縣,科子林段
0924,0343-0008,嘉義縣,科子林段
0924,0352-0003,嘉義縣,科子林段
0924,0377-0001,嘉義縣,科子林
0924,0377-0013,嘉義縣,科子林
0924,0377-0015,嘉義縣,科子林
0924,0377-0020,嘉義縣,科子林段
0924,0377-0026,嘉義縣,科子林
0924,0383-0001,嘉義縣,科子林
0924,0424-0001,嘉義縣,科子林段
0924,0432-0004,嘉義縣,科子林段
0924,0443-0043,嘉義縣,科子林段
0924,0443-0044,嘉義縣,科子林段
0924,0454-0000,嘉義縣,科子林段
0924,0462-0017,嘉義縣,科子林段
0924,0464-0000,嘉義縣,科子林
0924,0525-0000,嘉義縣,科子林
0924,0570-0000,南投縣,大坪
0924,0599-0000,嘉義縣,科子林
0924,0611-0001,嘉義縣,科子林
0924,0616-0025,嘉義縣,科子林
0924,0672-0001,嘉義縣,科子林
0924,0711-0000,嘉義縣,科子林
0924,0711-0002,嘉義縣,科子林段
0924,0725-0000,嘉義縣,科子林
0924,0725-0001,嘉義縣,科子林
0924,0753-0002,嘉義縣,科子林
0924,0774-0005,嘉義縣,科子林段
0924,0779-0006,嘉義縣,科子林段
0924,0781-0006,嘉義縣,科子林
0924,0787-0000,嘉義縣,科子林
0924,0790-0000,嘉義縣,科子林
0924,0799-0004,嘉義縣,科子林
0924,0799-0005,嘉義縣,科子林
0924,0873-0000,嘉義縣,科子林段
0924,1001-0000,嘉義縣,科子林段
0925,0368-0000,宜蘭縣,松羅三段
0928,0270-0000,南投縣,八通關
0928,0313-0000,南投縣,八通關段
0928,0518-0000,南投縣,八通關
0928,0654-0000,南投縣,八通關
0928,0734-0000,南投縣,八通關
0930,0002-0206,嘉義縣,番路
0930,0009-0019,嘉義縣,番路段
0930,0009-0059,嘉義縣,番路
0930,0014-0030,嘉義縣,番路段
0930,0052-0018,嘉義縣,番路段
0930,0052-0063,嘉義縣,番路段
0930,0052-0080,嘉義縣,番路
0930,0052-0101,嘉義縣,番路段
0930,0058-0000,嘉義縣,番路
0930,0063-0049,嘉義縣,番路
0930,0063-0183,嘉義縣,番路段
0930,0065-0052,嘉義縣,番路段
0930,0091-0001,嘉義縣,番路
0930,0132-0093,嘉義縣,番路段
0930,0132-0095,嘉義縣,番路段
0930,0132-0170,嘉義縣,番路
0930,0132-0217,嘉義縣,番路段
0930,0132-0284,嘉義縣,番路
0930,0132-0421,嘉義縣,番路段
0930,0148-0019,嘉義縣,番路
0930,0162-0009,嘉義縣,番路段
0930,0216-0000,嘉義縣,番路段
0930,0216-0002,嘉義縣,番路段
0930,0327-0008,嘉義縣,番路
0930,0359-0006,嘉義縣,番路段
0930,0368-0003,嘉義縣,番路
0930,0418-0003,嘉義縣,番路段
0932,0001-0001,嘉義縣,內甕段
0932,0004-0000,嘉義縣,內甕
0932,0005-0000,嘉義縣,內甕
0932,0030-0001,嘉義縣,內甕段
0932,0103-0027,嘉義縣,內甕
0935,0084-0022,嘉義縣,大湖段
0935,0084-0065,嘉義縣,大湖段
0935,0084-0100,嘉義縣,大湖
0935,0085-0007,嘉義縣,大湖段
0935,0085-0015,嘉義縣,大湖段
0935,0085-0085,嘉義縣,大湖段
0935,0085-0088,嘉義縣,大湖段
0935,0088-0001,嘉義縣,大湖
0935,0102-0001,嘉義縣,大湖
0935,0106-0043,嘉義縣,大湖段
0935,0109-0007,嘉義縣,大湖段
0935,0119-0019,嘉義縣,大湖
0936,0008-0020,嘉義縣,公田段
0936,0025-0103,嘉義縣,公田
0936,0049-0048,嘉義縣,公田段
0936,0053-0001,嘉義縣,公田
0936,0063-0012,嘉義縣,公田段
0936,0068-0001,嘉義縣,公田
0936,0069-0018,嘉義縣,公田
0936,0284-0000,嘉義縣,公田
0936,0317-0000,嘉義縣,公田段
0936,0339-0000,嘉義縣,公田段
0936,0366-0000,嘉義縣,公田段
0936,0401-0000,嘉義縣,公田
0936,0435-0005,嘉義縣,公田
0936,0536-0000,嘉義縣,公田段
0936,0585-0000,嘉義縣,公田
0936,0718-0000,嘉義縣,公田段
0936,0760-0000,嘉義縣,公田
0936,0768-0000,嘉義縣,公田段
0936,0794-0000,嘉義縣,公田
0942,0069-0002,嘉義縣,新美段
0942,0122-0000,嘉義縣,新美段
0948,0059-0002,嘉義縣,豐山段
0948,0060-0002,嘉義縣,豐山段
0948,0060-0003,嘉義縣,豐山段
0948,0062-0007,嘉義縣,豐山段
0948,0063-0002,嘉義縣,豐山段
0948,0063-0003,嘉義縣,豐山段
0948,0072-0001,嘉義縣,豐山
0948,0073-0001,嘉義縣,豐山
0957,0097-0000,嘉義縣,雙梅
0964,0154-0001,臺北巿,平等段一小段
0964,0172-0000,臺北巿,平等段一小段
0974,0034-0000,嘉義縣,朝天
0977,0372-0001,新北巿,茄苳腳段
0997,0145-0008,嘉義縣,內埔
0998,0208-0002,嘉義縣,昇平
1003,1338-0000,新竹縣,峨眉段
1005,0005-0000,新竹縣,赤柯坪段
1005,0006-0000,新竹縣,赤柯坪
1005,0007-0000,新竹縣,赤柯坪
1005,0030-0000,新竹縣,赤柯坪段
1005,0080-0000,新竹縣,赤柯坪
1005,0087-0000,新竹縣,赤柯坪
1005,0088-0000,新竹縣,赤柯坪
1005,0091-0000,新竹縣,赤柯坪
1005,0123-0000,新竹縣,赤柯坪段
1005,0127-0000,新竹縣,赤柯坪段
1005,0128-0000,新竹縣,赤柯坪段
1005,0129-0000,新竹縣,赤柯坪段
1005,0130-0000,新竹縣,赤柯坪段
1005,0779-0000,新竹縣,赤柯坪
1017,0251-0000,嘉義縣,南下坑
1017,1244-0000,嘉義縣,南下坑段
1017,1245-0000,嘉義縣,南下坑段
1017,1255-0000,嘉義縣,南下坑
1018,1047-0000,嘉義縣,北下坑
1018,1221-0001,嘉義縣,北下坑
1029,0029-0000,臺東縣,新都威段
1030,0396-0000,臺東縣,玉港段
1030,0452-0000,臺東縣,玉港段
1030,0471-0000,臺東縣,玉港段
1030,0471-0001,臺東縣,玉港段
1030,0471-0002,臺東縣,玉港段
1030,0471-0003,臺東縣,玉港段
1031,0426-0000,臺東縣,新美山段
1031,0436-0000,臺東縣,新美山段
1036,1110-0000,臺東縣,新竹湖
1036,1113-0000,臺東縣,新竹湖
1037,0312-0000,臺東縣,永福段
1037,0313-0000,臺東縣,永福段
1037,0315-0000,臺東縣,永福段
1037,0321-0000,臺東縣,永福段
1040,0002-0000,臺東縣,南都蘭段
1040,0006-0000,臺東縣,南都蘭段
1040,0007-0000,臺東縣,南都蘭段
1043,0545-0000,臺東縣,新八邊段
1043,0547-0000,臺東縣,新八邊段
1043,0549-0000,臺東縣,新八邊段
1043,0597-0000,臺東縣,新八邊段
1110,0604-0000,苗栗縣,石頭坑段
1110,0613-0000,苗栗縣,石頭坑段
1110,0893-0000,苗栗縣,石頭坑段
1110,0915-0000,苗栗縣,石頭坑段
1110,1090-0000,苗栗縣,石頭坑段
1110,1090-0001,苗栗縣,石頭坑段
1110,1090-0002,苗栗縣,石頭坑段
1110,1090-0003,苗栗縣,石頭坑段
1110,1277-0000,苗栗縣,石頭坑段
1110,1280-0000,苗栗縣,石頭坑段
1110,1281-0000,苗栗縣,石頭坑段
1110,1283-0000,苗栗縣,石頭坑段
1110,1284-0000,苗栗縣,石頭坑段
1110,1285-0000,苗栗縣,石頭坑段
1110,1293-0000,苗栗縣,石頭坑段
1110,1294-0000,苗栗縣,石頭坑段
1111,0957-0000,苗栗縣,南勢林坑段
1112,0819-0000,苗栗縣,湖內段
1142,0187-0000,南投縣,溪南段
1142,0188-0000,南投縣,溪南段
1142,0189-0000,南投縣,溪南段
1142,0261-0000,南投縣,溪南段
1142,0589-0000,南投縣,溪南
1143,0015-0000,臺中巿,大學段
1143,0073-0000,臺中巿,大學段
1143,0142-0000,臺中巿,大學段
1144,0314-0000,臺中巿,大滿段
1144,0326-0001,臺中巿,大滿段
1144,0326-0002,臺中巿,大滿段
1144,0326-0003,臺中巿,大滿段
1144,0328-0000,臺中巿,大滿段
1144,0364-0000,臺中巿,大滿段
1144,0594-0000,臺中巿,大滿段
1144,0597-0000,臺中巿,大滿段
1144,0647-0000,臺中巿,大滿段
1144,0647-0001,臺中巿,大滿段
1144,0647-0002,臺中巿,大滿段
1144,0651-0000,臺中巿,大滿段
1146,0005-0000,臺中巿,大榮段
1146,0038-0000,臺中巿,大榮段
1146,0038-0017,臺中巿,大榮段
1146,0050-0000,臺中巿,大榮段
1146,0063-0000,臺中巿,大榮段
1146,0078-0001,臺中巿,大榮段
1146,0078-0004,臺中巿,大榮段
1146,0080-0000,臺中巿,大榮段
1146,0081-0002,臺中巿,大榮段
1146,0098-0000,臺中巿,大榮段
1146,0122-0000,臺中巿,大榮段
1146,0129-0004,臺中巿,大榮段
1146,0135-0000,臺中巿,大榮段
1146,0142-0000,臺中巿,大榮段
1146,0144-0000,臺中巿,大榮段
1146,0145-0000,臺中巿,大榮段
1146,0189-0000,臺中巿,大榮段
1146,0203-0002,臺中巿,大榮段
1146,0239-0002,臺中巿,大榮段
1146,0239-0006,臺中巿,大榮段
1146,0301-0000,臺中巿,大榮段
1146,0350-0000,臺中巿,大榮段
1146,0353-0000,臺中巿,大榮段
1146,0355-0000,臺中巿,大榮段
1146,0382-0000,臺中巿,大榮段
1146,0833-0000,臺中巿,大榮段
1147,0108-0000,臺中巿,大昌段
1147,0108-0003,臺中巿,大昌段
1147,0414-0000,臺中巿,大昌段
1147,0428-0000,臺中巿,大昌段
1147,0591-0000,臺中巿,大昌段
1147,0596-0000,臺中巿,大昌段
1147,0728-0000,臺中巿,大昌段
1147,0730-0000,臺中巿,大昌段
1147,0997-0000,臺中巿,大昌段
1147,0998-0000,臺中巿,大昌段
1147,0998-0001,臺中巿,大昌段
1148,0087-0004,臺中巿,大盛段
1148,0209-0003,臺中巿,大盛段
1148,0252-0000,臺中巿,大盛段
1148,0253-0000,臺中巿,大盛段
1148,0254-0000,臺中巿,大盛段
1148,0256-0000,臺中巿,大盛段
1148,0387-0000,臺中巿,大盛段
1148,0387-0001,臺中巿,大盛段
1148,0425-0000,臺中巿,大盛段
1148,0527-0000,臺中巿,大盛段
1148,0601-0014,臺中巿,大盛段
1148,0699-0002,臺中巿,大盛段
1148,0699-0003,臺中巿,大盛段
1148,0699-0004,臺中巿,大盛段
1148,0770-0000,臺中巿,大盛段
1149,0036-0002,臺中巿,大華段
1149,0037-0000,臺中巿,大華段
1149,0165-0000,臺中巿,大華段
1149,0167-0000,臺中巿,大華段
1149,0708-0000,臺中巿,大華段
1149,0733-0000,臺中巿,大華段
1149,0905-0000,臺中巿,大華段
1150,0471-0000,臺中巿,大富段
1152,0035-0000,臺中巿,大豐段
1159,1094-0000,南投縣,東埔段
1159,1334-0000,南投縣,東埔
1159,1335-0000,南投縣,東埔
1159,1339-0000,南投縣,東埔
1163,0232-0000,南投縣,香茶段
1163,0434-0000,南投縣,香茶
1163,0454-0000,南投縣,香茶段
1163,0593-0000,南投縣,香茶段
1163,1336-0000,南投縣,香茶段
1164,0329-0000,南投縣,史港
1165,0822-0000,南投縣,田頭社
1165,0826-0000,南投縣,田頭社
1165,0834-0000,南投縣,田頭社
1167,0304-0000,南投縣,大雁頂段
1167,1042-0000,南投縣,大雁頂段
1170,0110-0000,南投縣,共和段
1170,1138-0000,南投縣,共和段
1172,0598-0000,南投縣,九族
1177,1192-0000,南投縣,水流東
1906,0096-0000,桃園巿,北坑段
1906,0474-0000,桃園巿,北坑段
1906,0474-0007,桃園巿,北坑段
1914,0938-0000,桃園巿,烏塗段
1914,1147-0000,桃園巿,烏塗段
1925,0478-0000,桃園巿,新峰段
1925,0645-0000,桃園巿,新峰段
1930,0721-0000,桃園巿,大窩段
1930,0739-0000,桃園巿,大窩段
1935,1650-0000,桃園巿,三民段
1935,1651-0000,桃園巿,三民段
1936,0134-0000,桃園巿,華興段
1936,0191-0000,桃園巿,華興段
1936,3264-0000,桃園巿,華興段
1936,3349-0000,桃園巿,華興段
1944,0735-0000,桃園巿,砂崙段
1944,0740-0000,桃園巿,砂崙段
2402,0665-0002,臺中巿,下南坑段
2402,0678-0000,臺中巿,下南坑段
2402,0687-0004,臺中巿,下南坑段
2402,0703-0008,臺中巿,下南坑段
2402,0703-0012,臺中巿,下南坑段
2402,0703-0021,臺中巿,下南坑段
2402,0704-0002,臺中巿,下南坑段
2402,0704-0025,臺中巿,下南坑段
2402,0704-0026,臺中巿,下南坑段
2402,0704-0144,臺中巿,下南坑段
2402,0825-0011,臺中巿,下南坑段
2402,0825-0013,臺中巿,下南坑段
2402,0876-0000,臺中巿,下南坑段
2402,0890-0036,臺中巿,下南坑段
2402,0890-0078,臺中巿,下南坑段
2402,0908-0000,臺中巿,下南坑段
2402,0939-0000,臺中巿,下南坑段
2402,0953-0000,臺中巿,下南坑段
2402,0962-0000,臺中巿,下南坑段
2402,0962-0001,臺中巿,下南坑段
2402,0986-0000,臺中巿,下南坑段
2402,0987-0000,臺中巿,下南坑段
2402,1039-0000,臺中巿,下南坑段
2402,1046-0000,臺中巿,下南坑段
2402,1074-0000,臺中巿,下南坑段
2402,1076-0000,臺中巿,下南坑段
2402,1076-0001,臺中巿,下南坑段
2402,1076-0011,臺中巿,下南坑段
2402,1088-0002,臺中巿,下南坑段
2402,1088-0003,臺中巿,下南坑段
2402,1136-0002,臺中巿,下南坑段
2402,1144-0005,臺中巿,下南坑段
2402,1144-0007,臺中巿,下南坑段
2402,1159-0000,臺中巿,下南坑段
2403,0636-0004,臺中巿,上南坑段
2403,0664-0003,臺中巿,上南坑段
2403,0664-0013,臺中巿,上南坑段
2403,0664-0014,臺中巿,上南坑段
2403,0681-0001,臺中巿,上南坑段
2403,0707-0009,臺中巿,上南坑段
2405,0004-0004,臺中巿,翁子段
2405,0004-0008,臺中巿,翁子段
2405,0006-0008,臺中巿,翁子段
2405,0007-0005,臺中巿,翁子段
2405,0011-0001,臺中巿,翁子段
2405,0011-0018,臺中巿,翁子段
2405,0034-0003,臺中巿,翁子段
2405,0045-0000,臺中巿,翁子段
2405,0047-0000,臺中巿,翁子段
2405,0049-0002,臺中巿,翁子段
2405,0055-0001,臺中巿,翁子段
2405,0055-0002,臺中巿,翁子段
2405,0056-0002,臺中巿,翁子段
2405,0056-0003,臺中巿,翁子段
2405,0063-0019,臺中巿,翁子段
2405,0063-0031,臺中巿,翁子段
2405,0078-0001,臺中巿,翁子段
2463,0247-0002,臺中巿,南嵩段
2469,0344-0000,臺中巿,鳳山段
2469,0344-0001,臺中巿,鳳山段
2469,0344-0002,臺中巿,鳳山段
2469,0345-0000,臺中巿,鳳山段
2469,0359-0000,臺中巿,鳳山段
2469,0387-0000,臺中巿,鳳山段
2470,0005-0000,臺中巿,豐新段
2481,0195-0000,臺中巿,公老坪段
2481,0327-0000,臺中巿,公老坪段
2481,0355-0000,臺中巿,公老坪段
2481,0359-0000,臺中巿,公老坪段
2481,0361-0000,臺中巿,公老坪段
2481,0366-0000,臺中巿,公老坪段
2481,0367-0000,臺中巿,公老坪段
2481,0368-0000,臺中巿,公老坪段
2481,0369-0000,臺中巿,公老坪段
2481,0387-0000,臺中巿,公老坪段
2481,0666-0000,臺中巿,公老坪段
2481,0667-0000,臺中巿,公老坪段
2481,0668-0000,臺中巿,公老坪段
2481,1006-0000,臺中巿,公老坪段
2600,0006-0015,高雄巿,田寮段
2600,0006-0053,高雄巿,田寮段
2600,0006-0054,高雄巿,田寮段
2600,0006-0055,高雄巿,田寮段
2600,0006-0056,高雄巿,田寮段
2600,0006-0057,高雄巿,田寮段
2600,0006-0156,高雄巿,田寮段
3006,0015-0019,臺中巿,圳寮段
3006,0037-0008,臺中巿,圳寮段
3006,0040-0028,臺中巿,圳寮段
3006,0040-0094,臺中巿,圳寮段
3006,0040-0095,臺中巿,圳寮段
3006,0350-0000,臺中巿,圳寮段
3006,0355-0000,臺中巿,圳寮段
3006,0357-0000,臺中巿,圳寮段
3006,0445-0000,臺中巿,圳寮段
3006,0462-0000,臺中巿,圳寮段
3010,0039-0017,臺中巿,牛稠坑段
3010,0049-0011,臺中巿,牛稠坑段
3010,0050-0000,臺中巿,牛稠坑段
3010,0051-0000,臺中巿,牛稠坑段
3010,0078-0068,臺中巿,牛稠坑段
3010,0397-0002,臺中巿,牛稠坑段
3010,0412-0000,臺中巿,牛稠坑段
3209,0036-0012,臺南巿,六重溪段
3209,0036-0016,臺南巿,六重溪段
3210,0060-0019,臺南巿,關子嶺段
3216,0082-0088,臺南巿,竹子門段
3216,0082-0702,臺南巿,竹子門段
3246,0492-0000,臺南巿,前大埔段
3247,1320-0002,臺南巿,崎子頭
3247,1326-0000,臺南巿,崎子頭
3247,1328-0000,臺南巿,崎子頭
3247,1398-0000,臺南巿,崎子頭
3248,0219-0000,臺南巿,下南勢
3248,0221-0000,臺南巿,下南勢
3248,0799-0000,臺南巿,下南勢段
3248,0799-0003,臺南巿,下南勢段
3248,0817-0000,臺南巿,下南勢段
3248,0817-2818,臺南巿,下南勢段
3607,0001-0066,高雄巿,荖濃段
3607,0001-0144,高雄巿,荖濃段
3607,0059-0000,高雄巿,荖濃段
3607,0075-0040,高雄巿,荖濃段
3607,0239-0000,高雄巿,荖濃段
3607,0239-0002,高雄巿,荖濃段
3607,0239-0003,高雄巿,荖濃段
3607,0239-0004,高雄巿,荖濃段
3607,0239-0005,高雄巿,荖濃段
3607,0912-0000,高雄巿,荖濃段
3614,0130-0002,高雄巿,寶來段
3614,0198-0000,高雄巿,寶來段
3615,0336-0000,高雄巿,新發段
3615,0390-0000,高雄巿,新發段
3615,0448-0000,高雄巿,新發段
3617,0984-0000,高雄巿,和平
3700,0339-0340,高雄巿,東阿里關段
3700,0421-0115,高雄巿,東阿里關段
3804,0193-0088,高雄巿,十張菍段
3804,0193-0089,高雄巿,十張菍段
3804,0193-1138,高雄巿,十張菍段
3804,0193-1139,高雄巿,十張菍段
3804,0197-0000,高雄巿,十張菍段
3804,0198-0000,高雄巿,十張菍段
3804,0779-0013,高雄巿,十張菍段
3805,0193-0652,高雄巿,十張犁段一小段
3820,0196-0000,高雄巿,大坑段
3822,0532-0000,高雄巿,司馬段
3822,0558-0000,高雄巿,司馬段
3822,0560-0000,高雄巿,司馬段
3823,0347-0000,高雄巿,份尾段
3900,0546-0002,高雄巿,溝坪段
3900,0850-0001,高雄巿,溝坪
3910,1665-0000,高雄巿,內埔
3911,0191-0001,高雄巿,東勢埔段
3911,1091-0000,高雄巿,東勢埔
3921,0562-0004,高雄巿,頂寮
3930,1024-0000,高雄巿,金竹段
3931,0706-0000,高雄巿,南溝坪段
4002,1426-0000,高雄巿,多納段
4008,0122-0001,臺中巿,永豐段
4008,0191-0007,臺中巿,永豐段
4008,0191-0008,臺中巿,永豐段
4008,0214-0000,臺中巿,永豐段
4023,0673-0001,臺中巿,下鐵山段
4023,0673-0002,臺中巿,下鐵山段
4103,0214-0006,高雄巿,梅山段
4105,0008-0000,高雄巿,樟山段
4109,0285-0000,高雄巿,勤和段
4109,0343-0000,高雄巿,勤和段
4114,0078-0000,高雄巿,藤枝段
4114,0308-0000,高雄巿,藤枝段
4116,0111-0000,高雄巿,寶山段
4118,0080-0000,高雄巿,樂樂段
4300,0129-0000,高雄巿,南沙魯段
4300,0133-0000,高雄巿,南沙魯段
4300,0133-0002,高雄巿,南沙魯段
4300,0152-0153,高雄巿,南沙魯段
4300,0215-0000,高雄巿,南沙魯段
4300,0251-0000,高雄巿,南沙魯段
4300,0290-0000,高雄巿,南沙魯段
4300,0293-0000,高雄巿,南沙魯段
4300,0298-0000,高雄巿,南沙魯段
4300,0469-0000,高雄巿,南沙魯段
4300,0473-0000,高雄巿,南沙魯段
4300,0503-0000,高雄巿,南沙魯段
4300,0596-0000,高雄巿,南沙魯段
4301,0014-0000,高雄巿,瑪雅段
4301,0066-0000,高雄巿,瑪雅段
4301,0092-0002,高雄巿,瑪雅段
4301,0175-0000,高雄巿,瑪雅段
4301,0176-0000,高雄巿,瑪雅段
4301,0261-0001,高雄巿,瑪雅段
4301,0372-0000,高雄巿,瑪雅段
4301,0404-0000,高雄巿,瑪雅段
4301,0405-0000,高雄巿,瑪雅段
4301,0411-0000,高雄巿,瑪雅段
4301,0413-0000,高雄巿,瑪雅段
4301,0417-0000,高雄巿,瑪雅段
4301,0438-0000,高雄巿,瑪雅段
4301,0458-0000,高雄巿,瑪雅段
4301,0461-0000,高雄巿,瑪雅段
4301,0462-0000,高雄巿,瑪雅段
4301,0466-0000,高雄巿,瑪雅段
4301,0470-0000,高雄巿,瑪雅段
4301,0497-0002,高雄巿,瑪雅段
4301,0555-0000,高雄巿,瑪雅段
4301,0562-0000,高雄巿,瑪雅段
4301,0712-0000,高雄巿,瑪雅段
4301,0725-0000,高雄巿,瑪雅段
4301,0767-0000,高雄巿,瑪雅段
4301,0770-0000,高雄巿,瑪雅段
4301,0777-0000,高雄巿,瑪雅段
4301,0824-0000,高雄巿,瑪雅段
4301,0842-0000,高雄巿,瑪雅段
4301,0852-0000,高雄巿,瑪雅段
4301,0909-0000,高雄巿,瑪雅段
4301,0911-0000,高雄巿,瑪雅段
4301,0914-0000,高雄巿,瑪雅段
4301,0922-0000,高雄巿,瑪雅段
4301,0957-0000,高雄巿,瑪雅段
4301,0981-0000,高雄巿,瑪雅段
4301,0992-0001,高雄巿,瑪雅段
4301,0995-0000,高雄巿,瑪雅段
4301,1026-0000,高雄巿,瑪雅段
4302,0061-0000,高雄巿,達卡努瓦段
4302,0124-0000,高雄巿,達卡努瓦段
4302,0131-0000,高雄巿,達卡努瓦段
4302,0179-0000,高雄巿,達卡努瓦段
4302,0226-0002,高雄巿,達卡努瓦段
4302,0328-0000,高雄巿,達卡努瓦段
4302,0345-0000,高雄巿,達卡努瓦段
4302,0382-0000,高雄巿,達卡努瓦段
4302,0561-0000,高雄巿,達卡努瓦段
4302,0572-0000,高雄巿,達卡努瓦段
4302,0689-0000,高雄巿,達卡努瓦段
4302,0734-0000,高雄巿,達卡努瓦段
4302,0737-0000,高雄巿,達卡努瓦段
4302,0767-0000,高雄巿,達卡努瓦段
4302,0780-0000,高雄巿,達卡努瓦段
4302,0808-0000,高雄巿,達卡努瓦段
4302,0813-0000,高雄巿,達卡努瓦段
4302,0817-0000,高雄巿,達卡努瓦段
4302,0836-0000,高雄巿,達卡努瓦段
4302,0856-0000,高雄巿,達卡努瓦段
4302,0857-0000,高雄巿,達卡努瓦段
4302,0858-0000,高雄巿,達卡努瓦段
4302,0921-0000,高雄巿,達卡努瓦段
4302,0927-0001,高雄巿,達卡努瓦段
4302,0929-0000,高雄巿,達卡努瓦段
4302,0934-0000,高雄巿,達卡努瓦段
4302,0935-0000,高雄巿,達卡努瓦段
4302,0963-0000,高雄巿,達卡努瓦段
4302,1026-0000,高雄巿,達卡努瓦段
4302,1041-0000,高雄巿,達卡努瓦段
4303,0062-0000,高雄巿,吉墨樂段
4303,0074-0000,高雄巿,吉墨樂段
4304,0068-0000,高雄巿,瀰富羅段
4347,0650-0004,臺南巿,大內
4347,0650-0016,臺南巿,大內
4347,0650-0017,臺南巿,大內
4347,2576-0004,臺南巿,大內段
4351,0583-0003,臺南巿,二重溪
4917,0105-0004,臺中巿,公館南段
4951,0423-0000,臺中巿,犁份東段
5400,0257-0001,臺中巿,東勢段中嵙小段
5400,0322-0003,臺中巿,東勢段石角小段
5400,0322-0008,臺中巿,東勢段石角小段
5400,0322-0009,臺中巿,東勢段石角小段
5400,0345-0024,臺中巿,東勢段石角小段
5400,0490-0001,臺中巿,東勢段中嵙小段
5400,0593-0152,臺中巿,東勢段中嵙小段
5400,0593-0157,臺中巿,東勢段中嵙小段
5400,0595-0000,臺中巿,東勢段石角小段
5400,0605-0000,臺中巿,東勢段石角小段
5400,0624-0006,臺中巿,東勢段石角小段
5400,0630-0000,臺中巿,東勢段石角小段
5400,0630-0003,臺中巿,東勢段石角小段
5400,0630-0004,臺中巿,東勢段石角小段
5400,0693-0005,臺中巿,東勢段中嵙小段
5400,0721-0006,臺中巿,東勢段中嵙小段
5400,0733-0000,臺中巿,東勢段中嵙小段
5400,0777-0000,臺中巿,東勢段石角小段
5400,0777-0001,臺中巿,東勢段石角小段
5400,0795-0000,臺中巿,東勢段石角小段
5400,0799-0000,臺中巿,東勢段石角小段
5400,0806-0001,臺中巿,東勢段中嵙小段
5400,0806-0071,臺中巿,東勢段中嵙小段
5400,0812-0000,臺中巿,東勢段中嵙小段
5400,0818-0029,臺中巿,東勢段中嵙小段
5400,0818-0038,臺中巿,東勢段中嵙小段
5400,0818-0041,臺中巿,東勢段中嵙小段
5400,0818-0051,臺中巿,東勢段中嵙小段
5400,0818-0055,臺中巿,東勢段中嵙小段
5400,0853-0020,臺中巿,東勢段中嵙小段
5400,0861-0001,臺中巿,東勢段中嵙小段
5400,0892-0001,臺中巿,東勢段中嵙小段
5400,0904-0001,臺中巿,東勢段中嵙小段
5400,0904-0003,臺中巿,東勢段中嵙小段
5400,1067-0000,臺中巿,東勢段中嵙小段
5400,1067-0001,臺中巿,東勢段中嵙小段
5400,1108-0031,臺中巿,東勢段中嵙小段
5400,1108-0042,臺中巿,東勢段中嵙小段
5400,1130-0006,臺中巿,東勢段中嵙小段
5400,1172-0039,臺中巿,東勢段中嵙小段
5400,1183-0002,臺中巿,東勢段中嵙小段
5400,1183-0012,臺中巿,東勢段中嵙小段
5400,1224-0002,臺中巿,東勢段中嵙小段
5400,1274-0004,臺中巿,東勢段中嵙小段
5400,1341-0001,臺中巿,東勢段中嵙小段
5400,1342-0000,臺中巿,東勢段中嵙小段
5400,1346-0004,臺中巿,東勢段中嵙小段
5400,1404-0000,臺中巿,東勢段中嵙小段
5400,1405-0000,臺中巿,東勢段中嵙小段
5400,1583-0000,臺中巿,東勢段石角小段
5400,1628-0000,臺中巿,東勢段石角小段
5400,1986-0001,臺中巿,東勢段石角小段
5400,2026-0000,臺中巿,東勢段石角小段
5400,2030-0000,臺中巿,東勢段石角小段
5400,2152-0000,臺中巿,東勢段石角小段
5400,2238-0000,臺中巿,東勢段石角小段
5400,2242-0000,臺中巿,東勢段石角小段
5400,2324-0002,臺中巿,東勢段石角小段
5400,2345-0000,臺中巿,東勢段石角小段
5400,2520-0000,臺中巿,東勢段石角小段
5400,2534-0000,臺中巿,東勢段石角小段
5400,2534-0001,臺中巿,東勢段石角小段
5400,2550-0000,臺中巿,東勢段石角小段
5400,2657-0000,臺中巿,東勢段石角小段
5400,2816-0000,臺中巿,東勢段石角小段
5400,2919-0000,臺中巿,東勢段石角小段
5400,3000-0000,臺中巿,東勢段石角小段
5400,3016-0000,臺中巿,東勢段石角小段
5400,3027-0000,臺中巿,東勢段石角小段
5400,3233-0000,臺中巿,東勢段石角小段
5400,3233-0001,臺中巿,東勢段石角小段
5400,3248-0000,臺中巿,東勢段石角小段
5400,3248-0001,臺中巿,東勢段石角小段
5400,3347-0001,臺中巿,東勢段石角小段
5400,3382-0000,臺中巿,東勢段石角小段
5400,3386-0002,臺中巿,東勢段石角小段
5400,3397-0000,臺中巿,東勢段石角小段
5400,3420-0000,臺中巿,東勢段石角小段
5403,0001-0051,臺中巿,東勢段石角小段
5403,0001-0323,臺中巿,東勢段石角小段
5403,0001-0370,臺中巿,東勢段石角小段
5403,0345-0028,臺中巿,東勢段石角小段
5403,0345-0084,臺中巿,東勢段石角小段
5403,0351-0024,臺中巿,東勢段石角小段
5403,0351-0046,臺中巿,東勢段石角小段
5403,0351-0047,臺中巿,東勢段石角小段
5403,0544-0016,臺中巿,東勢段石角小段
5403,0544-0032,臺中巿,東勢段石角小段
5403,0567-0000,臺中巿,東勢段石角小段
5403,0568-0000,臺中巿,東勢段石角小段
5403,0579-0000,臺中巿,東勢段石角小段
5403,0590-0001,臺中巿,東勢段石角小段
5403,0590-0019,臺中巿,東勢段石角小段
5403,0590-0024,臺中巿,東勢段石角小段
5403,0590-0028,臺中巿,東勢段石角小段
5403,0590-0032,臺中巿,東勢段石角小段
5403,0590-0159,臺中巿,東勢段石角小段
5403,0601-0000,臺中巿,東勢段石角小段
5403,0606-0001,臺中巿,東勢段石角小段
5403,0607-0016,臺中巿,東勢段石角小段
5403,0617-0002,臺中巿,東勢段石角小段
5403,0620-0123,臺中巿,東勢段石角小段
5403,0622-0011,臺中巿,東勢段石角小段
5403,0622-0018,臺中巿,東勢段石角小段
5403,0622-0025,臺中巿,東勢段石角小段
5403,0622-0026,臺中巿,東勢段石角小段
5403,0625-0002,臺中巿,東勢段石角小段
5403,0625-0005,臺中巿,東勢段石角小段
5403,0625-0006,臺中巿,東勢段石角小段
5403,0626-0006,臺中巿,東勢段石角小段
5403,0627-0001,臺中巿,東勢段石角小段
5403,0628-0012,臺中巿,東勢段石角小段
5403,0629-0001,臺中巿,東勢段石角小段
5403,0629-0006,臺中巿,東勢段石角小段
5403,0649-0000,臺中巿,東勢段石角小段
5403,0659-0004,臺中巿,東勢段石角小段
5403,0659-0005,臺中巿,東勢段石角小段
5403,0701-0048,臺中巿,東勢段石角小段
5403,0708-0004,臺中巿,東勢段石角小段
5403,0708-0009,臺中巿,東勢段石角小段
5403,0718-0006,臺中巿,東勢段石角小段
5403,0718-0016,臺中巿,東勢段石角小段
5403,0727-0001,臺中巿,東勢段石角小段
5403,0728-0006,臺中巿,東勢段石角小段
5403,0728-0013,臺中巿,東勢段石角小段
5403,0749-0002,臺中巿,東勢段石角小段
5403,0819-0008,臺中巿,東勢段石角小段
5403,0859-0000,臺中巿,東勢段石角小段
5403,0859-0001,臺中巿,東勢段石角小段
5403,0961-0005,臺中巿,東勢段石角小段
5403,1454-0000,臺中巿,東勢段石角小段
5403,1592-0000,臺中巿,東勢段石角小段
5403,1594-0000,臺中巿,東勢段石角小段
5403,1608-0000,臺中巿,東勢段石角小段
5403,1609-0000,臺中巿,東勢段石角小段
5403,1634-0000,臺中巿,東勢段石角小段
5403,1642-0000,臺中巿,東勢段石角小段
5403,1822-0000,臺中巿,東勢段石角小段
5403,1843-0000,臺中巿,東勢段石角小段
5403,1912-0001,臺中巿,東勢段石角小段
5403,1916-0000,臺中巿,東勢段石角小段
5403,1946-0001,臺中巿,東勢段石角小段
5403,1962-0000,臺中巿,東勢段石角小段
5403,1962-0004,臺中巿,東勢段石角小段
5403,1986-0000,臺中巿,東勢段石角小段
5403,1988-0000,臺中巿,東勢段石角小段
5403,1999-0000,臺中巿,東勢段石角小段
5403,1999-0002,臺中巿,東勢段石角小段
5403,2214-0000,臺中巿,東勢段石角小段
5403,2291-0000,臺中巿,東勢段石角小段
5403,2315-0001,臺中巿,東勢段石角小段
5403,2320-0000,臺中巿,東勢段石角小段
5403,2328-0000,臺中巿,東勢段石角小段
5403,2331-0012,臺中巿,東勢段石角小段
5403,2408-0000,臺中巿,東勢段石角小段
5403,2409-0000,臺中巿,東勢段石角小段
5403,2409-0004,臺中巿,東勢段石角小段
5403,2417-0000,臺中巿,東勢段石角小段
5403,2427-0000,臺中巿,東勢段石角小段
5403,2428-0000,臺中巿,東勢段石角小段
5403,2440-0002,臺中巿,東勢段石角小段
5403,2481-0000,臺中巿,東勢段石角小段
5403,2507-0000,臺中巿,東勢段石角小段
5403,2529-0004,臺中巿,東勢段石角小段
5403,2534-0002,臺中巿,東勢段石角小段
5403,2534-0005,臺中巿,東勢段石角小段
5403,2540-0000,臺中巿,東勢段石角小段
5403,2570-0003,臺中巿,東勢段石角小段
5403,2586-0000,臺中巿,東勢段石角小段
5403,2602-0001,臺中巿,東勢段石角小段
5403,2604-0000,臺中巿,東勢段石角小段
5403,2635-0000,臺中巿,東勢段石角小段
5403,2667-0000,臺中巿,東勢段石角小段
5403,2669-0000,臺中巿,東勢段石角小段
5403,2675-0000,臺中巿,東勢段石角小段
5403,2677-0000,臺中巿,東勢段石角小段
5403,2691-0000,臺中巿,東勢段石角小段
5403,2692-0000,臺中巿,東勢段石角小段
5403,2694-0000,臺中巿,東勢段石角小段
5403,2792-0000,臺中巿,東勢段石角小段
5403,2793-0000,臺中巿,東勢段石角小段
5403,2841-0000,臺中巿,東勢段石角小段
5403,2842-0000,臺中巿,東勢段石角小段
5403,2845-0000,臺中巿,東勢段石角小段
5403,2860-0000,臺中巿,東勢段石角小段
5403,2875-0000,臺中巿,東勢段石角小段
5403,2876-0000,臺中巿,東勢段石角小段
5403,2890-0000,臺中巿,東勢段石角小段
5403,2895-0000,臺中巿,東勢段石角小段
5403,2924-0000,臺中巿,東勢段石角小段
5403,2926-0000,臺中巿,東勢段石角小段
5403,2932-0000,臺中巿,東勢段石角小段
5403,2952-0000,臺中巿,東勢段石角小段
5403,2957-0000,臺中巿,東勢段石角小段
5403,3034-0000,臺中巿,東勢段石角小段
5403,3074-0000,臺中巿,東勢段石角小段
5403,3074-0001,臺中巿,東勢段石角小段
5403,3102-0000,臺中巿,東勢段石角小段
5403,3102-0002,臺中巿,東勢段石角小段
5403,3171-0003,臺中巿,東勢段石角小段
5403,3196-0000,臺中巿,東勢段石角小段
5403,3196-0001,臺中巿,東勢段石角小段
5403,3208-0000,臺中巿,東勢段石角小段
5403,3210-0000,臺中巿,東勢段石角小段
5403,3236-0002,臺中巿,東勢段石角小段
5403,3238-0000,臺中巿,東勢段石角小段
5403,3240-0000,臺中巿,東勢段石角小段
5403,3247-0000,臺中巿,東勢段石角小段
5403,3248-0002,臺中巿,東勢段石角小段
5403,3254-0001,臺中巿,東勢段石角小段
5403,3362-0000,臺中巿,東勢段石角小段
5403,3371-0000,臺中巿,東勢段石角小段
5403,3374-0000,臺中巿,東勢段石角小段
5403,3411-0007,臺中巿,東勢段石角小段
5403,3449-0000,臺中巿,東勢段石角小段
5403,3451-0000,臺中巿,東勢段石角小段
5404,0093-0046,臺中巿,東勢段中嵙小段
5404,0093-0073,臺中巿,東勢段中嵙小段
5404,0263-0000,臺中巿,東勢段中嵙小段
5404,0411-0001,臺中巿,東勢段中嵙小段
5404,0556-0003,臺中巿,東勢段中嵙小段
5404,0559-0007,臺中巿,東勢段中嵙小段
5404,0593-0072,臺中巿,東勢段中嵙小段
5404,0593-0074,臺中巿,東勢段中嵙小段
5404,0593-0228,臺中巿,東勢段中嵙小段
5404,0593-0242,臺中巿,東勢段中嵙小段
5404,0611-0030,臺中巿,東勢段中嵙小段
5404,0628-0000,臺中巿,東勢段中嵙小段
5404,0629-0000,臺中巿,東勢段中嵙小段
5404,0649-0004,臺中巿,東勢段中嵙小段
5404,0649-0013,臺中巿,東勢段中嵙小段
5404,0649-0016,臺中巿,東勢段中嵙小段
5404,0653-0002,臺中巿,東勢段中嵙小段
5404,0659-0000,臺中巿,東勢段中嵙小段
5404,0663-0002,臺中巿,東勢段中嵙小段
5404,0663-0010,臺中巿,東勢段中嵙小段
5404,0665-0001,臺中巿,東勢段中嵙小段
5404,0674-0001,臺中巿,東勢段中嵙小段
5404,0675-0044,臺中巿,東勢段中嵙小段
5404,0675-0045,臺中巿,東勢段中嵙小段
5404,0675-0059,臺中巿,東勢段中嵙小段
5404,0710-0001,臺中巿,東勢段中嵙小段
5404,0711-0007,臺中巿,東勢段中嵙小段
5404,0711-0009,臺中巿,東勢段中嵙小段
5404,0724-0007,臺中巿,東勢段中嵙小段
5404,0750-0014,臺中巿,東勢段中嵙小段
5404,0777-0000,臺中巿,東勢段中嵙小段
5404,0804-0009,臺中巿,東勢段中嵙小段
5404,0806-0015,臺中巿,東勢段中嵙小段
5404,0806-0057,臺中巿,東勢段中嵙小段
5404,0809-0012,臺中巿,東勢段中嵙小段
5404,0809-0014,臺中巿,東勢段中嵙小段
5404,0809-0023,臺中巿,東勢段中嵙小段
5404,0815-0004,臺中巿,東勢段中嵙小段
5404,0818-0020,臺中巿,東勢段中嵙小段
5404,0818-0026,臺中巿,東勢段中嵙小段
5404,0818-0034,臺中巿,東勢段中嵙小段
5404,0818-0042,臺中巿,東勢段中嵙小段
5404,0818-0048,臺中巿,東勢段中嵙小段
5404,0818-0062,臺中巿,東勢段中嵙小段
5404,0818-0080,臺中巿,東勢段中嵙小段
5404,0825-0000,臺中巿,東勢段中嵙小段
5404,0826-0008,臺中巿,東勢段中嵙小段
5404,0826-0009,臺中巿,東勢段中嵙小段
5404,0826-0023,臺中巿,東勢段中嵙小段
5404,0838-0000,臺中巿,東勢段中嵙小段
5404,0838-0002,臺中巿,東勢段中嵙小段
5404,0851-0006,臺中巿,東勢段中嵙小段
5404,0851-0014,臺中巿,東勢段中嵙小段
5404,0853-0377,臺中巿,東勢段中嵙小段
5404,0856-0003,臺中巿,東勢段中嵙小段
5404,0856-0008,臺中巿,東勢段中嵙小段
5404,0858-0001,臺中巿,東勢段中嵙小段
5404,0902-0001,臺中巿,東勢段中嵙小段
5404,0904-0000,臺中巿,東勢段中嵙小段
5404,0918-0000,臺中巿,東勢段中嵙小段
5404,0958-0000,臺中巿,東勢段中嵙小段
5404,0978-0000,臺中巿,東勢段中嵙小段
5404,0980-0001,臺中巿,東勢段中嵙小段
5404,1010-0000,臺中巿,東勢段中嵙小段
5404,1018-0000,臺中巿,東勢段中嵙小段
5404,1022-0002,臺中巿,東勢段中嵙小段
5404,1022-0003,臺中巿,東勢段中嵙小段
5404,1039-0000,臺中巿,東勢段中嵙小段
5404,1053-0003,臺中巿,東勢段中嵙小段
5404,1072-0001,臺中巿,東勢段中嵙小段
5404,1090-0000,臺中巿,東勢段中嵙小段
5404,1108-0003,臺中巿,東勢段中嵙小段
5404,1108-0013,臺中巿,東勢段中嵙小段
5404,1108-0015,臺中巿,東勢段中嵙小段
5404,1108-0016,臺中巿,東勢段中嵙小段
5404,1108-0017,臺中巿,東勢段中嵙小段
5404,1108-0024,臺中巿,東勢段中嵙小段
5404,1108-0028,臺中巿,東勢段中嵙小段
5404,1108-0050,臺中巿,東勢段中嵙小段
5404,1108-0121,臺中巿,東勢段中嵙小段
5404,1130-0133,臺中巿,東勢段中嵙小段
5404,1172-0014,臺中巿,東勢段中嵙小段
5404,1172-0020,臺中巿,東勢段中嵙小段
5404,1172-0033,臺中巿,東勢段中嵙小段
5404,1183-0005,臺中巿,東勢段中嵙小段
5404,1183-0013,臺中巿,東勢段中嵙小段
5404,1227-0000,臺中巿,東勢段中嵙小段
5404,1249-0018,臺中巿,東勢段中嵙小段
5404,1249-0026,臺中巿,東勢段中嵙小段
5404,1249-0028,臺中巿,東勢段中嵙小段
5404,1250-0000,臺中巿,東勢段中嵙小段
5404,1250-0002,臺中巿,東勢段中嵙小段
5404,1330-0000,臺中巿,東勢段中嵙小段
5404,1338-0000,臺中巿,東勢段中嵙小段
5404,1346-0001,臺中巿,東勢段中嵙小段
5404,1346-0005,臺中巿,東勢段中嵙小段
5404,1432-0000,臺中巿,東勢段中嵙小段
5404,1433-0000,臺中巿,東勢段中嵙小段
5404,1510-0000,臺中巿,東勢段中嵙小段
5404,1518-0000,臺中巿,東勢段中嵙小段
5404,1544-0000,臺中巿,東勢段中嵙小段
5404,1546-0000,臺中巿,東勢段中嵙小段
5404,1547-0000,臺中巿,東勢段中嵙小段
5407,0022-0001,臺中巿,石圍墻段石圍墻小段
5407,0099-0001,臺中巿,石圍墻段石圍墻小段
5407,0362-0000,臺中巿,石圍墻段石圍墻小段
5407,0421-0000,臺中巿,石圍墻段石圍墻小段
5407,0427-0001,臺中巿,石圍墻段石圍墻小段
5407,0491-0007,臺中巿,石圍墻段石圍墻小段
5407,0555-0000,臺中巿,石圍墻段石圍墻小段
5407,0608-0002,臺中巿,石圍墻段石圍墻小段
5407,0625-0000,臺中巿,石圍墻段石圍墻小段
5407,0628-0000,臺中巿,石圍墻段石圍墻小段
5407,0642-0001,臺中巿,石圍墻段石圍墻小段
5407,0667-0002,臺中巿,石圍墻段石圍墻小段
5407,0667-0004,臺中巿,石圍墻段石圍墻小段
5407,0668-0000,臺中巿,石圍墻段石圍墻小段
5407,0685-0000,臺中巿,石圍墻段石圍墻小段
5407,0695-0001,臺中巿,石圍墻段石圍墻小段
5407,0695-0003,臺中巿,石圍墻段石圍墻小段
5407,0713-0010,臺中巿,石圍墻段石圍墻小段
5407,0755-0025,臺中巿,石圍墻段石圍墻小段
5407,0792-0002,臺中巿,石圍墻段石圍墻小段
5407,0793-0006,臺中巿,石圍墻段石圍墻小段
5407,0808-0045,臺中巿,石圍墻段石圍墻小段
5407,0835-0010,臺中巿,石圍墻段石圍墻小段
5407,0846-0002,臺中巿,石圍墻段石圍墻小段
5407,0850-0039,臺中巿,石圍墻段石圍墻小段
5407,0850-0041,臺中巿,石圍墻段石圍墻小段
5407,0850-0042,臺中巿,石圍墻段石圍墻小段
5407,0850-0043,臺中巿,石圍墻段石圍墻小段
5407,0850-0048,臺中巿,石圍墻段石圍墻小段
5407,0853-0006,臺中巿,石圍墻段石圍墻小段
5407,0860-0007,臺中巿,石圍墻段石圍墻小段
5407,0860-0008,臺中巿,石圍墻段石圍墻小段
5407,0860-0009,臺中巿,石圍墻段石圍墻小段
5407,0863-0006,臺中巿,石圍墻段石圍墻小段
5407,0909-0000,臺中巿,石圍墻段石圍墻小段
5407,0973-0000,臺中巿,石圍墻段石圍墻小段
5407,0992-0003,臺中巿,石圍墻段石圍墻小段
5407,0997-0000,臺中巿,石圍墻段石圍墻小段
5407,1021-0001,臺中巿,石圍墻段石圍墻小段
5407,1037-0000,臺中巿,石圍墻段石圍墻小段
5407,1040-0000,臺中巿,石圍墻段石圍墻小段
5407,1041-0000,臺中巿,石圍墻段石圍墻小段
5407,1041-0001,臺中巿,石圍墻段石圍墻小段
5407,1041-0006,臺中巿,石圍墻段石圍墻小段
5407,1048-0000,臺中巿,石圍墻段石圍墻小段
5407,1053-0000,臺中巿,石圍墻段石圍墻小段
5407,1056-0003,臺中巿,石圍墻段石圍墻小段
5407,1057-0000,臺中巿,石圍墻段石圍墻小段
5407,1059-0006,臺中巿,石圍墻段石圍墻小段
5407,1059-0008,臺中巿,石圍墻段石圍墻小段
5407,1062-0000,臺中巿,石圍墻段石圍墻小段
5407,1063-0002,臺中巿,石圍墻段石圍墻小段
5407,1074-0009,臺中巿,石圍墻段石圍墻小段
5407,1076-0000,臺中巿,石圍墻段石圍墻小段
5407,1076-0011,臺中巿,石圍墻段石圍墻小段
5407,1076-0018,臺中巿,石圍墻段石圍墻小段
5407,1076-0026,臺中巿,石圍墻段石圍墻小段
5407,1076-0027,臺中巿,石圍墻段石圍墻小段
5407,1078-0000,臺中巿,石圍墻段石圍墻小段
5407,1078-0001,臺中巿,石圍墻段石圍墻小段
5407,1078-0002,臺中巿,石圍墻段石圍墻小段
5407,1078-0008,臺中巿,石圍墻段石圍墻小段
5407,1090-0020,臺中巿,石圍墻段石圍墻小段
5407,1097-0000,臺中巿,石圍墻段石圍墻小段
5407,1106-0000,臺中巿,石圍墻段石圍墻小段
5407,1106-0002,臺中巿,石圍墻段石圍墻小段
5407,1107-0000,臺中巿,石圍墻段石圍墻小段
5407,1107-0006,臺中巿,石圍墻段石圍墻小段
5407,1108-0000,臺中巿,石圍墻段石圍墻小段
5407,1108-0013,臺中巿,石圍墻段石圍墻小段
5407,1117-0001,臺中巿,石圍墻段石圍墻小段
5407,1129-0002,臺中巿,石圍墻段石圍墻小段
5407,1143-0004,臺中巿,石圍墻段石圍墻小段
5407,1149-0006,臺中巿,石圍墻段石圍墻小段
5407,1184-0004,臺中巿,石圍墻段石圍墻小段
5407,1186-0005,臺中巿,石圍墻段石圍墻小段
5407,1187-0005,臺中巿,石圍墻段石圍墻小段
5407,1187-0009,臺中巿,石圍墻段石圍墻小段
5407,1188-0003,臺中巿,石圍墻段石圍墻小段
5407,1190-0004,臺中巿,石圍墻段石圍墻小段
5407,1190-0005,臺中巿,石圍墻段石圍墻小段
5408,0234-0003,臺中巿,石圍墻段埤頭山小段
5409,0463-0003,臺中巿,石壁坑段
5409,0482-0008,臺中巿,石壁坑段
5409,0482-0012,臺中巿,石壁坑段
5409,0487-0002,臺中巿,石壁坑段
5409,0487-0016,臺中巿,石壁坑段
5409,0510-0001,臺中巿,石壁坑段
5409,0510-0010,臺中巿,石壁坑段
5409,0520-0009,臺中巿,石壁坑段
5409,0521-0026,臺中巿,石壁坑段
5409,0521-0043,臺中巿,石壁坑段
5409,0544-0006,臺中巿,石壁坑段
5409,0552-0002,臺中巿,石壁坑段
5409,0552-0003,臺中巿,石壁坑段
5409,0564-0000,臺中巿,石壁坑段
5409,0601-0022,臺中巿,石壁坑段
5409,0601-0023,臺中巿,石壁坑段
5409,0606-0001,臺中巿,石壁坑段
5409,0644-0001,臺中巿,石壁坑段
5410,0301-0000,臺中巿,新伯公段新伯公小段
5410,0340-0006,臺中巿,新伯公段新伯公小段
5410,0340-0017,臺中巿,新伯公段新伯公小段
5410,0340-0097,臺中巿,新伯公段新伯公小段
5410,0340-0099,臺中巿,新伯公段新伯公小段
5410,0425-0012,臺中巿,新伯公段新伯公小段
5410,0453-0000,臺中巿,新伯公段新伯公小段
5410,0454-0000,臺中巿,新伯公段新伯公小段
5410,0480-0000,臺中巿,新伯公段新伯公小段
5410,0481-0000,臺中巿,新伯公段新伯公小段
5411,0115-0010,臺中巿,新伯公段上城小段
5411,0187-0000,臺中巿,新伯公段上城小段
5411,0202-0000,臺中巿,新伯公段上城小段
5411,0202-0003,臺中巿,新伯公段上城小段
5411,0202-0004,臺中巿,新伯公段上城小段
5411,0203-0001,臺中巿,新伯公段上城小段
5411,0206-0003,臺中巿,新伯公段上城小段
5411,0206-0007,臺中巿,新伯公段上城小段
5411,0230-0000,臺中巿,新伯公段上城小段
5413,0508-0017,臺中巿,新伯公段番社小段
5413,0510-0000,臺中巿,新伯公段番社小段
5413,0510-0003,臺中巿,新伯公段番社小段
5414,0570-0001,臺中巿,大茅埔段
5414,0573-0004,臺中巿,大茅埔段
5414,1043-0021,臺中巿,大茅埔段
5414,1043-0049,臺中巿,大茅埔段
5414,1043-0061,臺中巿,大茅埔段
5414,1043-0096,臺中巿,大茅埔段
5414,1043-0176,臺中巿,大茅埔段
5414,1043-0186,臺中巿,大茅埔段
5414,1043-0206,臺中巿,大茅埔段
5414,1074-0000,臺中巿,大茅埔段
5414,1074-0009,臺中巿,大茅埔段
5414,1074-0014,臺中巿,大茅埔段
5414,1074-0020,臺中巿,大茅埔段
5414,1083-0011,臺中巿,大茅埔段
5414,1083-0058,臺中巿,大茅埔段
5414,1085-0001,臺中巿,大茅埔段
5414,1108-0000,臺中巿,大茅埔段
5414,1108-0002,臺中巿,大茅埔段
5414,1138-0000,臺中巿,大茅埔段
5414,1161-0000,臺中巿,大茅埔段
5414,1171-0002,臺中巿,大茅埔段
5414,1171-0003,臺中巿,大茅埔段
5414,1174-0000,臺中巿,大茅埔段
5414,1279-0000,臺中巿,大茅埔段
5414,1280-0000,臺中巿,大茅埔段
5414,1287-0000,臺中巿,大茅埔段
5414,1288-0000,臺中巿,大茅埔段
5414,1296-0001,臺中巿,大茅埔段
5414,1296-0003,臺中巿,大茅埔段
5414,1296-0006,臺中巿,大茅埔段
5414,1306-0000,臺中巿,大茅埔段
5414,1336-0000,臺中巿,大茅埔段
5414,1337-0002,臺中巿,大茅埔段
5414,1337-0003,臺中巿,大茅埔段
5414,1337-0004,臺中巿,大茅埔段
5414,1337-0013,臺中巿,大茅埔段
5414,1337-0017,臺中巿,大茅埔段
5414,1383-0000,臺中巿,大茅埔段
5414,1386-0000,臺中巿,大茅埔段
5414,1400-0000,臺中巿,大茅埔段
5414,1406-0003,臺中巿,大茅埔段
5414,2419-0018,臺中巿,大茅埔段
5414,2586-0000,臺中巿,大茅埔段
5414,2619-0000,臺中巿,大茅埔段
5414,2681-0000,臺中巿,大茅埔段
5414,2697-0000,臺中巿,大茅埔段
5414,2749-0000,臺中巿,大茅埔段
5414,2768-0000,臺中巿,大茅埔段
5414,2839-0002,臺中巿,大茅埔段
5414,2890-0000,臺中巿,大茅埔段
5414,2895-0000,臺中巿,大茅埔段
5414,2917-0000,臺中巿,大茅埔段
5414,2921-0000,臺中巿,大茅埔段
5414,2922-0000,臺中巿,大茅埔段
5414,2926-0000,臺中巿,大茅埔段
5414,2930-0000,臺中巿,大茅埔段
5414,2944-0001,臺中巿,大茅埔段
5414,2964-0000,臺中巿,大茅埔段
5414,3010-0000,臺中巿,大茅埔段
5414,3026-0000,臺中巿,大茅埔段
5414,3033-0000,臺中巿,大茅埔段
5414,3049-0000,臺中巿,大茅埔段
5414,3060-0000,臺中巿,大茅埔段
5414,3130-0005,臺中巿,大茅埔段
5414,3134-0004,臺中巿,大茅埔段
5414,3198-0001,臺中巿,大茅埔段
5414,3204-0000,臺中巿,大茅埔段
5414,3242-0001,臺中巿,大茅埔段
5414,3242-0002,臺中巿,大茅埔段
5414,3362-0000,臺中巿,大茅埔段
5414,3365-0001,臺中巿,大茅埔段
5414,3365-0002,臺中巿,大茅埔段
5414,3365-0003,臺中巿,大茅埔段
5414,3514-0000,臺中巿,大茅埔段
5414,3545-0000,臺中巿,大茅埔段
5414,3562-0000,臺中巿,大茅埔段
5414,3593-0003,臺中巿,大茅埔段
5414,3624-0000,臺中巿,大茅埔段
5414,3630-0002,臺中巿,大茅埔段
5414,3630-0003,臺中巿,大茅埔段
5414,3683-0000,臺中巿,大茅埔段
5414,3691-0000,臺中巿,大茅埔段
5414,3695-0000,臺中巿,大茅埔段
5414,3697-0000,臺中巿,大茅埔段
5414,3698-0000,臺中巿,大茅埔段
5414,3699-0000,臺中巿,大茅埔段
5414,3700-0000,臺中巿,大茅埔段
5414,3701-0002,臺中巿,大茅埔段
5414,3705-0001,臺中巿,大茅埔段
5414,3705-0002,臺中巿,大茅埔段
5414,3751-0000,臺中巿,大茅埔段
5414,3754-0000,臺中巿,大茅埔段
5414,3862-0000,臺中巿,大茅埔段
5414,3903-0000,臺中巿,大茅埔段
5414,3914-0001,臺中巿,大茅埔段
5414,3914-0002,臺中巿,大茅埔段
5414,3925-0000,臺中巿,大茅埔段
5414,3925-0002,臺中巿,大茅埔段
5414,3937-0000,臺中巿,大茅埔段
5414,3986-0001,臺中巿,大茅埔段
5414,4058-0000,臺中巿,大茅埔段
5414,4074-0000,臺中巿,大茅埔段
5414,4110-0000,臺中巿,大茅埔段
5414,4117-0000,臺中巿,大茅埔段
5414,4206-0000,臺中巿,大茅埔段
5414,4210-0000,臺中巿,大茅埔段
5414,4241-0000,臺中巿,大茅埔段
5414,4259-0000,臺中巿,大茅埔段
5414,4277-0000,臺中巿,大茅埔段
5414,4277-0001,臺中巿,大茅埔段
5414,4285-0000,臺中巿,大茅埔段
5414,4334-0000,臺中巿,大茅埔段
5414,4336-0001,臺中巿,大茅埔段
5414,4381-0004,臺中巿,大茅埔段
5414,4381-0008,臺中巿,大茅埔段
5414,4382-0000,臺中巿,大茅埔段
5414,4389-0000,臺中巿,大茅埔段
5414,4405-0000,臺中巿,大茅埔段
5414,4416-0000,臺中巿,大茅埔段
5414,4416-0001,臺中巿,大茅埔段
5414,4416-0003,臺中巿,大茅埔段
5414,4416-0004,臺中巿,大茅埔段
5414,4516-0000,臺中巿,大茅埔段
5414,4577-0000,臺中巿,大茅埔段
5414,4670-0000,臺中巿,大茅埔段
5414,4682-0000,臺中巿,大茅埔段
5414,4752-0000,臺中巿,大茅埔段
5414,4757-0000,臺中巿,大茅埔段
5414,4814-0000,臺中巿,大茅埔段
5414,4815-0000,臺中巿,大茅埔段
5414,4981-0002,臺中巿,大茅埔段
5414,4995-0000,臺中巿,大茅埔段
5414,5007-0000,臺中巿,大茅埔段
5414,5008-0000,臺中巿,大茅埔段
5414,5128-0000,臺中巿,大茅埔段
5414,5206-0000,臺中巿,大茅埔段
5414,5218-0000,臺中巿,大茅埔段
5414,5241-0004,臺中巿,大茅埔段
5414,5260-0000,臺中巿,大茅埔段
5414,5270-0001,臺中巿,大茅埔段
5414,5327-0000,臺中巿,大茅埔段
5414,5331-0000,臺中巿,大茅埔段
5444,0145-0000,臺中巿,東崎段
5444,0153-0000,臺中巿,東崎段
5444,0173-0000,臺中巿,東崎段
5444,0183-0000,臺中巿,東崎段
5444,0202-0000,臺中巿,東崎段
5444,0229-0000,臺中巿,東崎段
5447,0082-0000,臺中巿,玉高段
5447,0302-0000,臺中巿,玉高段
5447,0374-0000,臺中巿,玉高段
5447,0376-0000,臺中巿,玉高段
5447,0377-0000,臺中巿,玉高段
5447,0384-0000,臺中巿,玉高段
5447,0387-0000,臺中巿,玉高段
5447,0388-0000,臺中巿,玉高段
5447,0389-0000,臺中巿,玉高段
5447,0396-0000,臺中巿,玉高段
5447,0401-0000,臺中巿,玉高段
5447,0404-0000,臺中巿,玉高段
5447,0405-0000,臺中巿,玉高段
5447,0411-0000,臺中巿,玉高段
5447,0412-0000,臺中巿,玉高段
5447,0415-0000,臺中巿,玉高段
5447,0419-0000,臺中巿,玉高段
5447,0511-0000,臺中巿,玉高段
5447,0512-0000,臺中巿,玉高段
5447,0522-0000,臺中巿,玉高段
5447,0609-0000,臺中巿,玉高段
5448,1577-0000,臺中巿,伯公段
5451,0217-0000,臺中巿,慶東段
5451,0325-0000,臺中巿,慶東段
5451,0771-0000,臺中巿,慶東段
5452,0026-0000,臺中巿,慶福段
5452,0067-0000,臺中巿,慶福段
5452,0178-0000,臺中巿,慶福段
5452,0180-0000,臺中巿,慶福段
5452,0728-0000,臺中巿,慶福段
5452,0735-0000,臺中巿,慶福段
5452,0796-0000,臺中巿,慶福段
5452,0809-0000,臺中巿,慶福段
5452,0823-0000,臺中巿,慶福段
5452,0905-0000,臺中巿,慶福段
5453,0209-0000,臺中巿,坪埔段
5703,0405-0000,臺中巿,復盛段
5704,0005-0001,臺中巿,七分段十分小段
5704,0018-0008,臺中巿,七分段水井子小段
5704,0026-0001,臺中巿,七分段十分小段
5704,0041-0000,臺中巿,七分段十分小段
5704,0050-0003,臺中巿,七分段七分小段
5704,0055-0000,臺中巿,七分段十分小段
5704,0067-0011,臺中巿,七分段七分小段
5704,0075-0023,臺中巿,七分段十分小段
5704,0075-0027,臺中巿,七分段十分小段
5704,0128-0007,臺中巿,七分段水井子小段
5704,0133-0000,臺中巿,七分段水井子小段
5704,0151-0006,臺中巿,七分段水井子小段
5704,0193-0004,臺中巿,七分段七分小段
5704,0193-0005,臺中巿,七分段七分小段
5704,0218-0001,臺中巿,七分段七分小段
5704,0228-0003,臺中巿,七分段七分小段
5704,0237-0000,臺中巿,新七分段
5704,0245-0001,臺中巿,七分段七分小段
5704,0245-0002,臺中巿,七分段七分小段
5704,0285-0000,臺中巿,七分段七分小段
5704,0305-0005,臺中巿,七分段七分小段
5704,0306-0002,臺中巿,七分段七分小段
5704,0307-0003,臺中巿,七分段七分小段
5704,0308-0007,臺中巿,七分段七分小段
5704,0309-0000,臺中巿,七分段七分小段
5704,0570-0000,臺中巿,七分段七分小段
5704,0617-0000,臺中巿,新七分段
5704,0882-0000,臺中巿,新七分段
5704,1110-0001,臺中巿,新七分段
5704,1110-0003,臺中巿,新七分段
5704,1198-0000,臺中巿,新七分段
5704,1199-0000,臺中巿,新七分段
5704,1202-0000,臺中巿,新七分段
5704,1203-0000,臺中巿,新七分段
5705,0003-0000,臺中巿,七分段十分小段
5705,0069-0002,臺中巿,七分段十分小段
5705,0069-0003,臺中巿,七分段十分小段
5705,0075-0022,臺中巿,七分段十分小段
5706,0015-0013,臺中巿,七分段水井子小段
5706,0015-0014,臺中巿,七分段水井子小段
5706,0015-0017,臺中巿,七分段水井子小段
5706,0018-0011,臺中巿,七分段水井子小段
5706,0018-0041,臺中巿,七分段水井子小段
5706,0061-0005,臺中巿,七分段水井子小段
5706,0130-0010,臺中巿,七分段水井子小段
5706,0133-0013,臺中巿,七分段水井子小段
5706,0145-0000,臺中巿,七分段水井子小段
5706,0146-0001,臺中巿,七分段水井子小段
5706,0146-0002,臺中巿,七分段水井子小段
5706,0147-0005,臺中巿,七分段水井子小段
5706,0148-0000,臺中巿,七分段水井子小段
5706,0151-0005,臺中巿,七分段水井子小段
5706,0154-0000,臺中巿,七分段水井子小段
5706,0157-0000,臺中巿,七分段水井子小段
5706,0157-0005,臺中巿,七分段水井子小段
5706,0158-0000,臺中巿,七分段水井子小段
5707,0165-0136,臺中巿,大南段大南小段
5707,0165-0811,臺中巿,大南段大南小段
5707,0165-0812,臺中巿,大南段大南小段
5707,0698-0000,臺中巿,大南段大南小段
5707,1072-0000,臺中巿,大南段大南小段
5707,1072-0001,臺中巿,大南段大南小段
5708,0218-0000,臺中巿,大南段番社嶺小段
5708,0243-0009,臺中巿,大南段番社嶺小段
5708,0251-0000,臺中巿,大南段番社嶺小段
5709,0090-0012,臺中巿,水底寮段上水底寮小段
5709,0090-0024,臺中巿,水底寮段上水底寮小段
5709,0090-0051,臺中巿,水底寮段上水底寮小段
5709,0090-0055,臺中巿,水底寮段上水底寮小段
5709,0090-0101,臺中巿,水底寮段上水底寮小段
5709,0152-0571,臺中巿,水底寮段上水底寮小段
5709,0310-0139,臺中巿,水底寮段上水底寮小段
5709,0310-0294,臺中巿,水底寮段上水底寮小段
5709,0310-0420,臺中巿,水底寮段上水底寮小段
5709,0310-0453,臺中巿,水底寮段上水底寮小段
5709,0310-0559,臺中巿,水底寮段上水底寮小段
5709,0310-1047,臺中巿,水底寮段上水底寮小段
5709,0312-0020,臺中巿,水底寮段上水底寮小段
5709,0312-0033,臺中巿,水底寮段上水底寮小段
5709,0347-0000,臺中巿,水底寮段上水底寮小段
5709,0347-0001,臺中巿,水底寮段上水底寮小段
5709,0368-0004,臺中巿,水底寮段上水底寮小段
5709,0368-0014,臺中巿,水底寮段上水底寮小段
5709,0368-0018,臺中巿,水底寮段上水底寮小段
5709,0417-0232,臺中巿,水底寮段上水底寮小段
5709,0417-0236,臺中巿,水底寮段上水底寮小段
5709,0417-0292,臺中巿,水底寮段上水底寮小段
5709,0417-0308,臺中巿,水底寮段上水底寮小段
5709,0417-0422,臺中巿,水底寮段上水底寮小段
5709,0417-0423,臺中巿,水底寮段上水底寮小段
5709,0417-0431,臺中巿,水底寮段上水底寮小段
5709,0417-0434,臺中巿,水底寮段上水底寮小段
5709,0417-0450,臺中巿,水底寮段上水底寮小段
5709,0417-0474,臺中巿,水底寮段上水底寮小段
5709,0417-1059,臺中巿,水底寮段上水底寮小段
5709,0417-1062,臺中巿,水底寮段上水底寮小段
5709,0417-1126,臺中巿,水底寮段上水底寮小段
5709,0417-1127,臺中巿,水底寮段上水底寮小段
5709,0417-1136,臺中巿,水底寮段上水底寮小段
5709,0421-0031,臺中巿,水底寮段上水底寮小段
5709,0421-0135,臺中巿,水底寮段上水底寮小段
5709,0421-0152,臺中巿,水底寮段上水底寮小段
5709,0523-0000,臺中巿,水底寮段上水底寮小段
5709,0537-0000,臺中巿,水底寮段上水底寮小段
5709,0555-0000,臺中巿,水底寮段上水底寮小段
5709,0601-0000,臺中巿,水底寮段上水底寮小段
5709,0621-0000,臺中巿,水底寮段上水底寮小段
5709,0870-0000,臺中巿,水底寮段上水底寮小段
5709,1512-0000,臺中巿,水底寮段上水底寮小段
5709,1515-0002,臺中巿,水底寮段上水底寮小段
5709,1553-0000,臺中巿,水底寮段上水底寮小段
5709,1557-0006,臺中巿,水底寮段上水底寮小段
5709,1560-0003,臺中巿,水底寮段上水底寮小段
5709,1562-0001,臺中巿,水底寮段上水底寮小段
5709,1567-0000,臺中巿,水底寮段上水底寮小段
5709,1593-0002,臺中巿,水底寮段上水底寮小段
5709,1594-0002,臺中巿,水底寮段上水底寮小段
5709,1594-0007,臺中巿,水底寮段上水底寮小段
5709,1605-0000,臺中巿,水底寮段上水底寮小段
5709,1616-0000,臺中巿,水底寮段上水底寮小段
5709,1616-0003,臺中巿,水底寮段上水底寮小段
5709,1683-0000,臺中巿,水底寮段上水底寮小段
5709,1891-0000,臺中巿,水底寮段上水底寮小段
5709,2007-0000,臺中巿,水底寮段上水底寮小段
5709,2155-0000,臺中巿,水底寮段上水底寮小段
5709,2161-0000,臺中巿,水底寮段上水底寮小段
5709,2785-0000,臺中巿,水底寮段上水底寮小段
5709,2822-0000,臺中巿,水底寮段上水底寮小段
5709,2861-0000,臺中巿,水底寮段上水底寮小段
5709,2969-0000,臺中巿,水底寮段上水底寮小段
5709,3354-0000,臺中巿,水底寮段上水底寮小段
5709,3368-0000,臺中巿,水底寮段上水底寮小段
5709,3369-0000,臺中巿,水底寮段上水底寮小段
5709,3483-0000,臺中巿,水底寮段上水底寮小段
5709,3502-0000,臺中巿,水底寮段上水底寮小段
5710,0153-0005,臺中巿,水底寮段下水底寮小段
5710,0153-0024,臺中巿,水底寮段下水底寮小段
5710,0181-0000,臺中巿,水底寮段下水底寮小段
5710,0205-0023,臺中巿,水底寮段下水底寮小段
5712,0225-0000,臺中巿,馬力埔段
5714,0343-0001,臺中巿,二櫃段
5714,0531-0000,臺中巿,二櫃段
5714,0592-0000,臺中巿,二櫃段
5714,0600-0000,臺中巿,二櫃段
5714,0605-0008,臺中巿,二櫃段
5714,0610-0000,臺中巿,二櫃段
5714,0653-0000,臺中巿,二櫃段
5714,0685-0000,臺中巿,二櫃段
5715,0030-0000,臺中巿,三友部段
5715,0157-0000,臺中巿,三友部段
5715,0193-0000,臺中巿,三友部段
5715,0216-0000,臺中巿,三友部段
5715,0220-0000,臺中巿,三友部段
5715,0228-0000,臺中巿,三友部段
5715,0406-0000,臺中巿,三友部段
5715,0509-0000,臺中巿,三友部段
5715,0531-0000,臺中巿,三友部段
5715,0531-0001,臺中巿,三友部段
5715,0561-0000,臺中巿,三友部段
5715,0573-0000,臺中巿,三友部段
5715,0573-0010,臺中巿,三友部段
5715,0633-0000,臺中巿,三友部段
5715,0635-0000,臺中巿,三友部段
5716,0390-0000,臺中巿,食水嵙段
5716,0841-0000,臺中巿,食水嵙段
5716,0842-0001,臺中巿,食水嵙段
5716,0864-0000,臺中巿,食水嵙段
5716,0864-0001,臺中巿,食水嵙段
5716,0865-0001,臺中巿,食水嵙段
5717,0128-0000,臺中巿,中正段
5717,0129-0000,臺中巿,中正段
5717,0258-0000,臺中巿,中正段
5717,0621-0000,臺中巿,中正段
5717,0634-0000,臺中巿,中正段
5717,0635-0000,臺中巿,中正段
5717,0636-0000,臺中巿,中正段
5717,0648-0000,臺中巿,中正段
5720,0006-0000,臺中巿,國校段
5720,0014-0000,臺中巿,國校段
5720,0051-0001,臺中巿,國校段
5720,0105-0002,臺中巿,國校段
5722,0744-0000,臺中巿,新中段
5724,0060-0000,臺中巿,月湖段
5724,0213-0000,臺中巿,月湖段
5724,0375-0000,臺中巿,月湖段
5724,0675-0000,臺中巿,月湖段
5729,0029-0000,臺中巿,新水井段
5729,0030-0000,臺中巿,新水井段
5729,0033-0000,臺中巿,新水井段
5729,0034-0000,臺中巿,新水井段
5729,0054-0000,臺中巿,新水井段
5729,0061-0000,臺中巿,新水井段
5729,0064-0000,臺中巿,新水井段
5729,0090-0000,臺中巿,新水井段
5729,0177-0000,臺中巿,新水井段
5729,0198-0000,臺中巿,新水井段
5729,0225-0000,臺中巿,新水井段
5729,0226-0000,臺中巿,新水井段
5729,0227-0000,臺中巿,新水井段
5729,0374-0000,臺中巿,新水井段
5729,0420-0000,臺中巿,新水井段
5731,0923-0000,臺中巿,永興段
5731,1022-0000,臺中巿,永興段
5732,1108-0000,臺中巿,協中段
5732,1177-0000,臺中巿,協中段
5733,0040-0000,臺中巿,湳嶺段
5733,0042-0000,臺中巿,湳嶺段
5733,0425-0000,臺中巿,湳嶺段
5733,0493-0000,臺中巿,湳嶺段
5733,0550-0000,臺中巿,湳嶺段
5733,0586-0000,臺中巿,湳嶺段
5733,0588-0000,臺中巿,湳嶺段
5733,0589-0000,臺中巿,湳嶺段
5733,0590-0000,臺中巿,湳嶺段
5733,0591-0000,臺中巿,湳嶺段
5733,0840-0000,臺中巿,湳嶺段
5734, 0105-0000,臺中巿,新七分段
5734,0107-0000,臺中巿,新七分段
5734,0123-0000,臺中巿,新七分段
5734,0497-0000,臺中巿,新七分段
5734,0560-0000,臺中巿,新七分段
5734,0600-0000,臺中巿,新七分段
5734,0602-0000,臺中巿,新七分段
5734,0612-0000,臺中巿,新七分段
5734,0632-0000,臺中巿,新七分段
5734,0639-0000,臺中巿,新七分段
5734,0640-0000,臺中巿,新七分段
5734,0641-0000,臺中巿,新七分段
5734,0642-0000,臺中巿,新七分段
5734,0676-0000,臺中巿,新七分段
5734,0686-0000,臺中巿,新七分段
5734,0693-0000,臺中巿,新七分段
5734,0698-0000,臺中巿,新七分段
5734,0869-0000,臺中巿,新七分段
5734,0877-0000,臺中巿,新七分段
5734,0879-0000,臺中巿,新七分段
5734,0883-0000,臺中巿,新七分段
5734,0885-0000,臺中巿,新七分段
5734,0888-0000,臺中巿,新七分段
5734,0891-0000,臺中巿,新七分段
5734,0932-0000,臺中巿,新七分段
5734,0961-0000,臺中巿,新七分段
5734,0969-0000,臺中巿,新七分段
5734,1005-0000,臺中巿,新七分段
5734,1021-0000,臺中巿,新七分段
5734,1022-0000,臺中巿,新七分段
5734,1029-0000,臺中巿,新七分段
5734,1031-0000,臺中巿,新七分段
5734,1068-0000,臺中巿,新七分段
5734,1099-0000,臺中巿,新七分段
5734,1132-0000,臺中巿,新七分段
5734,1170-0000,臺中巿,新七分段
5734,1256-0000,臺中巿,新七分段
5734,1290-0000,臺中巿,新七分段
5734,1313-0000,臺中巿,新七分段
5734,1349-0000,臺中巿,新七分段
5734,1367-0000,臺中巿,新七分段
5734,1369-0000,臺中巿,新七分段
5900,0580-0032,臺中巿,石岡段
5901,0090-0007,臺中巿,石岡段金星面小段
5901,0090-0016,臺中巿,石岡段金星面小段
5901,0090-0078,臺中巿,石岡段金星面小段
5901,0090-0079,臺中巿,石岡段金星面小段
5901,0091-0000,臺中巿,石岡段金星面小段
5901,0091-0008,臺中巿,石岡段金星面小段
5901,0092-0000,臺中巿,石岡段金星面小段
5901,0541-0014,臺中巿,石岡段金星面小段
5901,0541-0016,臺中巿,石岡段金星面小段
5901,0541-0017,臺中巿,石岡段金星面小段
5901,0544-0001,臺中巿,石岡段金星面小段
5901,0580-0024,臺中巿,石岡段金星面小段
5901,0580-0201,臺中巿,石岡段金星面小段
5903,0075-0002,臺中巿,仙塘坪段
5903,0095-0034,臺中巿,仙塘坪段
5903,0167-0016,臺中巿,仙塘坪段
5903,0208-0000,臺中巿,仙塘坪段
5903,0208-0001,臺中巿,仙塘坪段
5903,0273-0003,臺中巿,仙塘坪段
5903,0319-0005,臺中巿,仙塘坪段
5903,0322-0001,臺中巿,仙塘坪段
5903,0365-0002,臺中巿,仙塘坪段
5903,0365-0003,臺中巿,仙塘坪段
5903,0374-0022,臺中巿,仙塘坪段
5903,0374-0023,臺中巿,仙塘坪段
5928,0264-0000,臺中巿,南眉段
5928,0327-0000,臺中巿,南眉段
5928,0361-0000,臺中巿,南眉段
5928,0364-0000,臺中巿,南眉段
5928,0471-0000,臺中巿,南眉段
5930,0116-0000,臺中巿,新金星面段
5930,0120-0000,臺中巿,新金星面段
5930,0160-0000,臺中巿,新金星面段
5930,0527-0000,臺中巿,新金星面段
5930,0647-0000,臺中巿,新金星面段
5930,0656-0000,臺中巿,新金星面段
5930,0669-0000,臺中巿,新金星面段
5930,0673-0000,臺中巿,新金星面段
5930,0675-0000,臺中巿,新金星面段
5930,0841-0000,臺中巿,新金星面段
5930,0843-0000,臺中巿,新金星面段
5930,1890-0000,臺中巿,新金星面段
5930,1891-0000,臺中巿,新金星面段
5930,1912-0000,臺中巿,新金星面段
5931,0263-0000,臺中巿,龍興段
5931,0542-0000,臺中巿,龍興段
5931,0669-0000,臺中巿,龍興段
5931,0813-0000,臺中巿,龍興段
5931,0815-0000,臺中巿,龍興段
5931,1157-0000,臺中巿,龍興段
6100,0208-0000,臺中巿,南勢段
6100,0208-0005,臺中巿,南勢段
6100,0228-0000,臺中巿,南勢段
6100,0532-0000,臺中巿,南勢段
6100,0532-0001,臺中巿,南勢段
6100,0714-0000,臺中巿,南勢段
6100,0735-0000,臺中巿,南勢段
6100,0813-0000,臺中巿,南勢段
6100,0813-0002,臺中巿,南勢段
6100,0813-0003,臺中巿,南勢段
6100,0898-0000,臺中巿,南勢段
6100,1070-0000,臺中巿,南勢段
6100,1428-0000,臺中巿,南勢段
6100,1435-0000,臺中巿,南勢段
6100,1457-0000,臺中巿,南勢段
6100,1457-0001,臺中巿,南勢段
6100,1480-0002,臺中巿,南勢段
6100,1525-0000,臺中巿,南勢段
6100,1525-0001,臺中巿,南勢段
6100,1582-0000,臺中巿,南勢段
6100,1593-0000,臺中巿,南勢段
6100,1632-0000,臺中巿,南勢段
6100,1651-0000,臺中巿,南勢段
6100,1659-0000,臺中巿,南勢段
6100,1673-0000,臺中巿,南勢段
6100,1685-0000,臺中巿,南勢段
6100,1689-0004,臺中巿,南勢段
6100,1749-0000,臺中巿,南勢段
6100,1753-0000,臺中巿,南勢段
6100,1753-0001,臺中巿,南勢段
6100,1753-0002,臺中巿,南勢段
6100,1769-0000,臺中巿,南勢段
6100,1770-0000,臺中巿,南勢段
6100,1792-0000,臺中巿,南勢段
6100,1793-0001,臺中巿,南勢段
6100,1794-0000,臺中巿,南勢段
6100,1796-0000,臺中巿,南勢段
6100,1814-0000,臺中巿,南勢段
6100,1814-0001,臺中巿,南勢段
6100,1988-0002,臺中巿,南勢段
6100,1988-0003,臺中巿,南勢段
6100,1990-0000,臺中巿,南勢段
6100,1991-0000,臺中巿,南勢段
6101,0663-0000,臺中巿,博愛段
6101,0664-0000,臺中巿,博愛段
6102,0052-0007,臺中巿,谷關段
6102,0053-0000,臺中巿,谷關段
6102,0060-0004,臺中巿,谷關段
6102,0066-0001,臺中巿,谷關段
6105,0015-0000,臺中巿,佳陽段
6105,0025-0000,臺中巿,佳陽段
6105,0025-0001,臺中巿,佳陽段
6105,0025-0002,臺中巿,佳陽段
6105,0477-0000,臺中巿,佳陽段
6106,0558-0016,臺中巿,梨山段
6107,0198-0002,臺中巿,松茂段
6107,0223-0001,臺中巿,松茂段
6114,0053-0025,臺中巿,福壽山段
6114,0289-0000,臺中巿,福壽山段
6114,0289-0023,臺中巿,福壽山段
6114,0293-0000,臺中巿,福壽山段
6115,0097-0000,臺中巿,雙崎段
6115,0782-0000,臺中巿,雙崎段
6115,0815-0000,臺中巿,雙崎段
6115,0869-0000,臺中巿,雙崎段
6115,0875-0000,臺中巿,雙崎段
6115,1457-0000,臺中巿,雙崎段
6115,1502-0000,臺中巿,雙崎段
6116,0012-0000,臺中巿,白毛段
6117,0104-0000,臺中巿,達觀段
6117,0310-0000,臺中巿,達觀段
6117,0370-0000,臺中巿,達觀段
6117,0395-0001,臺中巿,達觀段
6117,0438-0004,臺中巿,達觀段
6117,0442-0000,臺中巿,達觀段
6117,0444-0000,臺中巿,達觀段
6117,0828-0000,臺中巿,達觀段
6117,0907-0000,臺中巿,達觀段
6117,0948-0000,臺中巿,達觀段
6117,0961-0001,臺中巿,達觀段
6118,0004-0000,臺中巿,雪山段
6118,0004-0001,臺中巿,雪山段
6118,0442-0000,臺中巿,雪山段
6118,0442-0003,臺中巿,雪山段
6119,0006-0003,臺中巿,埋伏坪社段
6119,0016-0029,臺中巿,埋伏坪社
6119,0606-0000,臺中巿,埋伏坪社段
6119,0614-0002,臺中巿,埋伏坪社段
6119,0616-0001,臺中巿,埋伏坪社段
6119,0628-0000,臺中巿,埋伏坪社段
6119,0653-0000,臺中巿,埋伏坪社段
6119,0684-0000,臺中巿,埋伏坪社段
6120,0116-0000,臺中巿,黑田段
6176,0022-0000,臺中巿,摩天嶺段
6712,1922-0001,臺南巿,礁坑子
6712,1927-0000,臺南巿,礁坑子
6712,1927-0005,臺南巿,礁坑子
6712,1932-0000,臺南巿,礁坑子
6712,1933-0001,臺南巿,礁坑子
6712,1936-0000,臺南巿,礁坑子
6712,1937-0001,臺南巿,礁坑子
6749,0159-0000,臺中巿,豐興段
6749,0260-0000,臺中巿,豐興段
6749,0263-0000,臺中巿,豐興段
6749,0266-0000,臺中巿,豐興段
6749,0267-0000,臺中巿,豐興段
6749,0287-0000,臺中巿,豐興段
6749,0296-0000,臺中巿,豐興段
6751,0045-0000,臺中巿,興龍段
6751,0126-0000,臺中巿,興龍段
6751,0158-0000,臺中巿,興龍段
6751,0162-0000,臺中巿,興龍段
6751,0217-0000,臺中巿,興龍段
6751,0221-0000,臺中巿,興龍段
6751,0227-0000,臺中巿,興龍段
6751,0236-0000,臺中巿,興龍段
6751,0237-0000,臺中巿,興龍段
6751,0255-0000,臺中巿,興龍段
6751,0255-0001,臺中巿,興龍段
6751,0280-0003,臺中巿,興龍段
6751,0413-0000,臺中巿,興龍段
6751,0414-0000,臺中巿,興龍段
6751,0415-0000,臺中巿,興龍段
6751,0600-0000,臺中巿,興龍段
6751,0601-0000,臺中巿,興龍段
6751,0606-0000,臺中巿,興龍段
6751,0607-0000,臺中巿,興龍段
6751,0608-0000,臺中巿,興龍段
6751,1070-0000,臺中巿,興龍段
6754,0108-0000,臺南巿,左鎮段
6755,0206-0000,臺中巿,新田段
6758,0002-0000,臺南巿,草山段
6758,0005-0000,臺南巿,草山段
6758,0196-0000,臺南巿,草山段
6758,0196-0001,臺南巿,草山段
6759,0755-0000,臺南巿,內庄子段
7038,0569-0001,臺南巿,龍船段
7039,0022-0001,臺南巿,崎頂段
7700,0001-2079,臺中巿,霧峰段北溝小段
7700,0001-2151,臺中巿,霧峰段北溝小段
7700,0001-2439,臺中巿,霧峰段北溝小段
7700,0001-2441,臺中巿,霧峰段北溝小段
7700,0001-2464,臺中巿,霧峰段北溝小段
7700,0001-3039,臺中巿,霧峰段北溝小段
7700,0001-4197,臺中巿,霧峰段北溝小段
7700,0005-0789,臺中巿,霧峰段北溝小段
7700,0005-1019,臺中巿,霧峰段北溝小段
7700,0005-1058,臺中巿,霧峰段北溝小段
7700,0073-0414,臺中巿,霧峰段坑口小段
7700,0365-0273,臺中巿,霧峰段霧峰小段
7700,0365-0281,臺中巿,霧峰段霧峰小段
7700,0365-0285,臺中巿,霧峰段霧峰小段
7700,0365-0320,臺中巿,霧峰段霧峰小段
7700,0365-0353,臺中巿,霧峰段霧峰小段
7700,0365-0367,臺中巿,霧峰段霧峰小段
7700,0365-0389,臺中巿,霧峰段霧峰小段
7700,0365-0488,臺中巿,霧峰段霧峰小段
7700,0365-0546,臺中巿,霧峰段霧峰小段
7700,0365-0616,臺中巿,霧峰段霧峰小段
7700,0365-0661,臺中巿,霧峰段霧峰小段
7700,0365-0715,臺中巿,霧峰段霧峰小段
7700,0365-1694,臺中巿,霧峰段霧峰小段
7700,0365-1696,臺中巿,霧峰段霧峰小段
7700,0365-2124,臺中巿,霧峰段霧峰小段
7700,0365-2192,臺中巿,霧峰段霧峰小段
7701,0001-1567,臺中巿,霧峰段北溝小段
7701,0001-2049,臺中巿,霧峰段北溝小段
7701,0001-2210,臺中巿,霧峰段北溝小段
7701,0001-2435,臺中巿,霧峰段北溝小段
7701,0001-2776,臺中巿,霧峰段北溝小段
7701,0001-3039,臺中巿,霧峰段北溝小段
7701,0001-3324,臺中巿,霧峰段北溝小段
7701,0001-3325,臺中巿,霧峰段北溝小段
7701,0001-3397,臺中巿,霧峰段北溝小段
7701,0001-4017,臺中巿,霧峰段北溝小段
7701,0001-4024,臺中巿,霧峰段北溝小段
7701,0005-0017,臺中巿,霧峰段北溝小段
7701,0005-0022,臺中巿,霧峰段北溝小段
7701,0005-0063,臺中巿,霧峰段北溝小段
7701,0005-0090,臺中巿,霧峰段北溝小段
7701,0005-0661,臺中巿,霧峰段北溝小段
7701,0005-0681,臺中巿,霧峰段北溝小段
7701,0005-0709,臺中巿,霧峰段北溝小段
7701,0005-0711,臺中巿,霧峰段北溝小段
7701,0005-0712,臺中巿,霧峰段北溝小段
7701,0005-0760,臺中巿,霧峰段北溝小段
7701,0005-0804,臺中巿,霧峰段北溝小段
7701,0005-1084,臺中巿,霧峰段北溝小段
7701,0005-1164,臺中巿,霧峰段北溝小段
7701,0005-1264,臺中巿,霧峰段北溝小段
7701,0005-1294,臺中巿,霧峰段北溝小段
7701,0005-1303,臺中巿,霧峰段北溝小段
7701,0005-1330,臺中巿,霧峰段北溝小段
7701,0005-1360,臺中巿,霧峰段北溝小段
7701,0005-1392,臺中巿,霧峰段北溝小段
7701,0005-1398,臺中巿,霧峰段北溝小段
7701,0005-1548,臺中巿,霧峰段北溝小段
7701,0045-0045,臺中巿,霧峰段北溝小段
7701,0045-0129,臺中巿,霧峰段北溝小段
7701,0045-0212,臺中巿,霧峰段北溝小段
7701,0045-0213,臺中巿,霧峰段北溝小段
7701,0045-0214,臺中巿,霧峰段北溝小段
7701,0045-0235,臺中巿,霧峰段北溝小段
7701,0045-0707,臺中巿,霧峰段北溝小段
7701,0045-0724,臺中巿,霧峰段北溝小段
7701,0045-0725,臺中巿,霧峰段北溝小段
7701,0045-0726,臺中巿,霧峰段北溝小段
7701,0045-0727,臺中巿,霧峰段北溝小段
7701,0045-0728,臺中巿,霧峰段北溝小段
7701,0282-0000,臺中巿,新北溝段
7701,0301-0000,臺中巿,新北溝段
7701,0365-0304,臺中巿,霧峰段霧峰小段
7701,0365-0357,臺中巿,霧峰段霧峰小段
7707,0001-0273,臺中巿,萬斗六段
7707,0001-0488,臺中巿,萬斗六段
7707,0001-0490,臺中巿,萬斗六段
7707,0001-0491,臺中巿,萬斗六段
7707,0050-0000,臺中巿,萬斗六段
7707,1038-0002,臺中巿,萬斗六段
7707,1044-0013,臺中巿,萬斗六段
7707,1068-0002,臺中巿,萬斗六段
7747,0215-0001,臺中巿,萊園段
7747,0215-0002,臺中巿,萊園段
7751,0010-0000,臺中巿,新北溝段
7751,0283-0000,臺中巿,新北溝段
7751,0316-0000,臺中巿,新北溝段
7753,0225-0000,臺中巿,暗坑段
7753,0282-0000,臺中巿,暗坑段
7757,0066-0000,臺中巿,南坑段
7757,0339-0000,臺中巿,南坑段
7758,0278-0000,臺中巿,大坑段
7758,0298-0000,臺中巿,大坑段
8004,0168-0008,臺南巿,三埔段
8004,0267-0000,臺南巿,三埔
8004,0471-0001,臺南巿,三埔段
8005,0071-0001,臺南巿,芒子芒段
8005,0871-0000,臺南巿,芒子芒
8005,0871-0001,臺南巿,芒子芒
8005,0871-0004,臺南巿,芒子芒
8005,0971-0046,臺南巿, 芒子芒段
8005,1002-0000,臺南巿, 芒子芒段
8006,0008-0001,臺南巿,九層林段
8006,0243-0000,臺南巿,九層林段
8006,0327-0002,臺南巿,九層林段
8006,1159-0000,臺南巿,九層林段
8006,1379-0000,臺南巿,九層林段
8006,1397-0000,臺南巿,九層林段
8007,0003-0246,臺南巿,口宵里段
8007,0003-0361,臺南巿,口宵里段
8007,0112-0020,臺南巿,口宵里段
8009,0066-0005,臺南巿,密枝段
8009,0074-0006,臺南巿,密枝段
8009,0082-0005,臺南巿,密枝段
8009,0085-0000,臺南巿,密枝段
8009,0134-0004,臺南巿,密枝段
8009,0328-0000,臺南巿,密枝段
8009,0436-0001,臺南巿,密枝
8009,0445-0002,臺南巿,密枝段
8009,0448-0000,臺南巿,密枝段
8009,0451-0000,臺南巿,密枝段
8009,0480-0000,臺南巿,密枝段
8010,0000-0002,臺南巿,灣丘段
8010,0002-0000,臺南巿,灣丘段
8010,0010-0000,臺南巿,灣丘段
8010,0010-0019,臺南巿,灣丘段
8010,0028-0000,臺南巿,灣丘段
8010,0079-0002,臺南巿,灣丘段
8010,0085-0000,臺南巿,灣丘段
8010,0088-0000,臺南巿,灣丘段
8010,0094-0000,臺南巿,灣丘段
8010,0115-0039,臺南巿,灣丘
8010,0115-0132,臺南巿,灣丘
8010,0122-0000,臺南巿,灣丘段
8010,0137-0000,臺南巿,灣丘段
8010,0137-0001,臺南巿,灣丘段
8010,0155-0054,臺南巿,灣丘段
8010,0200-0024,臺南巿,灣丘段
8010,0282-0001,臺南巿,灣丘段
8010,0290-0000,臺南巿,灣丘段
8010,0294-0154,臺南巿,灣丘段
8010,0416-0044,臺南巿,灣丘
8010,0416-0088,臺南巿,灣丘段
8010,0420-0005,臺南巿,灣丘
8010,0454-0000,臺南巿,灣丘段
8010,0467-0000,臺南巿,灣丘段
8010,0495-0000,臺南巿,灣丘段
8010,0497-0000,臺南巿,灣丘段
8010,0535-0000,臺南巿,灣丘段
8010,0560-0000,臺南巿,灣丘段
8010,0564-0000,臺南巿,灣丘段
8010,0567-0000,臺南巿,灣丘段
8010,0568-0000,臺南巿,灣丘段
8010,0596-0000,臺南巿,灣丘段
8010,0615-0000,臺南巿,灣丘段
8010,0628-0000,臺南巿,灣丘段
8010,0632-0000,臺南巿,灣丘段
8010,0635-0000,臺南巿,灣丘段
8010,0636-0000,臺南巿,灣丘段
8010,0681-0000,臺南巿,灣丘段
8010,0854-0000,臺南巿,灣丘段
8010,0919-0000,臺南巿,灣丘段
8010,0964-0000,臺南巿,灣丘段
8010,1001-0007,臺南巿,灣丘段
8010,1001-0070,臺南巿,灣丘段
8010,1001-7010,臺南巿,灣丘段
8010,1002-0072,臺南巿,灣丘段
8010,1002-0166,臺南巿,灣丘段
8010,1002-0228,臺南巿,灣丘段
8010,1002-0297,臺南巿,灣丘段
8010,1002-0304,臺南巿,灣丘段
8010,1002-0325,臺南巿,灣丘段
8010,5775-0001,臺南巿,灣丘段
8010,8888-1949,臺南巿,灣丘段
8012,0032-0009,臺南巿,龜丹段
8012,0033-0002,臺南巿,龜丹段
8012,0092-0004,臺南巿,龜丹段
8012,0161-0000,臺南巿,龜丹段
8012,0222-0024,臺南巿,龜丹段
8012,0222-0060,臺南巿,龜丹段
8012,0222-0264,臺南巿,龜丹段
8012,0250-0000,臺南巿,龜丹段
8012,0262-0000,臺南巿,龜丹段
8012,0302-0000,臺南巿,龜丹段
8012,0679-0000,臺南巿,龜丹段
8013,0005-0121,臺南巿,凢萊宅段
8013,0046-0000,臺南巿,凢萊宅段
8013,0057-0005,臺南巿,王萊宅段
8013,0075-0006,臺南巿,凢萊宅段
8013,0075-0013,臺南巿,凢萊宅段
8013,0075-0014,臺南巿,凢萊宅段
8013,0077-0092,臺南巿,王萊宅段
8013,0077-0111,臺南巿,凢萊宅段
8013,0077-0113,臺南巿,凢萊宅段
8013,0147-0001,臺南巿,王萊宅段
8013,0168-0000,臺南巿,凢萊宅段
8013,0168-0018,臺南巿,王萊宅段
8013,0168-0179,臺南巿,王萊宅段
8013,0336-0000,臺南巿,凢萊宅段
8014,0212-0000,臺南巿,南化段
8014,0416-0000,臺南巿,南化段
8014,1372-0051,臺南巿,南化段
8014,1373-0114,臺南巿,南化段
8014,1373-0115,臺南巿,南化段
8014,2147-0000,臺南巿,南化段
8015,0282-0000,臺南巿,中坑段
8015,0369-0000,臺南巿,中坑段
8016,0038-0012,臺南巿,菁埔寮段
8016,0065-0007,臺南巿,菁埔寮
8016,0065-0015,臺南巿,菁埔寮
8016,0690-0000,臺南巿,菁埔寮段
8016,0690-0001,臺南巿,菁埔寮段
8016,0691-0004,臺南巿,菁埔寮段
8016,1376-0000,臺南巿,菁埔寮段
8016,1381-0001,臺南巿,菁埔寮段
8016,3427-0000,臺南巿,菁埔寮段
8017,0112-0000,臺南巿,竹頭崎段
8017,0271-0003,臺南巿,竹頭崎段
8017,0344-0007,臺南巿,竹頭崎段
8022,0379-0000,臺南巿,東勢坑段
8022,2192-0000,臺南巿,東勢坑段
8022,3963-0000,臺南巿,東勢坑段
8045,0008-0000,臺中巿,健民段
8045,0019-0000,臺中巿,健民段
8045,0021-0000,臺中巿,健民段
8045,0030-0000,臺中巿,健民段
8045,0036-0000,臺中巿,健民段
8045,0037-0000,臺中巿,健民段
8045,0038-0000,臺中巿,健民段
8045,0166-0000,臺中巿,健民段
8045,0166-0001,臺中巿,健民段
8056,0012-0000,臺南巿,双溪段
8056,0101-0000,臺南巿,双溪段
8056,0147-0000,臺南巿,双溪段
8056,0181-0000,臺南巿,双溪段
8056,0238-0000,臺南巿,双溪段
8056,0239-0000,臺南巿,双溪段
8056,0436-0000,臺南巿,双溪
8056,0853-0000,臺南巿,雙溪段
8056,1054-0000,臺南巿,双溪段
8056,1056-0000,臺南巿,双溪段
8056,1231-0000,臺南巿,双溪段
8057,0034-0000,臺南巿,東勢坑段
8057,0346-0000,臺南巿,東勢坑段
8057,0488-0000,臺南巿,東勢坑段
8057,0498-0000,臺南巿,東勢坑段
8057,0820-0000,臺南巿,東勢坑段
8058,0341-0000,臺南巿,頭份
8058,0341-0001,臺南巿,頭份
8058,0441-0001,臺南巿,頭份
8501,0173-0008,臺中巿,三汴坑
8503,0044-0018,臺中巿,頭汴坑段
8503,0059-0000,臺中巿,頭汴坑段
8503,0061-0014,臺中巿,頭汴坑段
8503,0061-0015,臺中巿,頭汴坑段
8503,0061-0016,臺中巿,頭汴坑段
8503,0061-0019,臺中巿,頭汴坑段
8503,0061-0020,臺中巿,頭汴坑段
8503,0061-0025,臺中巿,頭汴坑段
8503,0061-0039,臺中巿,頭汴坑段
8503,0167-0013,臺中巿,頭汴坑段
8503,0201-0025,臺中巿,頭汴坑段
8503,0201-0029,臺中巿,頭汴坑段
8503,0201-0030,臺中巿,頭汴坑段
8503,0201-0096,臺中巿,頭汴坑段
8503,0201-0203,臺中巿,頭汴坑段
8503,0201-0204,臺中巿,頭汴坑段
8503,0201-0248,臺中巿,頭汴坑段
8503,0201-0249,臺中巿,頭汴坑段
8503,0201-0303,臺中巿,頭汴坑段
8503,0201-0310,臺中巿,頭汴坑段
8503,0201-0358,臺中巿,頭汴坑段
8503,0201-0369,臺中巿,頭汴坑段
8503,0220-0000,臺中巿,頭汴坑段
8503,0220-0002,臺中巿,頭汴坑段
8503,0220-0007,臺中巿,頭汴坑段
8503,0225-0005,臺中巿,頭汴坑段
8503,0232-0003,臺中巿,頭汴坑段
8503,0234-0002,臺中巿,頭汴坑段
8503,0242-0000,臺中巿,頭汴坑段
8503,0243-0002,臺中巿,頭汴坑段
8503,0254-0005,臺中巿,頭汴坑段
8503,0254-0061,臺中巿,頭汴坑段
8503,0254-0064,臺中巿,頭汴坑段
8503,0254-0090,臺中巿,頭汴坑段
8503,0264-0042,臺中巿,頭汴坑段
8503,0264-0069,臺中巿,頭汴坑段
8503,0264-0126,臺中巿,頭汴坑段
8503,0264-0245,臺中巿,頭汴坑段
8503,0264-0286,臺中巿,頭汴坑段
8503,0264-0606,臺中巿,頭汴坑段
8503,0264-0687,臺中巿,頭汴坑段
8503,0264-0737,臺中巿,頭汴坑段
8503,0264-0898,臺中巿,頭汴坑段
8503,0301-0000,臺中巿,頭汴坑段
8503,0301-0001,臺中巿,頭汴坑段
8503,0305-0000,臺中巿,頭汴坑段
8503,0305-0001,臺中巿,頭汴坑段
8503,0305-0004,臺中巿,頭汴坑段
8503,0305-0006,臺中巿,頭汴坑段
8503,0465-0000,臺中巿,頭汴坑段
8503,0465-0001,臺中巿,頭汴坑段
8503,0581-0000,臺中巿,頭汴坑段
8503,0646-0000,臺中巿,頭汴坑段
8503,0673-0000,臺中巿,頭汴坑段
8503,0684-0000,臺中巿,頭汴坑段
8503,0757-0000,臺中巿,頭汴坑段
8503,0769-0000,臺中巿,頭汴坑段
8503,0774-0000,臺中巿,頭汴坑段
8503,0795-0000,臺中巿,頭汴坑段
8503,0820-0000,臺中巿,頭汴坑段
8503,0828-0003,臺中巿,頭汴坑段
8503,0828-0004,臺中巿,頭汴坑段
8503,0830-0001,臺中巿,頭汴坑段
8503,0831-0002,臺中巿,頭汴坑段
8503,0838-0000,臺中巿,頭汴坑段
8503,0839-0000,臺中巿,頭汴坑段
8503,0841-0000,臺中巿,頭汴坑段
8503,0846-0000,臺中巿,頭汴坑段
8503,0855-0000,臺中巿,頭汴坑段
8503,0855-0001,臺中巿,頭汴坑段
8503,0855-0002,臺中巿,頭汴坑段
8503,0855-0003,臺中巿,頭汴坑段
8503,0855-0004,臺中巿,頭汴坑段
8503,0917-0000,臺中巿,頭汴坑段
8503,1000-0000,臺中巿,頭汴坑段
8503,1000-0004,臺中巿,頭汴坑段
8503,1000-0005,臺中巿,頭汴坑段
8503,1000-0006,臺中巿,頭汴坑段
8503,1056-0001,臺中巿,頭汴坑段
8503,1057-0000,臺中巿,頭汴坑段
8503,1057-0004,臺中巿,頭汴坑段
8503,1057-0005,臺中巿,頭汴坑段
8503,1075-0000,臺中巿,頭汴坑段
8503,1075-0002,臺中巿,頭汴坑段
8503,1075-0003,臺中巿,頭汴坑段
8503,1092-0004,臺中巿,頭汴坑段
8503,1173-0001,臺中巿,頭汴坑段
8503,1347-0000,臺中巿,頭汴坑段
8503,1363-0003,臺中巿,頭汴坑段
8503,1363-0004,臺中巿,頭汴坑段
8503,1363-0005,臺中巿,頭汴坑段
8503,1363-0006,臺中巿,頭汴坑段
8503,1363-0007,臺中巿,頭汴坑段
8503,1440-0000,臺中巿,頭汴坑段
8503,1454-0000,臺中巿,頭汴坑段
8503,1459-0000,臺中巿,頭汴坑段
8503,1532-0000,臺中巿,頭汴坑段
8503,1719-0001,臺中巿,頭汴坑段
8503,1847-0001,臺中巿,頭汴坑段
8503,1853-0002,臺中巿,頭汴坑段
8503,1880-0000,臺中巿,頭汴坑段
8503,1894-0003,臺中巿,頭汴坑段
8503,1942-0001,臺中巿,頭汴坑段
8503,2034-0000,臺中巿,頭汴坑段
8503,2037-0000,臺中巿,頭汴坑段
8503,2294-0001,臺中巿,頭汴坑段
8503,2327-0000,臺中巿,頭汴坑段
8503,2330-0000,臺中巿,頭汴坑段
8503,2585-0000,臺中巿,頭汴坑段
8503,2585-0001,臺中巿,頭汴坑段
8503,2824-0000,臺中巿,頭汴坑段
8503,2830-0000,臺中巿,頭汴坑段
8503,2845-0003,臺中巿,頭汴坑段
8503,2848-0012,臺中巿,頭汴坑段
8503,2864-0000,臺中巿,頭汴坑段
8503,2867-0000,臺中巿,頭汴坑段
8503,2878-0000,臺中巿,頭汴坑段
8503,2883-0000,臺中巿,頭汴坑段
8503,2906-0000,臺中巿,頭汴坑段
8503,2909-0000,臺中巿,頭汴坑段
8503,2910-0000,臺中巿,頭汴坑段
8503,2913-0000,臺中巿,頭汴坑段
8503,2938-0000,臺中巿,頭汴坑段
8503,2954-0002,臺中巿,頭汴坑段
8503,2954-0003,臺中巿,頭汴坑段
8503,3068-0000,臺中巿,頭汴坑段
8503,3184-0000,臺中巿,頭汴坑段
8503,3257-0000,臺中巿,頭汴坑段
8503,3286-0000,臺中巿,頭汴坑段
8503,3289-0000,臺中巿,頭汴坑段
8503,3291-0000,臺中巿,頭汴坑段
8503,3313-0000,臺中巿,頭汴坑段
8503,3764-0001,臺中巿,頭汴坑段
8503,3776-0001,臺中巿,頭汴坑段
8503,3779-0000,臺中巿,頭汴坑段
8503,3871-0003,臺中巿,頭汴坑段
8503,3889-0000,臺中巿,頭汴坑段
8503,4789-0000,臺中巿,頭汴坑段
8503,4840-0000,臺中巿,頭汴坑段
8503,5007-0002,臺中巿,頭汴坑段
8503,5043-0001,臺中巿,頭汴坑段
8505,0017-1184,臺中巿,車籠埔段黃竹坑小段
8505,0017-1239,臺中巿,車籠埔段黃竹坑小段
8505,0017-1245,臺中巿,車籠埔段黃竹坑小段
8505,0017-1579,臺中巿,車籠埔段黃竹坑小段
8505,0017-1580,臺中巿,車籠埔段黃竹坑小段
8505,0017-1582,臺中巿,車籠埔段黃竹坑小段
8505,0017-1710,臺中巿,車籠埔段黃竹坑小段
8528,0012-0000,臺中巿,福利段
8528,0277-0001,臺中巿,福利段
8528,0291-0000,臺中巿,福利段
8528,0320-0000,臺中巿,福利段
8528,0320-0002,臺中巿,福利段
8528,0320-0003,臺中巿,福利段
8528,0321-0000,臺中巿,福利段
8528,0322-0000,臺中巿,福利段
8528,0329-0001,臺中巿,福利段
8528,0329-0002,臺中巿,福利段
8528,0329-0003,臺中巿,福利段
8528,0330-0000,臺中巿,福利段
8542,0076-0001,臺中巿,茶寮段
8542,0077-0001,臺中巿,茶寮段
8542,0080-0001,臺中巿,茶寮段
8542,0081-0000,臺中巿,茶寮段
8542,0085-0003,臺中巿,茶寮段
8542,0165-0003,臺中巿,茶寮段
8542,0180-0009,臺中巿,茶寮段
8542,0180-0018,臺中巿,茶寮段
8544,0003-0000,臺中巿,頂坪段
8544,0006-0001,臺中巿,頂坪段
8544,0715-0004,臺中巿,頂坪段
8572,0028-0000,臺中巿,大興段
8573,0503-0000,臺中巿,聖和段
8573,0527-0000,臺中巿,聖和段
8575,0488-0000,臺中巿,新頭汴段
8578,0334-0000,臺中巿,中南段
8578,0335-0000,臺中巿,中南段
8578,0336-0000,臺中巿,中南段
8578,0339-0000,臺中巿,中南段
8578,0385-0000,臺中巿,中南段
8578,0386-0016,臺中巿,中南段
8578,0481-0000,臺中巿,中南段
8578,0487-0000,臺中巿,中南段
8580,0021-0000,臺中巿,內城段
8580,0298-0000,臺中巿,內城段
8580,0577-0000,臺中巿,內城段
8580,0578-0000,臺中巿,內城段
8580,0579-0000,臺中巿,內城段
8580,0581-0000,臺中巿,內城段
8580,0621-0000,臺中巿,內城段
8580,0621-0003,臺中巿,內城段
8580,0621-0006,臺中巿,內城段
8581,0011-0000,臺中巿,黃竹段
8581,0096-0000,臺中巿,黃竹段
8581,0098-0000,臺中巿,黃竹段
8581,0104-0000,臺中巿,黃竹段
8581,0105-0000,臺中巿,黃竹段
8581,0198-0000,臺中巿,黃竹段
8581,0460-0000,臺中巿,黃竹段
8581,0536-0000,臺中巿,黃竹段
8582,0033-0000,臺中巿,竹村段
8582,0399-0000,臺中巿,竹村段
8583,0098-0000,臺中巿,淨德段
8583,0167-0000,臺中巿,淨德段
8583,0178-0000,臺中巿,淨德段
8583,0196-0000,臺中巿,淨德段
8583,0196-0001,臺中巿,淨德段
8583,0196-0002,臺中巿,淨德段
8583,0196-0003,臺中巿,淨德段
8583,0238-0000,臺中巿,淨德段
8583,0244-0000,臺中巿,淨德段
8583,0314-0000,臺中巿,淨德段
8583,0437-0000,臺中巿,淨德段
8583,0460-0000,臺中巿,淨德段
8584,0376-0000,臺中巿,東汴段
8584,0377-0000,臺中巿,東汴段
8584,0379-0000,臺中巿,東汴段
8584,0455-0000,臺中巿,東汴段
