section_id,land_section_name
1,永昌段一小段
2,永昌段二小段
3,永昌段三小段
4,永昌段四小段
5,永昌段五小段
6,永昌段六小段
7,青年段一小段
8,青年段二小段
9,河堤段一小段
10,河堤段二小段
11,河堤段三小段
12,河堤段四小段
13,河堤段五小段
14,河堤段六小段
15,南海段一小段
16,南海段二小段
17,南海段三小段
18,南海段四小段
19,南海段五小段
20,福和段一小段
21,福和段二小段
22,龍泉段一小段
23,龍泉段二小段
24,龍泉段三小段
25,水源段
26,景美段一小段
27,景美段二小段
28,景美段三小段
29,景美段四小段
30,景美段五小段
31,萬慶段一小段
32,萬慶段二小段
33,萬慶段三小段
34,萬隆段一小段
35,萬隆段二小段
36,興隆段一小段
37,興隆段二小段
38,興隆段三小段
39,興隆段四小段
40,興安段一小段
41,興安段二小段
42,興安段三小段
43,興安段四小段
44,興福段
45,木新段三小段
46,華興段一小段
47,華興段二小段
48,華興段三小段
49,華興段四小段
50,實踐段一小段
51,實踐段二小段
52,實踐段三小段
53,坡內坑段福德坑小段
54,坡內坑段象頭埔小段
55,坡內坑段密婆坑小段
56,坡內坑段石壁坑小段
57,坡內坑段灰窯坑小段
58,坡內坑段大竹林小段
59,坡內坑段軍功坑小段
60,坡內坑段抱子腳小段
61,坡內坑段頭廷魁小段
62,坡內坑段坡內坑小段
63,坡內坑段新興小段
64,坡內坑段小坑小段
65,坡內坑段猴山坑小段
66,坡內坑段魚衡子小段
67,坡內坑段抱子腳坑小段
68,內湖段草湳小段
69,內湖段岐山小段
70,內湖段貓空小段
71,內湖段芋子園坑小段
72,內湖段石坡坑小段
73,內湖段吊硞坑小段
74,內湖段石獅腳小段
75,內湖段樟湖小段
76,內湖段新厝小段
77,內湖段港墘小段
78,內湖段樟腳小段
79,內湖段溝子口小段
80,內湖段蕃子公館小段
81,內湖段炮子林小段
82,內湖段渡船頭小段
83,內湖段待老坑小段
84,內湖段阿泉坑小段
85,內湖段打鐵寮小段
86,內湖段中崙尾小段
87,內湖段下崙尾小段
88,內湖段木柵小段
89,內湖段馬明潭小段
90,內湖段石碣頭小段
91,內湖段埤腹小段
92,萬芳段一小段
93,萬芳段二小段
94,萬芳段三小段
95,萬芳段四小段
96,公訓段一小段
97,公訓段二小段
98,公訓段三小段
99,興泰段一小段
100,興泰段二小段
101,興泰段三小段
102,木柵段一小段
103,木柵段二小段
104,木柵段三小段
105,木柵段四小段
106,富德段一小段
107,富德段二小段
108,富德段三小段
109,博嘉段一小段
110,博嘉段二小段
111,博嘉段三小段
112,博嘉段四小段
113,老泉段一小段
114,老泉段二小段
115,老泉段三小段
116,老泉段四小段
117,指南段一小段
118,指南段二小段
119,指南段三小段
120,指南段四小段
121,頭廷段一小段
122,頭廷段二小段
123,頭廷段三小段
124,頭廷段四小段
125,草湳段一小段
126,草湳段二小段
127,草湳段三小段
128,政大段一小段
129,政大段二小段
130,政大段三小段
131,政大段四小段
132,政大段五小段
133,公園段二小段
134,公園段三小段
135,城中段一小段
136,城中段二小段
137,城中段三小段
138,中正段一小段
139,中正段二小段
140,中正段三小段
141,臨沂段一小段
142,臨沂段二小段
143,臨沂段三小段
144,臨沂段四小段
145,成功段一小段
146,成功段二小段
147,成功段三小段
148,公園段一小段
149,青年段一小段
150,青年段二小段
151,雙園段一小段
152,雙園段二小段
153,雙園段三小段
154,莒光段一小段
155,莒光段二小段
156,莒光段三小段
157,莒光段四小段
158,華中段一小段
159,華中段二小段
160,華中段三小段
161,華中段四小段
162,華江段一小段
163,華江段二小段
164,華江段三小段
165,萬大段一小段
166,萬大段二小段
167,直興段一小段
168,直興段二小段
169,直興段三小段
170,萬華段一小段
171,萬華段二小段
172,漢中段一小段
173,漢中段二小段
174,漢中段三小段
175,龍山段一小段
176,龍山段二小段
177,福星段一小段
178,福星段二小段
179,福星段三小段
180,福星段四小段
181,圓環段一小段
182,圓環段二小段
183,圓環段三小段
184,巿府段一小段
185,巿府段二小段
186,巿府段三小段
187,延平段一小段
188,延平段二小段
189,延平段三小段
190,玉泉段一小段
191,玉泉段二小段
192,迪化段一小段
193,迪化段二小段
194,迪化段三小段
195,大龍段一小段
196,大龍段二小段
197,大龍段三小段
198,橋北段一小段
199,橋北段二小段
200,橋北段三小段
201,大同段一小段
202,大同段二小段
203,文昌段一小段
204,文昌段二小段
205,雙連段一小段
206,雙連段二小段
207,雙連段三小段
208,中山段一小段
209,中山段二小段
210,中山段三小段
211,中山段四小段
212,北安段
213,北安段一小段
214,北安段二小段
215,北安段三小段
216,北安段四小段
217,北安段五小段
218,正義段一小段
219,正義段二小段
220,正義段三小段
221,正義段四小段
222,吉林段一小段
223,吉林段二小段
224,吉林段三小段
225,吉林段四小段
226,吉林段五小段
227,長安段一小段
228,長安段二小段
229,長安段三小段
230,長安段四小段
231,長春段一小段
232,長春段二小段
233,長春段三小段
234,榮星段一小段
235,榮星段二小段
236,榮星段三小段
237,榮星段四小段
238,榮星段五小段
239,榮星段六小段
240,榮星段七小段
241,榮星段八小段
242,德惠段一小段
243,德惠段二小段
244,德惠段三小段
245,德惠段四小段
246,詔安段一小段
247,詔安段二小段
248,詔安段三小段
249,詔安段四小段
250,詔安段五小段
251,正大段一小段
252,正大段二小段
253,正大段三小段
254,牛埔段
255,中庄子段
256,西新庄子段
257,下埤頭段
258,朱厝崙段
259,三橋段
260,劍潭段
261,大直段
262,中崙段
263,上碑頭段
264,圓山段二十小段
265,大佳段一小段
266,大佳段二小段
267,敦化段一小段
268,濱江段一小段
269,濱江段二小段
270,濱江段三小段
271,金泰段
272,康寧段四小段
273,康寧段五小段
274,碧湖段一小段
275,碧湖段二小段
276,碧湖段三小段
277,碧湖段四小段
278,碧湖段五小段
279,潭美段一小段
280,潭美段二小段
281,潭美段三小段
282,潭美段四小段
283,東湖段一小段
284,東湖段二小段
285,東湖段三小段
286,東湖段四小段
287,東湖段五小段
288,東湖段六小段
289,東湖段七小段
290,東湖段八小段
291,內湖段新坡尾小段
292,內湖段山腳小段
293,內湖段港墘小段
294,內湖段頭小段
295,內湖段番子坡小段
296,新里族段五分小段
297,新里族段葫蘆洲小段
298,新里族段灣子小段
299,新里族段十四分小段
301,新里族段白石湖小段
302,新里族段內溝小段
303,新里族段十四分坡內小段
304,新里族段內溝火炭坑小段
305,新里族段羊稠小段
306,新里族段洲尾小段
307,新里族段粉寮小段
308,大湖段一小段
309,大湖段二小段
310,大湖段三小段
311,大湖段四小段
312,北勢湖段洲子小段
313,北勢湖段北勢湖小段
314,碧山段一小段
315,碧山段二小段
316,碧山段三小段
317,石潭段一小段
318,石潭段二小段
319,石潭段三小段
320,石潭段四小段
321,社后段社后下小段
322,舊宗段
323,安康段
324,文德段一小段
325,文德段二小段
326,文德段三小段
327,文德段四小段
328,文德段五小段
329,西湖段一小段
330,西湖段二小段
331,西湖段三小段
332,西湖段四小段
333,康寧段一小段
334,康寧段二小段
335,康寧段三小段
336,石潭段五小段
337,潭美段五小段
338,西松段一小段
339,西松段二小段
340,西松段三小段
341,美仁段一小段
342,美仁段二小段
343,寶清段一小段
344,寶清段二小段
345,寶清段三小段
346,寶清段四小段
347,寶清段五小段
348,寶清段六小段
349,寶清段七小段
350,延吉段一小段
351,延吉段二小段
352,延吉段三小段
353,延吉段四小段
354,延壽段一小段
355,敦化段一小段
356,敦化段二小段
357,敦化段三小段
358,敦化段四小段
359,敦化段五小段
360,逸仙段一小段
361,逸仙段二小段
362,逸仙段三小段
363,濱江段一小段
364,濱江段二小段
365,濱江段三小段
366,濱江段四小段
367,三興段一小段
368,三興段二小段
369,三興段三小段
370,永春段一小段
371,永春段二小段
372,永春段三小段
373,永吉段一小段
374,永吉段二小段
375,永吉段三小段
376,永吉段四小段
377,虎林段一小段
378,虎林段二小段
379,虎林段三小段
380,虎林段四小段
381,虎林段五小段
382,吳興段一小段
383,吳興段二小段
384,吳興段三小段
385,信義段一小段
386,信義段二小段
387,信義段三小段
388,信義段四小段
389,信義段五小段
390,祥和段一小段
391,祥和段二小段
392,祥和段三小段
393,祥和段四小段
394,雅祥段一小段
395,雅祥段二小段
396,雅祥段三小段
397,雅祥段四小段
398,福德段一小段
399,福德段二小段
400,福德段三小段
401,福德段四小段
402,民生段
403,玉成段三小段
404,玉成段五小段
405,新光段三小段
406,興雅段
407,三張段
408,松山段
409,中崙段
410,舊里族段
411,上塔悠段
412,頂東勢段
413,五分埔段
414,中坡段
415,玉成段一小段
416,玉成段二小段
417,玉成段三小段
418,玉成段四小段
419,玉成段五小段
420,南港段一小段
421,南港段二小段
422,南港段三小段
423,南港段四小段
424,新光段一小段
425,新光段二小段
426,新光段三小段
427,舊莊段一小段
428,舊莊段二小段
429,舊莊段三小段
430,舊莊段四小段
431,麗山段一小段
432,麗山段二小段
433,麗山段三小段
434,麗山段四小段
435,麗山段五小段
436,科段科小段
437,科段南港子小段
438,後山坡段
439,南港三重坡段
440,後山段
441,東新庄子段
442,經貿段
443,向陽段
444,永吉段一小段
445,虎林段一小段
446,福德段一小段
447,福德段四小段
448,大豐段一小段
449,大豐段二小段
450,大豐段三小段
451,中南段一小段
452,中南段二小段
453,中南段三小段
454,中南段四小段
455,中南段五小段
456,辛亥段二小段
457,逸仙段二小段
458,逸仙段三小段
459,三興段一小段
460,三興段二小段
461,三興段三小段
462,永春段一小段
463,永春段二小段
464,永春段三小段
465,永吉段一小段
466,永吉段二小段
467,永吉段三小段
468,永吉段四小段
469,虎林段一小段
470,虎林段三小段
471,虎林段四小段
472,虎林段五小段
473,吳興段一小段
474,吳興段二小段
475,吳興段三小段
476,信義段一小段
477,信義段二小段
478,信義段三小段
479,信義段四小段
480,信義段五小段
481,祥和段一小段
482,祥和段二小段
483,祥和段三小段
484,祥和段四小段
485,雅祥段一小段
486,雅祥段二小段
487,雅祥段三小段
488,雅祥段四小段
489,福德段一小段
490,福德段二小段
491,福德段三小段
492,福德段四小段
493,犂和段一小段
494,犂和段二小段
495,犂和段三小段
496,犂和段四小段
497,菁礐段頭湖小段
498,天母段一小段
499,天母段二小段
500,天母段三小段
501,天母段四小段
502,蘭雅段一小段
503,蘭雅段二小段
504,蘭雅段三小段
505,百齡段一小段
506,百齡段二小段
508,百齡段三小段
509,百齡段四小段
510,百齡段五小段
511,百齡段六小段
512,光華段一小段
513,光華段二小段
514,光華段三小段
515,光華段四小段
516,光華段五小段
517,陽明段一小段
518,陽明段二小段
519,陽明段三小段
520,陽明段四小段
521,福林段一小段
522,福林段二小段
523,福林段三小段
524,三玉段一小段
525,三玉段二小段
526,三玉段三小段
527,三玉段四小段
528,三玉段五小段
529,芝山段一小段
530,芝山段二小段
531,芝山段三小段
532,福順段一小段
533,福順段二小段
534,福順段三小段
535,永新段一小段
536,永新段二小段
537,永新段三小段
538,永新段四小段
539,海光段一小段
540,海光段二小段
541,海光段三小段
542,中州段
543,溪洲段一小段
544,溪洲段二小段
545,溪洲段三小段
546,富安段一小段
547,富安段二小段
548,富安段三小段
549,永平段一小段
550,永平段二小段
551,永平段三小段
552,永平段四小段
553,天山段一小段
554,天山段二小段
555,雙溪段重劃一小段
556,雙溪段外雙溪小段
557,雙溪段內雙溪小段
558,永福段拔子埔小段
559,永福段莊子頂小段
560,下東勢段
561,公館地段燒寮小段
562,公館地段新安小段
563,公館地段尾崙小段
564,坪頂段大平尾小段
565,坪頂段狗慇懃小段
566,菁礐段竹篙嶺小段
567,菁礐段大庄小段
568,菁礐段番子樹空小段
569,草山段冷水坑小段
570,草山段礦溪內小段
571,草山段山豬湖小段
572,草山段草山小段
573,草山段山子後小段
574,七股段
575,石角段員山子腳小段
576,石角段大石角小段
577,石角段玉稠湖小段
578,三角埔段大稻埕小段
579,三角埔段猴洞小段
580,三角埔段玉潮坑小段
581,三角埔段三角埔小段
582,洲尾段
583,洲美段一小段
584,洲美段二小段
585,至善段一小段
586,至善段二小段
587,至善段三小段
588,至善段四小段
589,至善段五小段
590,至善段六小段
591,至善段七小段
592,翠山段一小段
593,翠山段二小段
594,力行段一小段
595,力行段二小段
596,力行段三小段
597,芝蘭段一小段
598,芝蘭段二小段
599,芝蘭段三小段
600,芝蘭段四小段
601,華岡段一小段
602,華岡段二小段
603,華岡段三小段
604,華岡段四小段
605,華岡段五小段
606,平等段一小段
607,平等段二小段
608,平等段三小段
609,天玉段一小段
610,天玉段二小段
611,天玉段三小段
612,菁山段一小段
613,菁山段二小段
614,溪山段一小段
615,溪山段二小段
616,溪山段三小段
617,新安段一小段
618,新安段五小段
619,新安段二小段
620,新安段三小段
621,新安段四小段
622,新安段六小段
623,福德洋段福德洋小段
624,福德洋段舊街小段
625,福德洋段洲尾頭小段
626,林子口段林子口小段
627,社子段葫蘆堵小段
628,湳雅段德行小段
629,湖山段一小段
630,振興段一小段
631,振興段二小段
632,振興段三小段
633,振興段四小段
634,文林段一小段
635,文林段二小段
636,文林段三小段
637,文林段四小段
638,文林段五小段
639,立農段一小段
640,立農段二小段
641,立農段三小段
642,立農段四小段
643,立農段五小段
644,新民段一小段
645,新民段二小段
646,新民段三小段
647,新民段四小段
648,開明段一小段
649,開明段二小段
650,開明段三小段
651,大業段一小段
652,大業段二小段
653,大業段三小段
654,大業段四小段
655,大業段五小段
656,溫泉段一小段
657,溫泉段二小段
658,溫泉段三小段
659,溫泉段四小段
660,奇岩段一小段
661,奇岩段二小段
662,奇岩段三小段
663,奇岩段四小段
664,奇岩段五小段
665,奇岩段六小段
666,竹子湖段
667,頂北投段山腳小段
668,頂北投段十八分小段
669,頂北投段紗帽山小段
670,北投段
671,唭哩岸段
672,嗄嘮別段嗄嘮別小段
673,嗄嘮別段關渡小段
674,石牌段
675,桃源段一小段
676,桃源段二小段
677,桃源段三小段
678,桃源段四小段
679,桃源段五小段
680,秀山段一小段
681,秀山段二小段
682,秀山段三小段
683,關渡段一小段
684,關渡段二小段
685,關渡段三小段
686,八仙段一小段
687,八仙段二小段
688,豐年段一小段
689,豐年段二小段
690,豐年段三小段
691,豐年段四小段
692,洲美段一小段
693,洲美段二小段
694,行義段一小段
695,行義段二小段
696,行義段三小段
697,行義段四小段
698,崇仰段一小段
699,崇仰段二小段
700,崇仰段三小段
701,崇仰段四小段
702,泉源段一小段
703,泉源段二小段
704,泉源段三小段
705,泉源段四小段
706,大屯段一小段
707,大屯段二小段
708,大屯段三小段
709,大屯段四小段
710,湖山段二小段
711,湖山段三小段
712,湖田段一小段
713,湖田段二小段
714,三合段
715,龍泉段一小段
716,龍泉段二小段
717,龍泉段三小段
718,金華段一小段
719,金華段二小段
720,金華段三小段
721,金華段四小段
722,中正段一小段
723,中正段二小段
724,中正段三小段
725,瑞安段一小段
726,瑞安段二小段
727,瑞安段三小段
728,瑞安段四小段
729,通化段一小段
730,通化段二小段
731,通化段三小段
732,通化段四小段
733,通化段五小段
734,通化段六小段
735,仁愛段一小段
736,仁愛段二小段
737,仁愛段三小段
738,仁愛段四小段
739,仁愛段五小段
740,仁愛段六小段
741,學府段一小段
742,學府段二小段
743,學府段三小段
744,學府段四小段
745,復興段一小段
746,復興段二小段
747,復興段三小段
748,大安段一小段
749,大安段二小段
750,大安段三小段
751,臨沂段一小段
752,臨沂段二小段
753,臨沂段三小段
754,臨沂段四小段
755,懷生段一小段
756,懷生段二小段
757,懷生段三小段
758,懷生段四小段
759,辛亥段一小段
760,辛亥段二小段
761,辛亥段三小段
762,辛亥段四小段
763,辛亥段五小段
764,辛亥段六小段
765,繼光段一小段
766,繼光段二小段
767,繼光段三小段
768,繼光段四小段
769,繼光段五小段
770,繼光段六小段
771,自由段一小段
772,自由段二小段
773,自由段三小段
774,自由段四小段
775,自由段五小段
776,自由段六小段
777,自由段七小段
778,綠川段一小段
779,綠川段二小段
780,綠川段三小段
781,綠川段四小段
782,綠川段五小段
783,綠川段六小段
784,重慶段一小段
785,重慶段二小段
786,重慶段三小段
787,重慶段四小段
788,重慶段五小段
789,重慶段六小段
790,建國段一小段
791,建國段二小段
792,建國段三小段
793,建國段四小段
794,建國段五小段
795,仁愛段一小段
796,仁愛段二小段
797,仁愛段三小段
798,仁愛段四小段
799,仁愛段五小段
800,仁愛段六小段
801,仁愛段七小段
802,平等段一小段
803,平等段二小段
804,平等段三小段
805,平等段四小段
806,平等段五小段
807,平等段六小段
808,中墩段一小段
809,中墩段二小段
810,中墩段三小段
811,中墩段四小段
812,中墩段五小段
813,中墩段六小段
814,中墩段七小段
815,柳川段一小段
816,柳川段二小段
817,柳川段三小段
818,柳川段四小段
819,柳川段五小段
820,柳川段六小段
821,柳川段七小段
822,中華段一小段
823,中華段二小段
824,中華段三小段
825,中華段四小段
826,中華段五小段
827,中華段六小段
828,中華段七小段
829,旱溪段
830,尚武段
831,練武段
832,復興段一小段
833,復興段二小段
834,復興段三小段
835,復興段四小段
836,復興段五小段
837,復興段六小段
838,東勢子段
839,忠孝段一小段
840,忠孝段二小段
841,忠孝段三小段
842,忠孝段四小段
843,忠孝段五小段
844,忠孝段六小段
845,樂業段
846,立德段一小段
847,立德段二小段
848,立德段三小段
849,立德段四小段
850,立德段五小段
851,立德段六小段
852,花園段一小段
853,花園段二小段
854,花園段三小段
855,花園段四小段
856,花園段五小段
857,花園段六小段
858,頂橋子頭段
859,旱清段
860,旱平段
861,旱新段
862,振興段
863,麻園頭段
864,東昇段一小段
865,東昇段二小段
866,東昇段三小段
867,東昇段四小段
868,東昇段五小段
869,東昇段六小段
870,東昇段七小段
871,東昇段八小段
872,東昇段九小段
873,平和段
874,光明段一小段
875,光明段二小段
876,光明段三小段
877,光明段四小段
878,光明段五小段
879,光明段六小段
880,光明段七小段
881,民生段一小段
882,民生段二小段
883,民生段三小段
884,民生段四小段
885,民生段五小段
886,平民段一小段
887,平民段二小段
888,平民段三小段
889,平民段四小段
890,平民段五小段
891,平民段六小段
892,平民段七小段
893,平民段八小段
894,平民段九小段
895,利民段一小段
896,利民段二小段
897,利民段三小段
898,利民段四小段
899,利民段五小段
900,利民段六小段
901,利民段七小段
902,中民段一小段
903,中民段二小段
904,中民段三小段
905,中民段四小段
906,中民段五小段
907,中民段六小段
908,中民段七小段
909,中民段八小段
910,中民段九小段
911,三民段一小段
912,三民段二小段
913,三民段三小段
914,三民段四小段
915,三民段五小段
916,三民段六小段
917,三民段七小段
918,後子段
919,福壽段一小段
920,福壽段二小段
921,福壽段三小段
922,公館段
923,土庫段
924,大益段
925,半平厝段
926,萬安段一小段
927,萬安段二小段
928,萬安段三小段
929,萬安段四小段
930,萬安段五小段
931,萬安段六小段
932,萬安段七小段
933,萬安段八小段
934,萬安段九小段
935,正義段一小段
936,正義段二小段
937,正義段三小段
938,正義段四小段
939,正義段五小段
940,正義段六小段
941,正義段七小段
942,正義段八小段
943,正義段九小段
944,城隍段一小段
945,城隍段二小段
946,城隍段三小段
947,城隍段四小段
948,城隍段五小段
949,城隍段六小段
950,城隍段七小段
951,城隍段八小段
952,城隍段九小段
953,樹子腳段
954,番婆段
955,下橋子頭段
956,頂橋子頭段
957,信義段一小段
958,信義段二小段
959,信義段三小段
960,信義段四小段
961,信義段五小段
962,信義段六小段
963,信義段七小段
964,信義段八小段
965,信義段九小段
966,文正段
967,水源段
968,錦村段
969,乾溝子段
970,賴厝段
971,邱厝子段
972,中清段
973,中德段
974,中興段
975,東義段
976,東光段
977,鑫新平段
978,太祥段
979,太原段
980,太和段
981,太順段
982,四張犁段
983,水汴頭段
984,二分埔段
985,大政段
986,平田段
987,東正段
988,東山段
989,東新段
990,東信段
991,建安段
992,建功段
993,建和段
994,建業段
995,青萍段
996,青雲段
997,青田段
998,長生段
999,長安段
1000,長春段
1001,大觀段
1002,大興段
1003,大仁段
1004,崇德段
1005,昌平段
1006,軍和段
1007,軍福段
1008,倡和段
1009,景美段
1010,景東段
1011,大學段
1012,大滿段
1013,大湖段
1014,大榮段
1015,大昌段
1016,大盛段
1017,大華段
1018,大富段
1019,大貴段
1020,大豐段
1021,后庄子段
1022,上七張犁段
1023,三分埔段
1024,北屯段
1025,水湳段
1026,陳平段
1027,水景頭段
1028,舊社段
1029,軍功寮段
1030,大坑段
1031,子段
1032,同榮段
1033,仁和段
1034,仁美段
1035,仁德段
1036,松觀段
1037,松茂段
1038,松竹段
1039,松昌段
1040,東峰段
1041,景福段
1042,和平段
1043,南興段
1044,竹興段
1045,創研段
1046,福順段
1047,福和段
1048,龍富段
1049,西屯段
1050,潮洋段
1051,水堀頭段
1052,上牛埔子段
1053,林厝段
1054,下石碑段
1055,上石碑段
1056,馬龍潭段
1057,八張犁段
1058,港尾子段
1059,下七張犁段
1060,惠來厝段
1061,何厝段
1062,福安段
1063,中和段
1064,中義段
1065,中正段
1066,中仁段
1067,協和段
1068,大明段
1069,大墩段
1070,何安段
1071,永安段
1072,順安段
1073,信安段
1074,民安段
1075,國安段
1076,安和段
1077,順和段
1078,惠國段
1079,惠民段
1080,惠安段
1081,惠泰段
1082,惠順段
1083,廣順段
1084,廣昌段
1085,廣福段
1086,廣明段
1087,廣安段
1088,協成段
1089,協仁段
1090,協安段
1091,東林段
1092,安林段
1093,永林段
1094,福林段
1095,龍門段
1096,福星段
1097,福德段
1098,上石碑段湳子小段
1099,鑫港尾段
1100,鑫大鵬段
1101,生態段
1102,經貿段
1103,逢大段
1104,文商段
1105,永富段
1106,新富段
1107,建功段
1108,麻糍埔段
1109,下牛埔子段
1110,水碓段
1111,劉厝段
1112,三富段
1113,南屯段
1114,埔興段
1115,楓樹段
1116,文山段
1117,楓興段
1118,豐安段
1119,豐樂段
1120,知高段
1121,溝子墘段
1122,番社腳段
1123,三塊厝段
1124,田心段
1125,山子腳段
1126,黎明段
1127,同安厝段
1128,新生段
1129,鎮南段
1130,鎮安段
1131,永定段
1132,大進段
1133,大新段
1134,寶山段
1135,保安段
1136,春社段
1137,春安段
1138,豐功段
1139,豐富段
1140,豐業段
1141,惠仁段
1142,惠義段
1143,惠禮段
1144,惠智段
1145,惠信段
1146,寶文段
1147,台安段
1148,下楓樹腳段
1149,鎮平段
1150,新庄子段
1151,永定厝段
1152,永新段
1153,永春段
1154,長潭段
1155,日新段四小段
1156,日新段五小段
1157,日新段六小段
1158,日新段七小段
1159,忠義段一小段
1160,忠義段二小段
1161,忠義段三小段
1162,忠義段四小段
1163,忠義段五小段
1164,忠義段六小段
1165,港灣段一小段
1166,港灣段二小段
1167,港灣段三小段
1168,港灣段四小段
1169,中濱段
1170,祥豐段
1171,港濱段
1172,和平段
1173,八斗子段牛稠嶺小段
1174,八斗子段砂子園小段
1175,正隆段
1176,彭佳嶼段
1177,基隆嶼段
1178,棉花嶼段
1179,調和段
1180,日新段一小段
1181,日新段二小段
1182,日新段三小段
1183,海濱段一小段
1184,海濱段二小段
1185,海濱段三小段
1186,新店段一小段
1187,新店段二小段
1188,新店段三小段
1189,新店段四小段
1190,復興段一小段
1191,復興段二小段
1192,復興段三小段
1193,中央段一小段
1194,中央段二小段
1195,中央段三小段
1196,中央段四小段
1197,中興段一小段
1198,中興段二小段
1199,中興段三小段
1200,延平段
1201,南榮段
1202,南新段
1203,德厚段
1204,成功段
1205,延年段
1206,中正段一小段
1207,中正段二小段
1208,中正段三小段
1209,東信段一小段
1210,東信段二小段
1211,東信段三小段
1212,東信段四小段
1213,福祿段
1214,田寮段
1215,東明段
1216,深澳坑段深澳坑小段
1217,深澳坑段槓子寮小段
1218,深澳坑段深澳坑口小段
1219,光明段
1220,大水窟段
1221,深美段
1222,培德段
1223,深澳段
1224,基瑞段
1225,舊站段
1226,八堵段八堵北小段
1227,七堵段七堵小段
1228,七堵段連柑宅小段
1229,鶯歌石段石皮瀨小段
1230,鶯歌石段新山小段
1231,鶯歌石段鶯歌石小段
1232,鶯歌石段石厝坑小段
1233,港口段
1234,草濫段拔西猴小段
1235,草濫段後旦旦小段
1236,草濫段小坑小段
1237,草濫段草濫小段
1238,五堵段五堵北小段
1239,五堵段五堵南小段
1240,五堵段下坡小段
1241,瑪陵坑段東勢上股小段
1242,瑪陵坑段東勢中股小段
1243,瑪陵坑段東勢下股小段
1244,瑪陵坑段西勢內寮小段
1245,瑪陵坑段西勢仙洞湖小段
1246,瑪陵坑段西勢面桶寮小段
1247,六堵段
1248,六堵段工業小段
1249,友蚋段港口小段
1250,友蚋段七分寮小段
1251,友蚋段十四坑小段
1252,友蚋段赤皮湖小段
1253,友蚋段興化坑小段
1254,友蚋段鹿寮小段
1255,友蚋段樟空湖小段
1256,安國段
1257,明德段
1258,大華段
1259,工建段
1260,溪頭段
1261,長安段
1262,台五線段
1263,暖暖段東勢坑小段
1264,暖暖段西勢坑小段
1265,暖暖段過港小段
1266,暖暖段外西勢小段
1267,暖暖段暖暖小段
1268,碇內段碇內小段
1269,碇內段溪西股小段
1270,八堵段八堵南小段
1271,八德段
1272,源遠段
1273,過港段
1274,金華段
1275,德安段
1276,德育段
1277,中山段
1278,太平段
1279,大德段
1280,仁德段
1281,中和段
1282,內木山段
1283,外木山段
1284,仙洞段
1285,大竿林段
1286,榮華段
1287,協和段
1288,新武段
1289,鶯歌石段石皮瀨小段
1290,鶯歌石段新山小段
1291,鶯歌石段鶯歌石小段
1292,港口段
1293,安國段
1294,大竿林段
1295,觀音段
1296,保定段
1297,西定段
1298,榮華段
1299,大武崙段外寮小段
1300,大武崙段內寮小段
1301,大武崙段武崙小段
1302,代天府段
1303,新崙段
1304,情人湖段
1305,新會段
1306,武嶺段
1307,新城段
1308,麥金段
1309,康祥段
1310,北華段
1311,自強段
1312,立人段
1313,正興段
1314,鄭子寮段
1315,東豐段
1316,仁愛段
1317,華興段
1318,東興段
1319,開元段
1320,富台段
1321,延平段
1322,北門段一小段
1323,北門段二小段
1324,北門段三小段
1325,寶段一小段
1326,寶段二小段
1327,老松段一小段
1328,老松段二小段
1329,福住段一小段
1330,福住段二小段
1331,公園段
1332,成功段一小段
1333,成功段二小段
1334,成功段三小段
1335,三分子段
1336,北安段
1337,小北段
1338,裕民段
1339,文元段
1340,大興段
1341,大豐段
1342,大港段
1343,光賢段
1344,北元段
1345,實踐段
1346,正覺段
1347,安平段
1348,上鯤鯓段
1349,金華段
1350,新南段
1351,金城段
1352,海興段
1353,石門段
1354,妙壽段
1355,古堡段
1356,漁港段
1357,海口段
1358,漁光段
1359,觀音段
1360,中山段
1361,青年段
1362,銀同段
1363,永華段
1364,赤崁段
1365,普濟段
1366,永福段
1367,新美段
1368,福安段
1369,檨仔林段
1370,保西段
1371,中正段
1372,白金段
1373,港段一小段
1374,港段二小段
1375,永樂段一小段
1376,永樂段二小段
1377,永樂段三小段
1378,濱段一小段
1379,濱段二小段
1380,田段
1381,福住段一小段
1382,成光段
1383,孔廟段
1384,建業段
1385,東門段一小段
1386,開山段一小段
1387,開山段二小段
1388,開山段三小段
1389,郡王段
1390,南寧段
1391,南門段一小段
1392,南門段二小段
1393,南門段三小段
1394,泉段
1395,建興段
1396,永安段
1397,協進段
1398,臨安段
1399,保安段
1400,康樂段
1401,新段一小段
1402,新段二小段
1403,西門段一小段
1404,西門段二小段
1405,西門段三小段
1406,西門段四小段
1407,西門段五小段
1409,成功段二小段
1410,成功段三小段
1411,中正段一小段
1412,中正段二小段
1413,中山段一小段
1414,中山段二小段
1415,中山段三小段
1416,台段一小段
1417,台段二小段
1418,幸段一小段
1419,幸段二小段
1420,本段一小段
1421,本段二小段
1422,本段三小段
1423,本段四小段
1424,錦段一小段
1425,錦段二小段
1426,錦段三小段
1427,壽段一小段
1428,壽段二小段
1429,高砂段一小段
1430,高砂段二小段
1431,高砂段三小段
1432,永福段一小段
1433,永福段二小段
1434,永福段三小段
1435,永福段四小段
1436,清水段一小段
1437,清水段二小段
1438,清水段三小段
1439,白金段一小段
1440,白金段二小段
1441,白金段三小段
1442,白金段四小段
1443,白金段五小段
1444,花園段一小段
1445,花園段二小段
1446,頂美段
1447,玉宇段
1448,廣慈段
1449,環河段
1450,武聖段
1451,正義段
1452,三民段
1453,萬昌段
1454,府前段
1455,草湖段
1456,公親寮段
1457,和順寮段
1458,學甲寮段
1459,媽祖宮段
1460,安順段
1461,青草崙段
1462,土城子段
1463,溪心寮段
1464,海尾寮段
1465,外塭段
1466,州北段
1467,州南段
1468,總安段
1469,新順段
1470,怡安段
1471,長和段
1472,福國段
1473,安和段
1474,安慶段
1475,頂安段
1476,安西段
1477,安東段
1478,溪頂段
1479,安中段
1480,海東段
1481,理想段
1482,溪墘段
1483,溪東段
1484,海北段
1485,海中段
1486,海前段
1487,朝皇段
1488,淵中段
1489,海西段
1490,天馬段
1491,和農段
1492,東和段
1493,和工段
1494,和業段
1495,和成段
1496,新淵段
1497,本淵段
1498,淵東段
1499,淵西段
1500,淵南段
1501,淵北段
1502,農場段
1503,鹽田段
1504,四草段
1505,海南段
1506,城中段
1507,鎮安段
1508,布袋段
1509,長安段
1510,總頭段
1511,原佃段
1512,長溪段
1513,怡北段
1514,怡中段
1515,安北段
1516,溪心段
1517,十字段
1518,原西段
1519,佃南段
1520,佃東段
1521,佃西段
1522,公塭段
1523,南興段
1524,溪南段
1525,學東段
1526,學中段
1527,學南段
1528,公學段
1529,公親段
1530,安吉段
1531,神榕段
1532,佃北段
1533,北興段
1534,學北段
1535,國聖段
1536,城東段
1537,砂崙段
1538,聖母段
1539,科工段
1540,海佃段
1541,幸福段
1542,國安段
1543,顯宮段
1544,媽宮段
1545,青草段
1546,港西段
1547,城西段
1548,青砂段
1549,土城段
1550,城南段
1551,鹿北段
1552,和館段
1553,富裕段
1554,富強段
1555,關帝段
1556,自由段
1557,勝利段
1558,德高段
1559,仁和段
1560,新東段
1561,光明段
1562,精忠段
1563,東寧段
1564,東光段
1565,龍山段
1566,東安段
1567,光華段
1568,育樂段
1569,開山段一小段
1570,開山段二小段
1571,開山段三小段
1572,郡王段
1573,南寧段
1574,公英段
1575,後甲段
1576,竹園段一小段
1577,竹園段二小段
1578,裕東段
1579,竹篙厝段
1580,虎尾寮段
1581,建業段
1582,桶盤淺段
1583,東門段一小段
1584,東門段二小段
1585,東門段三小段
1586,東門段四小段
1587,路東段
1588,大同段
1589,立德段
1590,府連段
1591,大山段
1592,正義段
1593,鹽埕段
1594,灣裡段
1595,下鯤鯓段
1596,南門段一小段
1597,南門段二小段
1598,南門段三小段
1599,泉段
1600,鞍子段
1601,建興段
1602,新興段
1603,喜東段
1604,喜北段
1605,省躬段
1606,中和段
1607,南山段
1608,金華段
1609,大林段
1610,大忠段
1611,大恩段
1612,新都段
1613,建南段
1614,南鞍段
1615,永寧段
1616,興農段
1617,舉喜段
1618,同安段
1619,龍岡段
1620,華南段
1621,南豐段
1622,明興段
1623,桶盤淺段
1624,公英段
1625,日新段
1626,水交社段
1627,福吉段
1628,天后段
1629,白雪段
1630,南華段
1631,光復段一小段
1632,府北段一小段
1633,府北段二小段
1634,府北段三小段
1635,府北段四小段
1636,府北段五小段
1637,光復段二小段
1638,光復段三小段
1639,光復段四小段
1640,光復段五小段
1641,光復段六小段
1642,鹽埕段一小段
1643,鹽埕段二小段
1644,鹽埕段三小段
1645,鹽埕段四小段
1646,鹽埕段五小段
1647,鹽埕段六小段
1648,江東段一小段
1649,江東段二小段
1650,江東段三小段
1651,江東段四小段
1652,江東段五小段
1653,忠孝段一小段
1654,忠孝段二小段
1655,忠孝段三小段
1656,忠孝段四小段
1657,忠孝段五小段
1658,忠孝段六小段
1659,興仁段
1660,興福段
1661,興橋段
1662,大東段
1663,大勇段
1664,大榮段
1665,大成段
1666,大智段
1667,鹽新段
1668,鹽國段
1669,鹽中段
1670,鹽府段
1671,鹽壽段
1672,鹽北段
1673,內惟段龍水小段
1674,龍華段一小段
1675,龍華段二小段
1676,龍華段三小段
1677,龍華段四小段
1678,鼓中段一小段
1679,鼓中段二小段
1680,鼓中段三小段
1681,鼓中段四小段
1682,鼓中段五小段
1683,鼓南段一小段
1684,鼓南段二小段
1685,鼓南段三小段
1686,鼓南段四小段
1687,前峰尾段
1688,前峰段
1689,青海段
1690,龍水段一小段
1691,龍華段五小段
1692,龍華段六小段
1693,龍華段七小段
1694,龍華段八小段
1695,龍華段九小段
1696,前峰段一小段
1697,內惟段十小段
1698,龍北段
1699,龍南段
1700,龍中段
1701,鼓岩段一小段
1702,鼓岩段二小段
1703,鼓岩段三小段
1704,鼓岩段四小段
1705,渡船段一小段
1706,渡船段二小段
1707,渡船段三小段
1708,渡船段四小段
1709,渡船段五小段
1710,濱海段一小段
1711,濱海段二小段
1712,濱海段三小段
1713,哨船段一小段
1714,哨船段二小段
1715,哨船段三小段
1716,壽山段
1717,山下段一小段
1718,山下段二小段
1719,山下段三小段
1720,山下段四小段
1721,龍水段
1722,內惟段一小段
1723,內惟段二小段
1724,內惟段三小段
1725,內惟段四小段
1726,內惟段五小段
1727,內惟段六小段
1728,內惟段七小段
1729,內惟段八小段
1730,內惟段九小段
1731,內惟段內惟小段
1732,內惟段凹子底小段
1733,龍東段
1734,前金段
1735,後金段
1736,東金段
1737,北金段
1738,文東段
1739,博孝段
1740,民生段
1741,旗後段一小段
1742,旗後段二小段
1743,旗後段三小段
1744,旗後段四小段
1745,旗後段五小段
1746,平和段一小段
1747,平和段二小段
1748,平和段三小段
1749,平和段四小段
1750,平和段五小段
1751,中洲段
1752,烏松段
1753,旗港段
1754,旗津段
1755,旗汕段
1756,中興段
1757,東沙段
1758,太平段
1759,大港埔段
1760,新興段一小段
1761,新興段二小段
1762,新興段三小段
1763,新興段四小段
1764,大統段一小段
1765,大統段二小段
1766,大統段三小段
1767,苓東段
1768,林德官段
1769,五塊厝段
1770,過田子段
1771,苓雅寮段
1772,五權段
1773,武聖段
1774,意誠段
1775,福東段
1776,福河段
1777,福裕段
1778,苓洲段
1779,苓中段
1780,林興段
1781,林聖段
1782,苓西段
1783,衛武段
1784,成功段
1785,正文段
1786,正昌段
1787,正言段
1788,正德段
1789,正福段
1790,正憲段
1791,正明段
1792,中正段
1793,林德官段一小段
1794,林德官段二小段
1795,林德官段三小段
1796,林德官段四小段
1797,林德官段五小段
1798,五塊厝段一小段
1799,五塊厝段二小段
1800,五塊厝段三小段
1801,五塊厝段四小段
1802,五權段一小段
1803,林聖段一小段
1804,苓中段一小段
1805,苓港段
1806,中安段
1807,台糖段
1808,朝陽段
1809,明道段
1810,鎮昌段一小段
1811,瑞南段一小段
1812,仁愛段一小段
1813,仁愛段二小段
1814,愛群段一小段
1815,光華段一小段
1816,憲德段一小段
1817,盛興段一小段
1818,獅甲段一小段
1819,獅甲段二小段
1820,獅甲段三小段
1821,瑞崗段六小段
1822,憲德段二小段
1823,鎮東段
1824,鎮昌段
1825,新生段
1826,興邦段
1827,瑞南段
1828,仁愛段
1829,前鎮段
1830,愛群段
1831,光華段
1832,籬子內段籬子內小段
1833,籬子內段崗山子小段
1834,憲德段
1835,盛興段
1836,臨北段
1837,獅甲段
1838,戲獅甲段
1839,草衙段
1840,草衙段一小段
1841,草衙段二小段
1842,草衙段三小段
1843,佛公段
1844,瑞隆段一小段
1845,瑞隆段二小段
1846,瑞隆段三小段
1847,瑞隆段四小段
1848,瑞崗段一小段
1849,瑞崗段二小段
1850,瑞崗段三小段
1851,瑞崗段四小段
1852,瑞崗段五小段
1853,興南段
1854,合作段
1855,中厝段一小段
1856,鳳林段
1857,大林段
1858,龍鳳段
1859,丹山段
1860,鳳宮段
1861,大業段
1862,港墘段
1863,高鳳段
1864,山明段
1865,青島段一小段
1866,青島段二小段
1867,港和段一小段
1868,港和段二小段
1869,小港段
1870,莿蔥腳段
1871,二苓段
1872,高松段
1873,中大厝段
1874,空地子段
1875,大林蒲段
1876,鹽水港段
1877,紅毛港段
1878,中段
1879,中林子段
1880,店鎮段
1881,店子後段
1882,二橋段
1883,大坪頂段
1884,大人宮段
1885,鳳鼻頭段
1886,孔宅段
1887,廈莊段
1888,機場段
1889,中厝段
1890,港興段
1891,桂林段
1892,坪北段
1893,坪南段
1894,水庫段
1895,港口段
1896,鹽水段
1897,宏明段
1898,南星段
1899,坪頂段
1900,松華段
1901,坪鳳段
1902,港墘段一小段
1903,青島段三小段
1904,青島段四小段
1905,港和段三小段
1906,港和段四小段
1907,二苓段一小段
1908,高松段一小段
1909,高松段二小段
1910,鹽水港段一小段
1911,鹽水港段二小段
1912,中段一小段
1913,店鎮段一小段
1914,店鎮段二小段
1915,店子後段一小段
1916,店子後段二小段
1917,大人宮段一小段
1918,大人宮段二小段
1919,鳳鼻頭段一小段
1920,坪松段
1921,孔鳳段
1922,廈莊段一小段
1923,明義段
1924,大平段
1925,中都段四小段
1926,新都段
1927,明仁段
1928,灣復段
1929,灣興段
1930,寶國段
1931,義華段
1932,三塊厝段
1933,大港段
1934,灣子內段灣子內小段
1935,灣子內段寶珠溝小段
1936,覆鼎金段覆鼎金小段
1937,本館段
1938,獅頭段
1939,金獅段
1940,灣和段
1941,鼎祥段
1942,鼎泰段一小段
1943,獅頭段一小段
1944,獅頭段二小段
1945,三塊厝段一小段
1946,三塊厝段二小段
1947,三塊厝段三小段
1948,三塊厝段四小段
1949,三塊厝段五小段
1950,覆鼎金段覆鼎金一小段
1951,大港段一小段
1952,大港段二小段
1953,大港段三小段
1954,大港段四小段
1955,大港段五小段
1956,大港段六小段
1957,大港段七小段
1958,鳳北段
1959,鼎儀段
1960,中華段一小段
1961,中華段二小段
1962,中都段一小段
1963,中都段二小段
1964,中都段三小段
1965,陽明段一小段
1966,陽明段二小段
1967,陽明段三小段
1968,陽明段四小段
1969,澄清段一小段
1970,澄清段二小段
1971,大豐段一小段
1972,大豐段二小段
1973,大豐段三小段
1974,大裕段一小段
1975,大裕段二小段
1976,河濱段
1977,建昌段
1978,建工段
1979,建豐段
1980,建興段
1981,建德段
1982,建安段
1983,建民段
1984,建生段
1985,澄義段
1986,水源段
1987,義民段
1988,有光段
1989,大順段
1990,凱歌段
1991,長明段
1992,鼎金段
1993,鼎泰段
1994,鼎盛段
1995,鼎中段
1996,鼎新段
1997,鼎山段
1998,灣愛段
1999,灣內段
2000,灣成段
2001,灣昌段
2002,灣志段
2003,灣立段
2004,灣勝段
2005,灣華段
2006,灣中段
2007,澄正段
2008,澄東段
2009,德北段
2010,新康段
2011,左潭段
2012,新博段
2013,菜公段七小段
2014,菜公段一小段
2015,菜公段二小段
2016,菜公段三小段
2017,菜公段四小段
2018,菜公段五小段
2019,菜公段
2020,新庄段一小段
2021,新庄段二小段
2022,新庄段三小段
2023,新庄段四小段
2024,新庄段五小段
2025,新庄段六小段
2026,新庄段七小段
2027,新庄段八小段
2028,左東段
2029,左西段
2030,左南段
2031,左北段
2032,後段
2033,興隆段
2034,果貿段
2035,左營段
2036,桃子園段
2037,埤子頭段
2038,前峰尾段
2039,覆鼎金段新庄子小段
2040,福民段
2041,新民段
2042,福山段
2043,新光段
2044,新福段一小段
2045,新福段二小段
2046,新福段三小段
2047,新福段四小段
2048,新福段五小段
2049,新福段六小段
2050,新福段七小段
2051,新福段八小段
2052,新福段九小段
2053,新福段十小段
2054,新福段十一小段
2055,菜公段六小段
2056,新庄段九小段
2057,新庄段十小段
2058,新庄段十一小段
2059,新庄段十二小段
2060,新庄段十三小段
2061,新庄段十四小段
2062,興隆段一小段
2063,新夏段
2064,左洲段
2065,新吉段
2066,新上段
2067,福文段
2068,葫蘆段
2069,新順段
2070,新華段
2071,土庫段二小段
2072,油舍段
2073,惠豐段
2074,藍田東段
2075,藍田東段二小段
2076,藍田中段一小段
2077,藍田西段
2078,藍田西段二小段
2079,藍田西段四小段
2080,藍田西段六小段
2081,高大段
2082,援中段一小段
2083,援中段二小段
2084,援中段三小段
2085,援中段四小段
2086,援中段五小段
2087,和平東段
2088,藍田中段四小段
2089,翠屏段二小段
2090,援中段
2091,楠都段一小段
2092,楠都段二小段
2093,楠都段三小段
2094,楠都段四小段
2095,德昌段
2096,高昌段
2097,清楠段
2098,清豐段
2099,楠園段
2100,芎蕉段
2101,和平段六小段
2102,加昌段一小段
2103,加昌段二小段
2104,莒光段四小段
2105,右昌段七小段
2106,楠梓段五小段
2107,楠梓段
2108,楠梓段一小段
2109,楠梓段二小段
2110,楠梓段三小段
2111,楠梓段四小段
2112,下鹽田段
2113,竹子腳段
2114,後勁段後勁小段
2115,後勁段月眉小段
2116,後勁段一小段
2117,後勁段二小段
2118,後勁段三小段
2119,後勁段四小段
2120,土庫段
2121,土庫段一小段
2122,土庫段三小段
2123,土庫段四小段
2124,援中港段
2125,右段右小段
2126,右段苦瓜寮小段
2127,下蚵子寮段
2128,和平段一小段
2129,和平段二小段
2130,和平段三小段
2131,和平段四小段
2132,和平段五小段
2133,高楠段
2134,加昌段
2135,莒光段一小段
2136,莒光段二小段
2137,莒光段三小段
2138,藍昌段一小段
2139,藍昌段二小段
2140,藍昌段三小段
2141,右昌段一小段
2142,右昌段二小段
2143,右昌段三小段
2144,右昌段四小段
2145,右昌段五小段
2146,右昌段六小段
2147,建華段
2148,藍田段一小段
2149,藍田段二小段
2150,藍田段三小段
2151,藍田中段三小段
2152,藍田中段五小段
2153,藍田西段七小段
2154,翠屏段三小段
2155,翠屏段四小段
2156,翠屏段一小段
2157,藍田東段一小段
2158,藍田中段
2159,藍田東段二小段
2160,藍田西段一小段
2161,藍田西段三小段
2162,藍田西段五小段
2163,大昌段
2164,油廠段
2165,惠民段
2166,岡山段
2167,前峰段
2168,後協段
2169,白米段
2170,街尾崙段
2171,台上段
2172,後紅段
2173,大寮段
2174,子段
2175,五甲尾段
2176,前峰子段
2177,灣子內段
2178,本洲段
2179,港口崙段
2180,石螺潭段
2181,程香段
2182,大勇段
2183,大紅段
2184,大公段
2185,大全段
2186,文化段
2187,大仁段
2188,大智段
2189,大智段協和小段
2190,協榮段
2191,介壽段
2192,陽明段
2193,劉厝段
2194,成功段
2195,竹圍段
2196,富貴段
2197,華崗段
2199,華興段
2200,嘉興段
2201,為隨段
2202,下竹圍段
2203,嘉潭段
2204,鹽埔段
2205,文心段
2206,岡工段
2207,台安段
2208,灣裡段
2209,中山段
2210,軍校段
2211,機場段
2212,石螺段
2213,福潭段
2214,嘉旺段
2215,灣裡西段
2216,新本洲段
2217,岡科段
2218,忠誠段
2219,大德段
2220,長榮段
2221,台富段
2222,中崎段
2223,林子頭段
2224,橋子頭段
2225,仕隆段
2226,九甲圍段
2227,頂鹽田段
2228,五里林段
2229,白樹子段
2230,仕豐段
2231,仕興段
2232,橋南段
2233,橋北段
2234,筆秀段
2235,德松段
2236,建樹段
2237,興樹段
2238,仕和段
2239,橋中段
2240,樹德段
2241,後壁田段
2242,樹林段
2243,甲圍段
2244,新莊段
2245,芋林段
2246,三仙段
2247,鹽塭段
2248,千秋寮段
2249,深水段
2250,湖子內段
2251,援巢中段
2252,竹子腳段
2253,援巢右段
2254,瓊子林段
2255,吊雞林段
2256,滾水段
2257,滾水坪段
2258,角宿段
2259,面前埔段
2260,中路林段
2261,鳳山厝段
2262,尖山段
2263,燕中段
2264,燕東段
2265,燕西段
2266,燕南段
2267,燕北段
2268,安招段
2269,安東段
2270,安西段
2271,安南段
2272,安北段
2273,瓊東段
2274,瓊中段
2275,瓊興段
2276,瓊西段
2277,瓊安段
2278,北角宿段
2279,南角宿段
2280,代天府段
2281,觀水段
2282,海城段
2283,中安段
2284,燕新段
2285,興龍段
2286,鳳龍段
2287,鳳雄段
2288,烏樹林段
2289,竹子港段
2290,舊港口段
2291,永科段
2292,文興段
2293,維新段
2294,保安段
2295,復興段
2296,安港段
2297,鹽埕段
2298,海尾段
2299,彌陀段
2300,漯底段
2301,彌港段
2302,鹽港段
2303,港口段
2304,仁壽段
2305,靖和段
2306,四村段
2307,山頂段
2308,彌海段
2309,南庄段
2310,梓官段
2311,大舍甲段
2312,茄苳坑段
2313,赤崁段
2314,頂蚵子寮段
2315,梓信段
2316,中崙段
2317,梓平段
2318,公館段
2319,梓中段
2320,梓和段
2321,梓義段
2322,赤崁新段
2323,蚵寮段
2324,赤慈段
2325,赤東段
2326,新甲段
2327,新興段
2328,鳳山段縣口小段
2329,鳳山段大老衙小段
2330,鳳山段火房口小段
2331,鳳山段草店尾小段
2332,竹子腳段
2333,新庄子段
2334,道爺段
2335,道爺段下菜園小段
2336,七老爺段
2337,七老爺段一甲小段
2338,新甲段
2339,五甲段
2340,五甲段牛寮小段
2341,灣子頭段
2342,過埤子段
2343,赤山段
2344,牛潮埔段
2345,埤頂段
2346,文山段
2347,文英段
2348,北門段
2349,中崙段
2350,建軍段
2351,過埤段
2352,頂庄段
2353,鳳甲段
2354,二甲段
2355,三甲段
2356,四甲段
2357,明頂段
2358,田中央段
2359,園尾段
2360,灣頭段
2361,鳳頂段
2362,寮頂段
2363,大貝湖段
2364,頂宏段
2365,保泰段
2366,過勇段
2367,華英段
2368,頂新段
2369,華泰段
2370,青年段
2371,南華段
2372,南成段
2373,鳳翔段
2374,文雅段
2375,正義段
2376,華鳳段
2377,鳳西段
2378,瑞興段
2379,文福段
2380,福誠段
2381,鳳青段
2382,溪埔段
2383,姑婆寮段
2384,檨子腳段
2385,大樹段
2386,小坪頂段
2387,九曲堂段
2388,無水寮段
2389,永豐段
2390,中興段
2391,東隆段
2392,湖底段
2393,曹公段
2394,新興段
2395,九曲段
2396,維新段
2397,大庄段
2398,埔尾段
2399,土角厝段
2400,大樹保安段
2401,大樹新吉段
2402,興山段
2403,新水安段
2404,姑山段
2405,新溪埔段
2406,竹寮段
2407,水安段
2408,坪頂段
2409,水寮段
2410,洲仔段
2411,龍目段
2412,福德段
2413,小坪段
2414,興田段
2415,水廠段
2416,旗山段
2417,北勢段
2418,圓潭子段
2419,溪洲段
2420,磱碡坑段
2421,旗尾段
2422,手巾寮段
2423,中華段
2424,大德段
2425,旗南段
2426,太平段
2427,永和段
2428,旗文段
2429,竹峰段
2430,頭林段
2431,廣福段
2432,十八份段
2433,廣溪段
2434,匏仔湖段
2435,圓富段
2436,中正段
2437,花旗段
2438,半廍段
2439,北溪洲段
2440,南溪洲段
2441,中溪洲段
2442,東平段
2443,東昌段
2444,大山段
2445,旗門段
2446,富興段
2447,大洲段
2448,三和段
2449,東大邱園段
2450,東阿里關段
2451,甲仙段
2452,公館段
2453,出火段
2454,大竹段
2455,獻肚段
2456,班芝埔段
2457,油礦段
2458,中園段
2459,四德段
2460,杉林段
2461,茄苳湖段
2462,十張犂段
2463,新庄段
2464,月眉段
2465,井角段
2466,上平段
2467,月美段
2468,月光山段
2469,溝坪段
2470,萊子坑段
2471,觀音亭段
2472,中埔段
2473,腳帛寮段
2474,內埔段
2475,東勢埔段
2476,木柵段
2477,紫竹段
2478,菜公坑段
2479,內豐段
2480,光興段
2481,烏山段
2482,南沙魯段
2483,瑪雅段
2484,達卡努瓦段
2485,吉墨樂段
2486,瀰富羅段
2487,瀰漓扎實段
2488,托亞奇伊段
2489,達悟芒段
2490,可包娃段
2491,得樂富絲段
2492,吧杜地巴利段
2493,昂娃那段
2494,達魯粽段
2495,拉祖魯鞥段
2496,達那烏茲段
2497,阿里外段
2498,那都魯薩段
2499,瀰瀰漓段
2500,扎栈達威吉段
2501,卡那富段
2502,那布妮亞段
2503,牛食坑段
2504,蜈蜞潭段
2505,保舍甲段
2506,大社段
2507,三奶壇段
2508,林子邊段
2509,中里段
2510,大安段
2511,興農段
2512,翠屏段
2513,興工段
2514,保安段
2515,圳觀段
2516,嘉誠段
2517,保社段
2518,尖山腳段
3036,觀音山段
3037,鹽埕段
3038,清福段
3039,萬金段
3040,林邊段
3041,保甲段
3042,前埔厝段
3043,烏材林段
3044,蛇子形段
3045,考潭段
3046,灣子內段
3047,竹子們段
3048,五塊厝段
3049,赤山子段
3050,新庄段
3051,仁武段
3052,仁武段潭底園小段
3053,仁武段埤寮子小段
3054,仁武段工業區小段
3055,後庄子段
3056,八卦寮段
3057,大灣段
3058,仁春段
3059,仁德段
3060,仁營段
3061,竹後段
3062,仁新段
3063,竹園段
3064,澄清段
3065,仁雄段
3066,澄潭段
3067,文武段
3068,赤南段
3069,金鼎段
3070,瑞鴻段
3071,草潭段
3072,八德段
3073,豐禾段
3074,北屋段
3075,慈惠段
3076,後港段
3077,澄觀段
3078,永仁段
3079,澄合段商五小段
3080,大昌段
3081,仁義段
3082,觀音湖段
3083,暘善段
3084,仁龍段
3085,灣勢段
3086,灣北段
3087,永和段
3088,善德段
3089,霞海段
3090,後港西段
3091,烏林段
3092,澄合段
3093,澄德段
3094,綠園段
3095,新赤山段
3096,新赤山段商九小段
3097,仁勇段
3098,新後港西段
3099,山子腳段
3100,鳥松段
3101,夢裡段
3102,崎子腳段
3103,大腳腿段
3104,坔埔段
3105,十九灣段
3106,田草埔段
3107,鳳松段
3108,山水段
3109,長庚段
3110,圓山段
3111,大華段
3112,青雲段
3113,林內段
3114,夢清段
3115,美山段
3116,美德段
3117,華美段
3118,仁美段
3119,仁和段
3120,育英段
3121,育才段
3122,大同段
3123,大德段
3124,大德段一小段
3125,觀湖段
3126,仁愛段
3127,大埤段
3128,育仁段
3129,灣裡段
3130,埔嶺段
3131,大丘園段
3132,大竹段
3133,正修段
3134,學園段
3135,同心段
3136,松埔段
3137,神農段
3138,田寮段
3139,南安老段
3140,水蛙潭段
3141,牛稠埔段
3142,狗氳段
3143,打鹿埔段
3144,古亭坑段
3145,崇西段
3146,大崗山段
3147,中路段
3148,石案潭段
3149,崙子頂段
3150,崗山營段
3151,土庫段
3152,阿蓮段
3153,九鬮段
3154,北蓮段
3155,南蓮段
3156,和蓮段
3157,青蓮段
3158,玉庫段
3159,東蓮段
3160,崑崙段
3161,青安段
3162,德宜段
3163,文北段
3164,營後段
3165,一甲段
3166,新園段
3167,下坑段
3168,下社段
3169,路竹段
3170,大社段
3171,鴨母寮段
3172,三爺埤段
3173,北嶺墘段
3174,後鄉段
3175,竹滬段
3176,文南段
3177,竹西段
3178,竹南段
3179,保安段
3180,玉庫段
3181,新興段
3182,社東段
3183,復興段
3184,大同段
3185,社中段
3186,智仁段
3187,竹東段
3188,中興段
3189,忠孝段
3190,聖母段
3191,華山段
3192,中華段
3193,華正段
3194,環球段
3195,頂寮段
3196,順安段
3197,立德段
3198,路科段
3199,觀音段
3200,東安段
3201,三爺段
3202,金平段
3203,北嶺段
3204,新達段
3205,大仁段
3206,竹園段
3207,福善段
3208,下甲段
3209,大湖段
3210,湖內段
3211,海埔段
3212,圍子內段
3213,明宗段
3214,中山段
3215,東方段
3216,福安段
3217,武功段
3218,清水段
3219,慈濟段
3220,自強段
3222,玉湖段
3223,碧湖段
3224,普濟段
3225,寧靖段
3226,工專段
3227,長壽段
3228,民生段
3229,劉家段
3230,海山段
3231,天福段
3232,正義段
3233,砂崙段
3234,頂茄萣段
3235,崎漏段
3236,白雲段
3237,福東段
3238,福西段
3239,白砂段
3240,賜福段
3241,保萣段
3242,嘉萣段
3243,雙萣段
3244,成功段
3245,正順段
3246,興達段
3247,美濃段
3248,中壇	段
3249,金瓜寮段
3250,吉洋段
3251,龍肚段
3252,竹頭角段
3253,中興段
3254,德興段
3255,龍中段
3256,吉東段
3257,清水段
3258,龍東段
3259,中圳段
3260,雙峰段
3261,泰安段
3262,東門段
3263,合和段
3264,美中段
3265,美光段
3266,永平段
3267,瀰濃段
3268,崇雲段
3269,福美段
3270,福安段
3271,黃蝶段
3272,雙溪段
3273,茶頂段
3274,吉和段
3275,成功段
3276,吉安段
3277,龜山段
3278,泰中段
3279,靈光段
3280,新龍肚段
3281,尖山段
3282,吉頂段
3283,新吉洋段
3284,六龜段
3285,土灣段
3286,新威段
3287,新開段
3288,荖濃段
3289,龍興段
3290,義寶段
3291,文武段
3292,不老段
3293,和平段
3294,水冬瓜段
3295,埔仔厝段
3296,寶來段
3297,新發段
3327,寶美段
3328,美崙段
3329,葫蘆谷段
3330,邦復段
3331,彩蝶段
3332,羅漢段
3333,中庄段
3334,新寮段
3335,新民庄段
3336,花菓段
3337,津鳳段
3338,九華段
3339,合興段
3340,長生段
3341,茂林段
3342,萬山段
3343,多納段
3344,扇平段
3345,達魯伴段
3346,老納段
3347,達魯巴令段
3348,沙古吾段
3349,沙古拉段
3350,達克車段
3351,卡布諾幹段
3352,達戶段
3353,達拉美麗段
3354,伯樂伯樂段
3355,卡達納段
3356,道尼格段
3357,阿查伴段
3358,足抓了段
3359,伊贊段
3360,慕拉絲段
3361,天池段
3362,檜谷段
3363,禮觀段
3364,梅山段
3365,樟山段
3366,復興段
3367,梅蘭段
3368,勤和段
3369,桃源段
3370,舊社段
3371,高中段
3372,馬里段
3373,藤枝段
3374,寶山段
3375,建山段
3376,樂樂段
3377,美蘭段
3378,拉庫段
3379,多尾段
3380,六溪段
3381,拉夫段
3382,八溪段
3383,九溪段
3384,楠溪段
3385,玉南段
3386,東丸段
3387,南面段
3388,玉德段
3389,雲峰段
3390,南雙段
3391,三叉段
3392,來山段
3393,玉東段
3394,馬江段
3395,安東段
3396,鹿山段
3397,呼頌段
3398,阿朗段
3399,烏瑪斯段
3400,哈力路段
3401,阿莉絲段
3402,達亥段
3403,比沙路段
3404,巴拉戶段
3405,伊比段
3406,阿莉段
3407,勞翁段
3408,阿姆樂段
3409,妮姆段
3410,媽訝段
3411,達妮芙段
3412,阿併段
3413,烏力段
3414,伊斯坦大段
3415,基伴段
3416,莎妮段
3417,達卡鬧段
3418,拉瑪達段
3419,阿力曼段
3420,布妮段
3421,書帕利段
3422,拉扶朗段
3423,巴力段
3424,伊斯里斷段
3425,馬舒嘩段
3426,光珠歌伊段
3427,埋阿打啊呼段
3428,塔拉葛渣泥段
3429,鳳崗段
3430,瑪蘇希嚕段
3431,布那斯段
3432,八里杜布段
3433,瑪拉斯段
3434,撒拉望段
3435,點當安段
3436,嘎那唔段
3437,達唔古拉段
3438,汕尾段
3439,中芸段
3440,溪州段
3441,港子埔段
3442,港子埔段中坑門小段
3443,王公廟段
3444,王公廟段苦苓腳小段
3445,潭頭段
3446,林子邊段
3447,林園段
3448,鳳芸段
3449,中汕段
3450,頂厝段
3451,林中段
3452,頂溪州段
3453,田中央段
3454,柚仔腳段
3455,五福段
3456,廣應段
3457,下厝段
3458,龔林段
3459,中門段
3460,福德段
3461,中厝段
3462,清水巖段
3463,龍潭段
3464,磚子段
3465,翁公園段
3466,山子頂段
3467,拷潭段
3468,大寮段
3469,大寮段芎蕉腳小段
3470,赤崁段
3471,赤崁段潮州寮小段
3472,會社段
3473,永芳段
3474,內厝段
3475,水源段
3476,內湖段
3477,內坑段
3478,義和段
3479,義堂段
3480,義仁段
3481,義勇段
3482,昭明段
3483,後庄段
3484,江山段
3485,溪寮段
3486,中庄北段
3487,中庄南段
3488,翁園段
3489,琉球段
3490,永芳壹段
3491,仁德段
3492,後壁寮段
3493,前庄段
3494,林內段
3495,新厝南段
3496,上寮北段
3497,頂寮段
3498,三隆段
3499,民新段
3500,開封段
3501,伍厝段
3502,黃厝段
3503,潭鳳段
3504,潮寮北段
3505,潮寮南段
3506,潭平段
3507,邱厝坪段
3508,王厝段
3509,水廠段
3510,明善段
3511,六合段
3512,會結北段
3513,新庄段
3514,過溪段
3515,會結南段
3516,新厝北段
3517,上寮南段
3518,大豐段
3519,新都段
3520,永翠段
3521,江翠段
3522,新板段三小段
3523,忠孝段
3524,仁愛段
3525,信義段
3526,和平段
3527,重慶段
3528,府中段
3529,民族段
3530,民權段
3531,中山段
3532,介壽段
3533,海山段
3534,國光段
3535,光仁段
3536,光華段
3537,大庭段
3538,文化段
3539,公館段
3540,幸福段
3541,湳子段
3542,沙崙段
3543,埔墘段
3544,港子嘴段
3545,江子翠段第一崁小段
3546,江子翠段第二崁小段
3547,江子翠段第三崁小段
3548,江子翠段第四崁小段
3549,江子翠段新埔小段
3550,江子翠段溪頭小段
3551,江子翠段大埔尾小段
3552,江子翠段中洲小段
3553,番子園段浮洲小段
3554,番子園段三抱竹小段
3555,番子園段番子園小段
3556,溪洲段番子埔小段
3557,溪洲段頂溪洲小段
3558,溪洲段下溪洲小段
3559,溪洲段楛柃腳小段
3560,溪洲段洲子小段
3561,溪洲段中溪洲小段
3562,新興段
3563,亞東段
3564,新雅段
3565,僑中段
3566,大觀段
3567,力行段
3568,福安段
3569,大同段
3570,篤行段
3571,民生段
3572,中正段
3573,中興段
3574,成功段
3575,振興段
3576,永安段
3577,龍安段
3578,新板段一小段
3579,新板段二小段
3580,五權段
3581,光環段
3582,板翠段
3583,環翠段
3584,福華段
3585,頂福段
3586,瑞興段
3587,員和段
3588,誠林段
3589,安和段
3590,延和段
3591,金城段
3592,冷水段
3593,青雲段
3594,清水段
3595,祖田段
3596,柑林埤段
3597,清水坑段外冷水坑小段
3598,清水坑段內冷水坑小段
3599,頂埔段溪頭小段
3600,頂埔段溪尾小段
3601,頂埔段頂埔內小段
3602,頂埔段中洲子小段
3603,頂埔段牛角坑小段
3604,沛舍坡段
3605,沛舍坡段工業區小段
3606,沛舍坡段工業社區小段
3607,埤塘段埤塘小段
3608,埤塘段內柑林埤小段
3609,員林段員林小段
3610,員林段貨饒小段
3611,員林段土城小段
3612,延寮坑段外藤寮坑小段
3613,延寮坑段內藤寮坑小段
3614,大安寮段大安寮小段
3615,大安寮段石壁寮小段
3616,大安寮段大暖坑小段
3617,媽祖田段外媽祖田小段
3618,媽祖田段內媽祖田小段
3619,學成段
3620,南天母段
3621,柑林段
3622,永豐段
3623,石門段
3624,忠義段
3625,建安段
3626,尖山段
3627,清化段
3628,樂利段
3629,中華段
3630,板院段
3631,學林段
3632,廷寮段
3633,延吉段
3634,員福段
3635,沛坡段
3636,土城段
3637,大安段
3638,員仁段
3639,永和段
3640,大巒段
3641,運校段
3642,永寧段
3643,頂新段
3644,西盛段西盛小段
3645,副都心段五小段
3646,副都心段七小段
3647,副都心段三小段
3648,副都心段四小段
3649,新豐段
3650,景德段
3651,思源段
3652,新工段一小段
3653,新工段二小段
3654,文明段
3655,化成段
3656,鴻福段
3657,恒安段
3658,立德段
3659,文德段
3660,全安段
3661,忠孝段
3662,榮和段
3663,瓊林段
3664,建國段
3665,民安段
3666,光明段
3667,光榮段
3668,公正段
3669,公館段
3670,光華段
3671,新樹段
3672,豐年段
3673,瓊泰段
3674,後港段
3675,富國段
3676,福營段
3677,四維段
3678,立言段
3679,國泰段
3680,安泰段
3681,安和段
3682,裕民段
3683,龍鳳段
3684,合鳳段
3685,丹鳳段
3686,雙鳳段
3687,興化段
3688,福基段
3689,頭興段
3690,幸福段
3691,昌隆段
3692,和平段
3693,榮富段
3694,頭前段頭前小段
3695,頭前段小田心子小段
3696,頭前段茄苳腳小段
3697,營盤段營盤邊小段
3698,營盤段營盤前小段
3699,營盤段營盤口小段
3700,海山頭段柴橋頭小段
3701,海山頭段三角子小段
3702,海山頭段石龜小段
3703,埤角段頂埤角小段
3704,埤角段下埤角小段
3705,新莊段新莊小段
3706,新莊段街後小段
3707,西盛段子林小段
3708,子林段
3709,中港厝段
3710,頂坡角段頂坡角小段
3711,頂坡角段啞口坑小段
3712,十八份坑段十八份坑小段
3713,十八份坑段長窠子小段
3714,下坡角段
3715,中正段
3716,輔大段
3717,思賢段
3718,自立段
3719,中誠段
3720,中泰段
3721,自強段
3722,復興段
3723,副都心段一小段
3724,中原段
3725,中原段二小段
3726,副都心段六小段
3727,信華段二小段
3728,副都心段九小段
3729,中原段一小段
3730,副都心段八小段
3731,林口段
3732,行政段
3733,麗林一段
3734,麗林二段
3735,竹林段
3736,佳林段
3737,麗林段
3738,建林段
3739,力行段
3740,新林段
3741,新林段一小段
3742,新林段二小段
3743,新林段三小段
3744,新林段四小段
3745,新林段五小段
3746,新林段六小段
3747,新林段七小段
3748,新林段八小段
3749,新林段九小段
3750,新林段十小段
3751,新林段十一小段
3752,新林段十二小段
3753,新林段十三小段
3754,新林段十四小段
3755,新林段十五小段
3756,新林段十六小段
3757,新林段十七小段
3758,新林段十八小段
3759,新林段十九小段
3760,新林段二十小段
3761,新林段二一小段
3762,新林段二二小段
3763,南勢埔段南勢埔小段
3764,南勢埔段頭湖小段
3765,南勢埔段大牛稠小段
3766,南勢埔段員堀子小段
3767,南勢埔段大崙小段
3768,南勢埔段竹圍子小段
3769,南勢埔段南勢埔尾小段
3770,南勢埔段前庄小段
3771,南勢埔段過崙子小段
3772,太平嶺段
3773,菁埔段菁埔小段
3774,菁埔段中湖小段
3775,菁埔段樹林口小段
3776,菁埔段東湖小段
3777,菁埔段湖子小段
3778,菁埔段三塊厝小段
3779,菁埔段粉寮水尾小段
3780,菁埔段後湖小段
3781,菁埔段新寮小段
3782,菁埔段漳洲寮小段
3783,瑞樹坑段瑞樹坑小段
3784,瑞樹坑段後坑小段
3785,小南灣段頂福小段
3786,小南灣段下福小段
3787,大南灣段寶斗厝坑小段
3788,大南灣段嘉溪子坑小段
3789,坪頂菜公堂段埤寮小段
3790,牛角坡段垹坡小段
3791,坪頂苦苓林段
3792,工二段
3793,國宅段
3794,成州段
3795,芳洲段
3796,登林段
3797,德音段
3798,御史段
3799,五股坑段五股坑小段
3800,五股坑段壟坑小段
3801,五股坑段冷水坑小段
3802,水碓段水碓小段
3803,水碓段水碓窠小段
3804,水碓段塭底小段
3805,石土地公段石土地公小段
3806,石土地公段外寮小段
3807,石土地公段蓬萊坑小段
3808,更寮段更寮小段
3809,更寮段褒子寮小段
3810,更寮段洲子尾小段
3811,更寮段鴨母港小段
3812,更寮段下竹圍小段
3813,更寮段樹林頭小段
3814,更寮段羅古小段
3815,洲子段洲子小段
3816,洲子段御史坑小段
3817,新塭段新塭小段
3818,新塭段舊塭小段
3819,成子寮段成子寮小段
3820,成子寮段獅子頭小段
3821,成子寮段北勢坑小段
3822,觀音坑段坑口小段
3823,觀音坑段直坑小段
3824,觀音坑段崩山小段
3825,觀音坑段中坑小段
3826,觀音坑段內岩小段
3827,觀音坑段田子埔小段
3828,觀音坑段福隆山小段
3829,五工段
3830,石德段
3831,成功段
3832,陸光段
3833,五股段
3834,山腳段店子小段
3835,信華段一小段
3836,新林段一小段
3837,新林段二小段
3838,新林段三小段
3839,新林段四小段
3840,新林段五小段
3841,新林段六小段
3842,新林段七小段
3843,新林段八小段
3844,新林段九小段
3845,新林段十小段
3846,新林段十一小段
3847,新林段十二小段
3848,新林段十三小段
3849,新林段十四小段
3850,新林段十五小段
3851,新林段十六小段
3852,新林段十七小段
3853,新林段十八小段
3854,新林段十九小段
3855,新林段二十小段
3856,新林段二一小段
3857,新林段二二小段
3858,楓江段
3859,同興段
3860,泰林段
3861,黎明段
3862,同榮段
3863,南林段
3864,明志段
3865,中山段
3866,下坡角段
3867,泰山段一小段
3868,泰山段二小段
3869,泰山段三小段
3870,義學段義學下小段
3871,義學段義學頂小段
3872,義學段麻竹坑小段
3873,義學段蘇厝窠小段
3874,崎子腳段崎子腳小段
3875,崎子腳段大崎頭小段
3876,楓樹腳段楓樹腳小段
3877,貴子坑段
3878,大窠坑段大窠坑小段
3879,大窠坑段柯厝坑小段
3880,大窠坑段錢厝坑小段
3881,大窠坑段橫窠子小段
3882,大窠坑段半山子小段
3883,大窠坑段頭窠小段
3884,山腳段大窠口小段
3885,山腳段溝子墘小段
3886,山腳段吳厝窠小段
3887,副都心段二小段
3888,安康段
3889,安華段
3891,陽光段
3892,安泰段
3893,香坡段
3894,雙城段
3895,錦秀段
3896,蘭溪段
3897,安興段
3898,祥和段
3899,秀水段
3900,竹林段
3901,安城段
3902,廣明段
3903,太平段
3904,永業段
3905,新和段
3906,安和段
3907,安德段
3908,民安段
3909,大坪林段七張小段
3910,大坪林段十二張小段
3911,大坪林段二十張小段
3912,大坪林段十四張小段
3913,大坪林段寶斗厝小段
3914,大坪林段新店小段
3915,安坑段頂城小段
3916,安坑段下城小段
3917,安坑段頭城小段
3918,安坑段二城小段
3919,安坑段三城小段
3920,安坑段四城小段
3921,安坑段五城小段
3922,安坑段柴埕小段
3923,安坑段十四分小段
3924,安坑段上五十六分小段
3925,安坑段下五十六分小段
3926,安坑段六十三分小段
3927,安坑段二叭子小段
3928,安坑段石頭厝小段
3929,安坑段芊蓁湖小段
3930,安坑段大坪腳小段
3931,安坑段大湖底小段
3932,安坑段大坪頂小段
3933,安坑段大茅埔小段
3934,安坑段外挖子小段
3935,安坑段內挖子小段
3936,安坑段深坑子小段
3937,安坑段小粗坑小段
3938,安坑段大粗坑小段
3939,安坑段溪洲小段
3940,安坑段溪西小段
3941,安坑段木柵小段
3942,安坑段南興小段
3943,安坑段樟荖寮小段
3944,安坑段公館崙小段
3945,安坑段三城湖小段
3946,安坑段一股坡小段
3947,安坑段豬肚山小段
3948,安坑段大楠坑小段
3949,安坑段九甲三小段
3950,安坑段薏仁坑小段
3951,安坑段車子路小段
3952,直潭段直潭小段
3953,直潭段灣潭小段
3954,直潭段塗潭小段
3955,直潭段過橋坑小段
3956,直潭段蘆竹濫小段
3957,直潭段小粗坑小段
3958,直潭段赤皮湖小段
3959,直潭段屈尺小段
3960,直潭段湖子內小段
3961,直潭段康雅崙小段
3962,直潭段頂石厝小段
3963,直潭段侯湖小段
3964,直潭段磺窟小段
3965,直潭段廣興小段
3966,直潭段下石厝小段
3967,直潭段中溪洲小段
3968,直潭段小坑小段
3969,青潭段蕃薯寮小段
3970,青潭段楣子寮小段
3971,青潭段六分小段
3972,青潭段十分小段
3973,青潭段十二分小段
3974,青潭段四十分小段
3975,青潭段十六分小段
3976,青潭段員潭子坑小段
3977,青潭段稻子園坑小段
3978,青潭段油車坑小段
3979,青潭段湖閃坑小段
3980,青潭段雙坑小段
3981,青潭段子頭小段
3982,青潭段大崎腳小段
3983,青潭段土崎頭小段
3984,青潭段德高嶺小段
3985,青潭段濕水子小段
3986,青潭段青潭小段
3987,平廣段
3988,龜山段龜山小段
3989,龜山段大粗坑小段
3990,華城段
3991,秀岡段
3992,秀岡一段
3993,秀岡二段
3994,秀岡三段
3995,秀岡四段
3996,華城一段
3997,華城二段
3998,花園段
3999,中興重劃段
4000,中正段
4001,中華段
4002,民權段
4003,大豐段
4004,建國段
4005,明德段
4006,中央段
4007,莊敬段
4008,復興段
4009,順安段
4010,寶元段
4011,禾豐一段
4012,禾豐二段
4013,禾豐三段
4014,福園段
4015,環河段
4016,北新段
4017,北宜段
4018,碧潭段
4019,寶強段
4020,寶橋段
4021,寶興段
4022,五峰段
4023,惠國段
4024,行政段
4025,光明段
4026,文山段
4027,新坡段
4028,栗子園段
4029,黎明段
4030,小城段
4031,玫瑰段
4032,安豐段
4033,大溪墘段下紙寮坑小段
4034,桶後本段
4035,玉豐段
4036,大溪墘段大溪墘小段
4037,大溪墘段大湖格小段
4038,大溪墘段藤寮坑小段
4039,大溪墘段蚯蚓坑小段
4040,雙溪段串空湖小段
4041,雙溪段雙溪小段
4042,雙溪段吊橋小段
4043,蓬菜寮段蓬菜寮小段
4044,蓬菜寮段蕃薯寮小段
4045,蓬菜寮段半路店小段
4046,蓬菜寮段湳子小段
4047,蓬菜寮段小粗坑小段
4048,烏塗坑段烏塗坑小段
4049,烏塗坑段摸乳巷小段
4050,烏塗坑段溪邊寮小段
4051,烏塗坑段員山子小段
4052,烏塗坑段蛇舌子小段
4053,烏塗坑段橫坪小段
4054,烏塗坑段四分子小段
4055,烏塗坑段樟空子小段
4056,烏塗坑段月扇湖小段
4057,烏塗坑段大格門小段
4058,小格頭段小格頭小段
4059,小格頭段內楒子腳小段
4060,小格頭段外楒子腳小段
4061,小格頭段楠枋寮小段
4062,小格頭段中楒子腳小段
4063,小格頭段崙尾寮小段
4064,小格頭段五郎寮小段
4065,小格頭段塗潭小段
4066,小格頭段荖寮小段
4067,小格頭段車閂寮小段
4068,小格頭段十股寮小段
4069,小格頭段水底寮小段
4070,小格頭段直潭小段
4071,小格頭段潭腰小段
4072,小格頭段竹坑小段
4073,小格頭段獅子頭坑小段
4074,小格頭段坑內小段
4075,小格頭段石崁頭小段
4076,小格頭段十三股小段
4077,小格頭段濕水子小段
4078,小格頭段土巷小段
4079,小格頭段大湖小段
4080,小格頭段火燒樟小段
4081,小格頭段雷公坡小段
4082,小格頭段二格小段
4083,小格頭段小金瓜寮小段
4084,小格頭段柑腳小段
4085,新興坑段新興坑小段
4086,新興坑段深按小段
4087,新興坑段八分寮小段
4088,排寮段排寮小段
4089,排寮段十八重溪小段
4090,排寮段石碇子埔小段
4091,排寮段番子坑小段
4092,松柏崎段九橧坪小段
4093,松柏崎段頂紙寮坑小段
4094,松柏崎段耳空龜小段
4095,松柏崎段松柏崎小段
4096,乾溝段乾溝小段
4097,乾溝段後坑子小段
4098,乾溝段石硿子小段
4099,石碇段石碇小段
4100,火燒樟段
4101,員潭子坑段員潭子坑小段
4102,員潭子坑段九寮子埔小段
4103,員潭子坑段外按小段
4104,員潭子坑段湳窟小段
4105,員潭子坑段小粗坑小段
4106,員潭子坑段上橫坪小段
4107,員潭子坑段石崁小段
4108,員潭子坑段下橫坪小段
4109,崩山段崩山小段
4110,崩山段大崙小段
4111,崩山段磨石坑小段
4112,玉桂嶺段玉桂嶺小段
4113,玉桂嶺段西勢坑小段
4114,玉桂嶺段九芎坑小段
4115,玉桂嶺段峰頭小段
4116,玉桂嶺段南勢坑小段
4117,楓子林段楓子林小段
4118,楓子林段冷飯坑小段
4119,鹿坑段鹿坑小段
4120,埔新段
4121,深坑子段深坑子小段
4122,深坑子段新埤內小段
4123,深坑子段深坑小段
4124,深坑子段麻竹寮小段
4125,深坑子段草地頭小段
4126,深坑子段半山小段
4127,萬順寮段萬順寮小段
4128,萬順寮段圳古後小段
4129,萬順寮段大坑外股小段
4130,萬順寮段大坑小段
4131,萬順寮段三腳木小段
4132,萬順寮段草地尾小段
4133,烏月段烏月小段
4134,烏月段旺躭小段
4135,升高坑段升高坑小段
4136,升高坑段炙子頭小段
4137,土庫段土庫尖小段
4138,土庫段崩山小段
4139,土庫段賴仲坑小段
4140,土庫段大坪小段
4141,土庫段土庫小段
4142,阿柔坑段阿柔洋小段
4143,阿柔坑段梘腳坑小段
4144,阿柔坑段向天湖小段
4145,阿柔坑段土巷小段
4146,阿柔坑段南邦寮小段
4147,阿柔坑段王軍寮小段
4148,阿柔坑段大崙尾小段
4149,阿柔坑段炮子崙小段
4150,阿柔坑段公館後小段
4151,阿柔坑段大崙腳小段
4152,永安段
4153,厚德岡坑段厚德岡坑小段
4154,桶後北段
4155,鹿寮段
4156,姑婆寮西段
4157,姑婆寮東段
4158,坪堵段
4159,水鴨嶺段
4160,碧湖段
4161,九芎林段九芎林小段
4162,九芎林段鶯子瀨小段
4163,九芎林段石石曹小段
4164,九芎林段尖山湖小段
4165,九芎林段牛寮小段
4166,九芎林段倒吊子小段
4167,九芎林段四堵小段
4168,𩻸魚堀段𩻸魚堀小段
4169,𩻸魚堀段仁里坂小段
4170,灣潭段灣潭小段
4171,灣潭段幼瀨小段
4172,灣潭段石硿子小段
4173,灣潭段粗窟小段
4174,坑子口段桶盤嶼小段
4175,坑子口段崩山坑小段
4176,坑子口段竹子易小段
4177,坑子口段樹梅嶺小段
4178,坑子口段上坑子口小段
4179,坑子口段下坑子口小段
4180,水聳凄坑段水聳凄坑小段
4181,水聳凄坑段大湖尾小段
4182,水聳凄坑段磨壁潭小段
4183,水聳凄坑段苦苓腳小段
4184,厚德岡坑段東坑小段
4185,厚德岡坑段藤寮坑小段
4186,厚德岡坑段大湖尾坑小段
4187,大粗坑段大粗坑小段
4188,大粗坑段九芎坑小段
4189,大粗坑段虎寮潭小段
4190,大舌湖段大舌湖小段
4191,大舌湖段樟空子小段
4192,大舌湖段乾溪小段
4193,大舌湖段粗石斛小段
4194,楣子寮段楣子寮小段
4195,楣子寮段小粗坑小段
4196,闊瀨段闊瀨小段
4197,闊瀨段枋山坑小段
4198,闊瀨段豹子廚小段
4199,柑腳坑段柑腳坑小段
4200,鷺鶿岫段鷺鶿岫小段
4201,鷺鶿岫段中心崙小段
4202,姑婆寮段
4203,金瓜寮段
4204,坪林段坪林小段
4205,坪林段水柳腳小段
4206,坪林段黃舉皮寮小段
4207,坪林段烏堀子小段
4208,坪林段嶺腳坑小段
4209,西坑段
4210,烏來段
4211,忠治段
4212,信賢段
4213,福山段
4214,哪哮段
4215,屯鹿段
4216,啦卡段
4217,小寮段
4218,阿玉段
4219,水源段
4220,達棒段
4221,哈盆段
4222,羅宏段
4223,桶后段
4224,東坑段
4225,模古段
4226,拳頭母段
4227,馬萬段
4228,茶墾段
4229,檜山段
4230,馬岸段
4231,內洞段
4232,烏沙段
4233,羅培段
4234,波露段
4235,羅蘭段
4236,南勢段
4237,環山段
4238,西羅岸段
4239,大桶山段
4240,頂中股段硫磺子坪小段
4241,頂中股段三重橋小段
4242,頂中股段林口小段
4243,頂中股段茅埔頭小段
4244,頂中股段大孔尾小段
4245,下中股段田心子小段
4246,下中股段金包里小段
4247,下中股段龜子山小段
4248,下中股段磺港小段
4249,下中股段南勢湖小段
4250,下中股段坑子內小段
4251,下中股段水尾小段
4252,下中股段南勢小段
4253,下中股段社寮小段
4254,下中股段崙子頂小段
4255,下中股段月眉小段
4256,下中股段子坪小段
4257,頂角段頂六股小段
4258,頂角段三界壇小段
4259,頂角段葵扇湖小段
4260,頂角段磺溪頭小段
4261,頂角段曲尺坑子小段
4262,頂角段馬鞍格小段
4263,頂角段竹子山腳小段
4264,頂角段下六股小段
4265,頂角段六股林口小段
4266,頂角段倒照湖小段
4267,頂角段半嶺子小段
4268,頂角段潭子內小段
4269,頂角段牛埔子小段
4270,頂角段頂角小段
4271,中角段尖山子小段
4272,中角段西勢小段
4273,中角段跳石小段
4274,中角段大水堀小段
4275,中角段西勢湖小段
4276,中角段濆水小段
4277,中角段清水小段
4278,中角段萬里阿突小段
4279,中興段
4280,文化段
4281,溫泉段
4282,金美段
4283,五福段
4284,中萬里加投段大湖小段
4285,中萬里加投段野柳小段
4286,下萬里加投段八斗坑內小段
4287,下萬里加投段子上天小段
4288,下萬里加投段萬里加投小段
4289,下萬里加投段七甲尾小段
4290,下萬里加投段芎蕉坪小段
4291,下萬里加投段公館崙小段
4292,下萬里加投段磺溪子小段
4293,下萬里加投段員潭子小段
4294,下萬里加投段國聖埔小段
4295,下萬里加投段清水溪小段
4296,下萬里加投段八斗子小段
4297,下萬里加投段坑頭小段
4298,下萬里加投段頂寮小段
4299,下萬里加投段下寮小段
4300,下萬里加投段子坪頂小段
4301,北基段
4302,萬里段
4303,翡翠段
4304,海洋段
4305,大鵬段
4306,頂萬里加投段大坪崙子小段
4307,頂萬里加投段土地公坑小段
4308,頂萬里加投段苦苓坪小段
4309,頂萬里加投段大尖山小段
4310,頂萬里加投段鹿堀坪小段
4311,頂萬里加投段烏塗炭小段
4312,頂萬里加投段冷水堀小段
4313,頂萬里加投段崁腳小段
4314,頂萬里加投段溪底小段
4315,中萬里加投段瑪鍊港內小段
4316,中萬里加投段瑪鍊港口小段
4317,中萬里加投段麻斯廩小段
4318,中萬里加投段中幅子小段
4319,中萬里加投段荖寮湖小段
4320,中萬里加投段粗坑子小段
4321,中萬里加投段湳子小段
4322,中萬里加投段龜吼小段
4323,中萬里加投段二坪小段
4324,中萬里加投段大坪小段
4325,橫科段橫科小段
4326,長安段
4327,建成段
4328,保長段
4329,水源段
4330,保安段
4331,崇德段
4332,金龍段
4333,福德段
4334,環河段
4335,北山段
4336,江北段
4337,福興段
4338,東勢段
4339,工建段
4340,厚德段
4341,汐止段汐止小段
4342,汐止段街后小段
4343,汐止段下寮小段
4344,茄苳腳段
4345,保長坑段保長坑小段
4346,保長坑段溪洲寮小段
4347,保長坑段石門小段
4348,鄉長厝段鄉長厝小段
4349,鄉長厝段過港小段
4350,樟樹灣段樟樹灣小段
4351,樟樹灣段番子寮小段
4352,樟樹灣段忠孝小段
4353,社后段社后頂小段
4354,社后段社后下小段
4355,橫科段南港子小段
4356,橫科段東勢坑小段
4357,北港段北港口小段
4358,北港段烘內小段
4359,北港段新山小段
4360,北港段五指山小段
4361,北港段柯子林小段
4362,叭嗹港段叭嗹港口小段
4363,叭嗹港段車坪寮小段
4364,叭嗹港段烘內小段
4366,叭嗹港段小溪小段
4367,叭嗹港段雙溪小段
4368,康誥坑段
4369,白匏湖段
4370,十三分段
4371,姜子寮段姜子寮小段
4372,姜子寮段石壁子小段
4373,石硿子段石硿子小段
4374,石硿子段作坡內小段
4375,鵠鵠崙段鵠鵠崙小段
4376,鵠鵠崙段小坑小段
4377,中正段
4378,智興段
4379,新峰段
4380,中南段一小段
4381,中南段二小段
4382,中南段四小段
4383,南港段一小段
4384,南港段二小段
4385,東湖段七小段
4386,同新段
4387,大同段
4388,昊天段
4389,飛歌段
4390,中正段
4391,紅毛城段
4392,滬尾段
4393,大義段
4394,新興段
4395,望高樓段
4396,小八里坌子段小八里坌子小段
4397,中田寮段泉州厝小段
4398,中田寮段水尾子小段
4399,頂圭柔山段三塊厝小段
4400,頂圭柔山段番子厝小段
4401,頂圭柔山段後坑子小段
4402,頂圭柔山段相公山小段
4403,頂圭柔山段樁子林小段
4404,頂圭柔山段中洲子小段
4405,頂圭柔山段水汴頭小段
4406,番薯寮段安子內小段
4407,番薯寮段雲廣坑頭小段
4408,番薯寮段小坑子頭小段
4409,番薯寮段水碓小段
4410,草埔尾段小中寮小段
4411,草埔尾段三角埔子小段
4412,草埔尾段崙頂小段
4413,草埔尾段北勢子小段
4414,草埔尾段南平小段
4415,林子段
4416,下圭柔山段
4417,興化店段前洲子小段
4418,興化店段牛埔子小段
4419,興化店段車路腳小段
4420,興化店段店子後小段
4421,興化店段下田寮小段
4422,興化店段頂田寮小段
4423,興化店段大牛稠小段
4424,灰子段番子田小段
4425,灰子段石頭埔小段
4426,灰子段公埔子小段
4427,灰子段田心子小段
4428,灰子段八里堆小段
4429,灰子段後洲子小段
4430,灰子段新埔子小段
4431,大屯段番社前小段
4432,大屯段石頭厝小段
4433,大屯段六塊厝小段
4434,大屯段樹鼻子小段
4435,大屯段桂竹圍小段
4436,大屯段溪口小段
4437,仁愛段
4438,草麓段
4439,學府段
4440,米蘭段
4441,海鷗段
4442,海天段
4443,水仙段
4444,馬偕段
4445,竹圍段
4446,關渡段
4447,大竿段
4448,淡海段
4449,新市段
4450,淡水段庄子內小段
4451,淡水段布埔頭小段
4452,淡水段草厝尾小段
4453,淡水段暗街子小段
4454,淡水段後街子小段
4455,淡水段新厝小段
4456,淡水段米市小段
4457,淡水段東興小段
4458,淡水段公館口小段
4459,淡水段新店小段
4460,淡水段福興小段
4461,淡水段三層厝小段
4462,淡水段永吉小段
4463,淡水段九崁小段
4464,淡水段協興小段
4465,淡水段元吉小段
4466,淡水段烽火小段
4467,淡水段龍目井小段
4468,淡水段炮台埔小段
4469,小八里坌子段竹圍子小段
4470,小八里坌子段外北勢小段
4471,小八里坌子段高厝坑小段
4472,小八里坌子段樹梅坑小段
4473,小八里坌子段土地公鼻小段
4474,小八里坌子段關渡埔頂小段
4475,庄子內段
4476,竿蓁林段外竿蓁林小段
4477,竿蓁林段內竿蓁林小段
4478,竿蓁林段庄子內小段
4479,沙崙子段
4480,油車口段油車口小段
4481,油車口段中崙子小段
4482,大庄埔段
4483,水碓子段
4484,北投子段
4485,三空泉段
4486,樹林口段樹林口小段
4487,樹林口段樟栳寮坪小段
4488,樹林口段糞箕湖小段
4489,小坪頂段
4490,興福寮段
4491,水頭段百六戛小段
4492,水頭段社厝坑小段
4493,水頭段瓦坑小段
4494,水頭段鄒厝崙小段
4495,水頭段山子頂小段
4496,水頭段山子邊小段
4497,水頭段破布子腳小段
4498,水頭段大溪小段
4499,水頭段楓樹湖小段
4500,水頭段南勢埔小段
4501,水頭段白石腳小段
4502,水頭段埔子頂小段
4503,中田寮段後寮小段
4504,中田寮段破瓦厝子小段
4505,中田寮段大竹圍小段
4506,中田寮段桂花樹小段
4507,中田寮段演戲埔腳小段
4508,中田寮段口湖子小段
4509,中田寮段大埤頭小段
4510,中田寮段竹圍子小段
4511,沙崙段
4512,公司田段
4513,正德段
4514,鄧公段
4515,長興段
4516,天生段
4517,中興段
4518,新小基隆段橫山小段
4519,新小基隆段二坪頂小段
4520,新小基隆段大坑小段
4521,新小基隆段新庄子小段
4522,新小基隆段陳厝坑小段
4523,新小基隆段埔頭坑小段
4524,新小基隆段蕃社後小段
4525,後厝段大片頭小段
4526,後厝段北勢子小段
4527,後厝段陽住坑小段
4528,後厝段番子坑小段
4529,後厝段土地公坑小段
4530,後厝段番社後小段
4531,土地公埔段三板橋小段
4532,土地公埔段大水堀小段
4533,土地公埔段木屐寮小段
4534,土地公埔段五腳松小段
4535,土地公埔段員山子頂小段
4536,土地公埔段芋尾崙小段
4537,土地公埔段內柑宅小段
4538,土地公埔段石曹子坑小段
4539,土地公埔段八連溪頭小段
4540,土地公埔段大湖小段
4541,土地公埔段土地公埔小段
4542,土地公埔段埔尾小段
4543,舊小基隆段舊庄小段
4544,舊小基隆段四棧橋小段
4545,舊小基隆段茂興店小段
4546,舊小基隆段埔頭小段
4547,舊小基隆段八連溪小段
4548,舊小基隆段山豬堀小段
4549,錫板段南勢岡小段
4550,錫板段梀板頭小段
4551,錫板段山豬堀小段
4552,錫板段蕃婆林小段
4553,錫板段海尾小段
4554,錫板段小坑子小段
4555,北新庄子段龜子山小段
4556,北新庄子段楓子林小段
4557,北新庄子段店子小段
4558,北新庄子段田心子小段
4559,北新庄子段菜公坑小段
4560,北新庄子段車程小段
4561,烘爐段
4562,箭竹段
4563,石門段石門小段
4564,石門段石崩山小段
4565,下角段竹子湖小段
4566,下角段五爪崙小段
4567,下角段石門小段
4568,下角段草埔尾小段
4569,下角段坪林小段
4570,下角段小坑小段
4571,下角段尖子鹿小段
4572,下角段阿里荖小段
4573,下角段阿里磅小段
4574,頭圍段下員坑小段
4575,頭圍段崁子腳小段
4576,頭圍段八甲小段
4577,頭圍段楓林小段
4578,老梅段老崩山小段
4579,老梅段大溪墘小段
4580,老梅段豬槽潭小段
4581,老梅段九芎林小段
4582,老梅段尖山湖小段
4583,老梅段七股小段
4584,老梅段大丘田小段
4585,老梅段公地小段
4586,中庄段
4587,小八里坌段荖阡坑小段
4588,小八里坌段舊城小段
4589,小八里坌段下竹圍子小段
4590,小八里坌段中小段
4591,小八里坌段挖子尾小段
4592,小八里坌段埤子頭小段
4593,小八里坌段松子腳小段
4594,小八里坌段十三行小段
4595,小八里坌段訊塘埔小段
4596,下罟子段下罟子小段
4597,下罟子段長道坑口小段
4598,長道坑段
4599,大崁段
4600,大堀段
4601,埤頭段
4602,頂罟段
4603,南港段
4604,大八里坌段大崁腳小段
4605,大八里坌段大堀湖小段
4606,大八里坌段瑪蘭坑小段
4607,大八里坌段渡船頭小段
4608,大八里坌段蛇子形小段
4609,大八里坌段風櫃斗湖小段
4610,臺北港段
4611,訊塘段
4612,柑子瀨段柑子瀨小段
4613,柑子瀨段苧子潭小段
4614,大坑埔段大坑埔小段
4615,大坑埔段大坑內小段
4616,四腳亭段四腳亭坑小段
4617,四腳亭段四腳亭埔小段
4618,四腳亭段楓子瀨小段
4619,四腳亭段粗坑口小段
4620,金瓜石段
4621,草山段石梯坑小段
4622,草山段苦苓嶺小段
4623,草山段草山小段
4624,鼻頭段
4625,南子吝段南子吝小段
4626,南子吝段哩咾小段
4627,水南洞段
4628,九芎橋段
4629,子寮段
4630,深澳段
4631,三爪子段蛇子形小段
4632,三爪子段員山子小段
4633,三爪子段中坑小段
4634,三爪子段烏塗坑小段
4635,三爪子段坪林小段
4636,三爪子段豎石小段
4637,三爪子段柴寮子小段
4638,三爪子段魚寮子小段
4639,三爪子段新路尾小段
4640,三爪子段三爪子坑小段
4641,龍潭堵段
4642,猴硐段
4643,魚坑段尪子上天小段
4644,魚坑段八分寮小段
4645,魚坑段坑子內小段
4646,魚坑段大寮小段
4647,魚坑段頂坪小段
4648,魚坑段滴水子小段
4649,魚坑段魚坑小段
4650,魚坑段瑞工小段
4651,瑞芳段
4652,明燈段
4653,逢甲段
4654,東和段
4655,爪峰段
4656,吉慶段
4657,吉安段
4658,瑞亭段
4659,十分寮段頂寮子小段
4660,十分寮段望古坑小段
4661,十分寮段粗坑小段
4662,十分寮段平溪子小段
4663,十分寮段幼坑小段
4664,十分寮段南山坪小段
4665,十分寮段六分小段
4666,十分寮段十分寮小段
4667,十分寮段月桃寮小段
4668,十分寮段五分寮小段
4669,十分寮段新寮小段
4670,十分寮段番子坑小段
4671,十分寮段石灼坑小段
4672,十分寮段乾坑小段
4673,十分寮段石硿子小段
4674,十分寮段大湖小段
4675,石底段白石腳小段
4676,石底段薯榔寮小段
4677,石底段番子坑小段
4678,石底段竿蓁林小段
4679,石底段火燒寮小段
4680,石底段冬瓜坑寮小段
4681,石底段柴橋坑小段
4682,石底段平溪子小段
4683,石底段竿蓁坑小段
4684,石底段菁桐坑小段
4685,石底段石尖小段
4686,石底段嶺腳寮小段
4687,石底段石底小段
4688,石底段東勢格小段
4689,東平段
4690,南勢坑段
4691,魚行段乾溪子小段
4692,魚行段登子蘭坑口小段
4693,魚行段坑子內小段
4694,魚行段乾溪子口小段
4695,魚行段粗坑子小段
4696,魚行段八股小段
4697,魚行段新店小段
4698,魚行段頂坪小段
4699,魚行段公館小段
4700,魚行段內厝小段
4701,雙溪段雙溪小段
4702,雙溪段九分坑小段
4703,雙溪段苕谷坑小段
4704,雙溪段過港小段
4705,大平段大平小段
4706,大平段竹子山小段
4707,大平段破子寮小段
4708,大平段竿蓁坑小段
4709,大平段後寮子小段
4710,溪尾寮段溪尾寮小段
4711,溪尾寮段藤寮坑小段
4712,三叉港段三叉港小段
4713,三叉港段土地公嶺小段
4714,三叉港段三叉坑小段
4715,三叉港段四分子小段
4716,三叉港段大埤小段
4717,平林段麻竹坑小段
4718,平林段大瀨小段
4719,平林段新寮子小段
4720,平林段內平林小段
4721,平林段後番子坑小段
4722,平林段外平林小段
4723,平林段竹寮坑小段
4724,平林段下崁小段
4725,平林段埔尾小段
4726,平林段艋舺崙小段
4727,武丹坑段武丹坑小段
4728,武丹坑段尪子崙坑小段
4729,武丹坑段五分小段
4730,武丹坑段頂坪小段
4731,武丹坑段下坑小段
4732,武丹坑段粗坑小段
4733,料角坑段戇子坑小段
4734,料角坑段畚箕湖小段
4735,料角坑段料角坑小段
4736,料角坑段保成坑小段
4737,柑腳段柑腳小段
4738,柑腳段外柑腳小段
4739,柑腳段盤山坑小段
4740,柑腳段中坑小段
4741,柑腳段下坑小段
4742,柑腳段崩山坑小段
4743,丁子蘭坑段
4744,石壁坑段
4745,燦光寮段
4746,石段
4747,烏山段灣潭小段
4748,烏山段三分二小段
4749,烏山段烏山小段
4750,烏山段大湖尾小段
4751,魚行段頂坑小段
4752,魚行段礁溪子小段
4753,魚行段魚杭子小段
4754,虎豹潭段
4755,坪溪段
4756,雙柑段
4757,貢寮段內寮小段
4758,貢寮段貢寮小段
4759,丹裡段內寮小段
4760,丹裡段文秀坑小段
4761,丹裡段尖山腳小段
4762,丹裡段鹽寮小段
4763,田寮洋段虎子山小段
4764,田寮洋段新社田寮小段
4765,田寮洋段中心崙小段
4766,田寮洋段龜媽坑小段
4767,田寮洋段挖子小段
4768,田寮洋段萊萊小段
4769,田寮洋段卯澳小段
4770,田寮洋段荖蘭小段
4771,田寮洋段入桂小段
4772,田寮洋段荖寮小段
4773,田寮洋段嶐嶐小段
4774,社里段舊社小段
4775,社里段水返港小段
4776,長潭段
4777,遠望坑段遠望坑小段
4778,遠望坑段草嶺坑小段
4779,撈洞段撈洞小段
4780,撈洞段蚊子坑小段
4781,撈洞段南勢坑小段
4782,撈洞段北勢坑小段
4783,澳底段澳底小段
4784,澳底段火炎山小段
4785,澳底段石壁坑小段
4786,大石壁坑段
4787,枋腳段
4788,雞母嶺段巫里岸小段
4789,雞母嶺段雞母嶺小段
4790,雞母嶺段土地公嶺小段
4791,下雙溪段下雙溪小段
4792,下雙溪段坑子內小段
4793,真美段
4794,新港段
4795,仁和段
4796,仁里段
4797,保和段
4798,和尚洲溪墘段
4799,和尚洲中路段
4800,和尚洲南港子段
4801,和尚洲水湳段
4802,和尚洲樓子厝段
4803,光華段
4804,重陽段
4805,復興段
4806,民族段
4807,民權段
4808,民生段
4809,保新段
4810,保佑段
4811,集賢段
4812,鷺江段
4813,信義段
4814,成功段
4815,和平段
4816,民義段
4817,樹德段
4818,中山段
4819,中原段
4820,光明段
4821,九芎段
4822,正義段
4823,中華段
4824,興華段
4825,過田段
4826,菜寮段
4827,中民段
4828,大安段
4829,集美段
4830,興德段
4831,中興段
4832,五谷王一段
4833,三重段
4834,五谷王段
4835,富貴段
4836,田安段
4837,大仁段
4838,正民段
4839,明志段
4840,德新段
4841,雙園段
4842,福德北段
4843,大同南段
4844,光興段
4845,福德南段
4846,三重埔段長泰小段
4847,三重埔段後埔小段
4848,三重埔段田心子小段
4849,三重埔段六張小段
4850,三重埔段過圳小段
4851,三重埔段三張小段
4852,三重埔段菜寮小段
4853,三重埔段港墘小段
4854,三重埔段大竹圍小段
4855,三重埔段同安厝小段
4856,三重埔段竹圍子小段
4857,三重埔段簡子畬小段
4858,重新段壹小段
4859,二重埔段頂崁小段
4860,二重埔段五谷王小段
4861,二重埔段頂田心子小段
4862,二重埔段陡門頭小段
4863,二重埔段中興小段
4864,二重埔段大有小段
4865,幸福段
4866,永安段
4867,仁愛段
4868,仁義段
4869,五華段
4870,碧華段
4871,新海段
4872,永德段
4873,忠孝段
4874,仁興段
4875,龍濱段
4876,龍門段
4877,三和段
4878,正義段
4879,安慶段
4880,大智段
4881,光榮段
4882,長樂段
4883,正義北段
4884,長壽段
4885,文化北段
4886,三民段
4887,錦田段
4888,成功段
4889,疏洪段
4890,大有段
4891,二重段
4892,頂崁段
4893,圓通段
4894,烘爐地段
4895,東南段
4896,錦和段
4897,南勢段
4898,新民段
4899,員山段
4900,德光段
4901,光環段
4902,莒光段
4903,民利段
4904,國道段
4905,灰磘段
4906,盛昌段
4907,橫路段
4908,華中段
4909,中和段
4910,連城段
4911,信和段
4912,漳和段二八張小段
4913,漳和段山腳小段
4914,漳和段枋寮小段
4915,漳和段廟子尾小段
4916,漳和段瓦小段
4917,漳和段協和小段
4918,中坑段牛埔小段
4919,中坑段灰小段
4920,四十張段
4921,外員山段
4922,員山子段
4923,永和段水尾小段
4924,永和段芎蕉腳小段
4925,南勢角段外南勢角小段
4926,南勢角段頂南勢角小段
4927,南勢角段橫路鹿寮小段
4928,南勢角段興南小段
4929,秀朗段尖山腳小段
4930,潭墘段潭墘小段
4931,民享段
4932,民生段
4933,新生段
4934,景福段
4935,大智段
4936,秀峰段
4937,大仁段
4938,秀山段
4939,景新段
4940,景平段
4941,中安段
4942,公園段
4943,保健段
4944,安平段
4945,大華段
4946,捷運段
4947,新和段
4948,景華段
4949,南山段
4950,大同段
4951,復興段
4952,安邦段
4953,民樂段
4954,台貿段
4955,仁和段
4956,健康段
4957,南工段
4958,福祥段
4959,莊敬段
4960,中原段
4961,橋和段
4962,福美段
4963,民富段
4964,民有段
4965,三民段
4966,正南段
4967,華新段
4968,板南段
4969,瓦磘段
4970,自強段
4971,華福段
4972,廟美段
4973,光復段
4974,興南段
4975,龜崙蘭溪洲段頂溪洲小段
4976,龜崙蘭溪洲段下溪洲小段
4977,潭墘段潭墘小段
4978,潭墘段秀朗小段
4979,秀朗段虎吼口小段
4980,秀朗段下秀朗小段
4981,福和段
4982,永利段
4983,得和段
4984,中正段
4985,竹林段
4986,永福段
4987,文化段
4988,及人段
4989,頂溪段
4990,信義段
4991,仁愛段
4992,中信段
4993,民權段
4994,民治段
4995,安樂段
4996,永安段
4997,大新段
4998,國光段
4999,中興段
5000,保福段
5001,保生段
5002,永平段
5003,保平段
5004,樂華段
5005,水源段
5006,雙和段
5007,長提段
5008,林森段
5009,得林段
5010,四維段
5011,公館後段劉厝埔小段
5012,民族段
5013,中園段
5014,插角段有木小段
5015,插角段外插角小段
5016,插角段內插角小段
5017,介壽段
5018,民權段
5019,民生段
5020,仁愛段
5021,和平段
5022,國光段
5023,文化段
5024,隆恩段
5025,大仁段
5026,大學段一小段
5027,白雞段白雞小段
5028,白雞段紫微小段
5029,白雞段烏才頭小段
5030,十三添段舌尾小段
5031,十三添段打鐵坑小段
5032,十三添段十三添小段
5033,礁溪段
5034,公館後段公館後小段
5035,公館後段隆恩埔小段
5036,成福段成福小段
5037,成福段小暗坑小段
5038,麥子園段劉厝埔小段
5039,麥子園段麥子園小段
5040,山員潭子段
5041,大寮段
5042,三峽段三峽小段
5043,三峽段公館尾小段
5044,麻園段溪墘寮小段
5045,麻園段麻園小段
5046,大埔段大埔小段
5047,大埔段柑子樹腳小段
5048,大埔段圳子頭小段
5049,大埔段二小段
5050,大埔段十八份小段
5051,大埔段五小段
5052,鳶山段
5053,中埔段
5054,劉厝埔段
5055,隆恩埔段
5056,東眼段東麓小段
5057,東眼段金敏子小段
5058,東眼段東眼小段
5059,茅埔段
5060,挖子段
5061,橫溪段溪南小段
5062,橫溪段溪北小段
5063,橫溪段坪頂小段
5064,橫溪段頂寮小段
5065,福德坑段
5066,竹崙段竹坑小段
5067,竹崙段崙尾小段
5068,八張段八張小段
5069,八張段坡子墘小段
5070,五寮段五寮小段
5071,五寮段菜園地小段
5072,五寮段詩朗小段
5073,插角段熊空小段
5074,湊合段
5075,鳳鳴段
5076,尖山推段
5077,尖山腳段
5078,二橋段
5079,鳳福段
5080,福德段
5081,鳳祥段
5082,工藝段
5083,永昌段
5084,橋子頭段
5085,大湖段大湖小段
5086,大湖段崁腳小段
5087,大湖段大竹圍小段
5088,大湖段三界公坑小段
5089,大湖段樟普坑小段
5090,大湖段圳子頭坑小段
5091,大湖段中坑小段
5092,鶯歌段牛灶坑小段
5093,鶯歌段鶯歌小段
5094,南靖厝段
5095,尖山段尖山埔小段
5096,尖山段尖山小段
5097,二甲九段
5098,阿南坑段阿南坑小段
5099,阿南坑段茶山小段
5100,阿南坑段阿四坑小段
5101,中山段
5102,中正段
5103,建國段
5104,國慶段
5105,昌福段
5106,陶瓷段
5107,國姓段
5108,德昌段
5109,永吉段
5110,圳德段
5111,圳民段
5112,圳福段
5113,文林段
5114,光武段
5115,石灰坑段石灰坑小段
5116,石灰坑段風爐坑小段
5117,石灰坑段上斗門頭小段
5118,石灰坑段下斗門頭小段
5119,樟樹堀段
5120,坡內坑段
5121,桃子腳段
5122,三角埔段
5123,圳岸腳段
5124,崙子段
5125,彭福段後村小段
5126,彭福段彭厝小段
5127,彭福段彭福小段
5128,彭福段太平橋小段
5129,彭福段樹林小段
5130,子寮段
5131,潭底段
5132,潭底段工業區小段
5133,石頭溪段上石頭溪小段
5134,石頭溪段下石頭溪小段
5135,石頭溪段田尾小段
5136,石頭溪段柑園小段
5137,山子腳段山子腳小段
5138,山子腳段太高坑小段
5139,山子腳段橫坑子小段
5140,山子腳段中坑小段
5141,山子腳段蓋淡坑小段
5142,三塊厝段
5143,溪墘厝段溪墘厝小段
5144,溪墘厝段柑園小段
5145,博愛段
5146,復興段
5147,樹德段
5148,育英段
5149,大同段
5150,東昇段
5151,鎮前段
5152,太平段
5153,中華段
5154,水源段
5155,慈恩段
5156,東豐段
5157,樂山段
5158,東山段
5159,味王段
5160,新興段
5161,山佳段
5162,佳園段
5163,大學段二小段
5164,武林段
5165,三福段
5166,樹新段
5167,大安段
5168,備內段
5169,三多段
5170,三龍段
5171,圳生段
5172,福興段
5173,月眉段
5174,仁愛一段
5175,仁愛二段
5176,竹林一段
5177,北成一段
5178,新群二段
5179,羅東段
5180,竹林段
5181,阿里史段阿里史小段
5182,阿里史段浮崙小段
5183,十六份段
5184,十八埒段
5185,維揚段
5186,東光段
5187,南昌段
5188,國華段
5189,北成段北成小段
5190,北成段北投小段
5191,北成段
5192,仁愛段
5193,西安段
5194,四維段
5195,歪子歪段歪子歪小段
5196,歪子歪段頂一結小段
5197,打那岸段
5198,新群段
5199,羅群段
5200,興東段
5201,公正段
5202,復興段
5203,中華段
5204,信義段
5205,東安段
5206,羅莊段
5207,新西安段
5208,新群一段
5209,十六份新段
5210,加新段
5211,松子腳段
5212,利澤簡段利澤簡小段
5213,利澤簡段下福小段
5214,下清水段寶斗厝小段
5215,下清水段埤子尾小段
5216,茅子寮段
5217,成興段
5218,新水段
5219,大義段
5220,雙結段
5221,大吉段
5222,國民段
5223,中興段
5224,錦草段
5225,孝威段
5226,大眾段
5227,新段
5228,協和段
5229,協富段
5230,百松段
5231,頂五結段頂五結小段
5232,頂五結段掃笏社小段
5233,下五結段
5234,四結段
5235,五結段
5236,中福段
5237,成功段
5238,中里段
5239,文祥段
5240,隆昌段
5241,百福段
5242,和平段
5243,三興段
5244,三結段
5245,學進段
5246,學新段
5247,鎮安段
5248,錦眾段
5249,頂三結段
5250,下三結段
5251,二結段
5252,頂清水段清水小段
5253,頂清水段新店小段
5254,頂清水段社尾小段
5255,頂清水段流流小段
5256,頂清水段加禮宛小段
5257,頂清水段婆羅辛子宛小段
5258,中一結段
5259,中二結段
5260,一百甲段
5261,五十二甲段
5262,四百名段
5263,大埔段
5264,橄社段
5265,新甲段
5266,利工段
5267,利成段
5268,利福段
5269,季寶段
5270,國民一段
5271,國民二段
5272,大吉一段
5273,大吉二段
5274,季新段
5275,淋漓坑段
5276,草漯段
5277,廣安段
5278,水源段
5279,大埤段
5280,梅山段
5281,仁山段
5282,義成二段
5283,冬山段冬山小段
5284,冬山段南興小段
5285,三堵段頭堵小段
5286,三堵段二堵小段
5287,三堵段三堵小段
5288,武淵段武淵小段
5289,武淵段埤頭小段
5290,阿兼城段阿兼城小段
5291,阿兼城段內城小段
5292,阿兼城段
5293,香員宅段
5294,珍珠里簡段
5295,奇武荖段
5296,補城地段補城地小段
5297,補城地段里腦小段
5298,太和段太和小段
5299,太和段楓樹橋小段
5300,員山段八寶小段
5301,員山段公埔小段
5302,員山段零工圍小段
5303,鹿埔段鹿埔小段
5304,鹿埔段茅埔圍小段
5305,鹿埔段龍目井小段
5306,鹿埔段松樹門小段
5307,廣興段廣興小段
5308,廣興段柯子林小段
5309,順安段順安小段
5310,順安段紅水溝小段
5311,打那美段
5312,九分段九分小段
5313,九分段八仙小段
5314,小南澳段
5315,武罕段
5316,義成段
5317,太員段
5318,福山段
5319,中山段
5320,永美段
5321,光華段
5322,鹿安段
5323,興安段
5324,梅林段
5325,梅花段
5326,東興段
5327,香城段
5328,富農段
5329,南富段
5330,北富段
5331,冬梅段
5332,山明段
5333,興平段
5334,大進段
5335,進利段
5336,群英段
5337,東和段
5338,香和段
5339,東城段
5340,福德段
5341,柯林段
5342,內城段
5343,安平段
5344,太和段
5345,冬白段
5346,鹿安一段
5347,義成五段
5348,義成七段
5349,義成八段
5350,鹿安二段
5351,義成三段
5352,義成四段
5353,十三分山段
5354,義成一段
5355,義成六段
5356,大伯爺坑段
5357,打狗溪段
5358,野分山段
5359,新奇武荖段
5360,廣興段
5361,錦眾段
5362,季新段
5363,永吉段
5364,隆恩段
5365,小帽山段
5366,糞箕山段
5367,圳頭坑段
5368,坪林段
5369,蘇聖段
5370,中央段
5371,國姓段
5372,箕山段
5373,中原段
5374,蘇市段
5375,蘇港段
5376,長安段
5377,永春段
5378,存仁段
5379,思村段
5380,濱海段
5381,慶安段
5382,湖口段
5383,九股段
5384,永愛段
5385,保安段
5386,永安段
5387,七星段
5388,南強段
5389,南溪段
5390,新隘段
5391,文化段
5392,隘城段
5393,蘇新段
5394,武荖坑段
5395,新澳段
5396,朝陽段
5397,蘇高段
5398,新溪東段
5399,蘇澳段蘇澳小段
5400,蘇澳段白米甕小段
5401,蘇澳段南方澳小段
5402,蘇澳段北方澳小段
5403,南正段
5404,南安段
5405,猴猴段猴猴小段
5406,猴猴段頂寮小段
5407,港口段港口小段
5408,港口段嶺腳小段
5409,糞箕湖段糞箕湖小段
5410,糞箕湖段後湖小段
5411,公勞埔段公勞埔小段
5412,公勞埔段大坑罟小段
5413,隘丁段
5414,馬賽段
5415,新馬段
5416,新城段新城小段
5417,新城段武荖坑小段
5418,龍德段
5419,東澳段
5420,大南澳段
5421,西帽段
5422,烏岩段
5423,四方林段
5424,育英段
5425,聖湖段
5426,新隆恩段
5427,頂寮段
5428,猴猴段
5429,大南澳嶺段
5430,東澳一段
5431,腦寮段
5432,永樂段
5433,白米甕段
5434,雙賢一段
5435,人和一段
5436,人和三段
5437,天山段
5438,福和段
5439,長埤湖段
5440,拳頭母段
5441,槍櫃城段
5442,新日興段
5443,大隱一段
5444,頂二萬五段
5445,叭哩沙段
5446,光明段
5447,拱照段
5448,阿里史段阿里史小段
5449,阿里史段大埔小段
5450,阿里史段十九結小段
5451,阿里史段張公圍小段
5452,阿里史段大湖小段
5453,阿里史段石頭圍小段
5454,阿里史段草湖小段
5455,大洲段
5456,中溪洲段中溪洲小段
5457,中溪洲段葫蘆堵小段
5458,中溪洲段腳小段
5459,紅柴林段紅柴林小段
5460,紅柴林段二萬五小段
5461,紅柴林段八王圍小段
5462,九芎湖段玉蘭小段
5463,九芎湖段牛鬥小段
5464,清水段
5465,尾塹段
5466,尾塹段尾塹小段
5467,尾塹段清州小段
5468,三星段月眉小段
5469,尾塹段破布烏小段
5470,尾塹段天送埤小段
5471,尾塹段九芎湖小段
5472,大德段
5473,日興段
5474,尚義段
5475,星月段
5476,集慶段
5477,義德段
5478,長春段
5479,新大洲段
5480,石圍段
5481,頂義段
5482,行健段
5483,大埔段
5484,大隱段
5485,萬貴段
5486,義富段
5487,健富段
5488,田心段
5489,腳段
5490,張公圍段
5491,大坑段
5492,大湖段
5493,八王城段
5494,二萬五段
5495,人和二段
5496,柑仔坑段
5497,復興一段
5498,家福段
5499,牛頭段
5500,雙賢二段
5501,清源段
5502,清水山段
5503,斯達吉司段
5504,赤皮寮段
5505,盆盆山段
5506,嘉蘭段
5507,石頭溪段
5508,左得寒山段
5509,東壘溪段
5510,賓古溪段
5511,臭清湖段
5512,古力比老段
5513,刺竹澳段
5514,夏諾段
5515,古魯段
5516,烏帽段
5517,米羅段
5518,百韜段
5519,松羅段
5520,南山段
5521,茂安段
5522,啞口段
5523,粗坑段冷水坑小段
5524,梵梵段
5525,崙埤段
5526,寒溪段
5527,碼崙段
5528,大元段
5529,牛鬥段
5530,四季段
5531,四重段
5532,思源段
5533,太平山段
5534,尖山段
5535,婆羅山段
5536,陵山段
5537,土場段
5538,仁澤段
5539,給里東段
5540,左宇漠段
5541,多門南段
5542,平元段
5543,芳山段
5544,望洋南段
5545,棲蘭山段
5546,明池段
5547,烏山段
5548,四圍段
5549,東保段
5550,馬惱段
5551,加留坪段
5552,發陡西段
5553,加羅山段
5554,見晴段
5555,田古爾段
5556,馬縫段
5557,紫林段
5558,玉崙段
5559,松溪段
5560,石門段
5561,十六分段
5562,石溪段
5563,大溪段
5564,清溪段
5565,溫泉段
5566,新舊寮段
5567,斯巴豹段
5568,石門溪段
5569,出水溪段
5570,月桂溪段
5571,香本山段
5572,熱嘎勇段
5573,巴波里澳段
5574,南澳二段
5575,碧侯段
5576,南澳一段
5577,鹿皮段
5578,澳花段
5579,南澳段
5580,仲岳段
5581,東岳段
5582,武塔段
5583,東高段
5584,發陡東段
5585,霧覽段
5586,拉巴丸段
5587,次考干段
5588,銘山西段
5589,檜山南段
5590,矢櫃段
5591,雅音段
5592,發陡南段
5593,束穗段
5594,南湖東段
5595,澗澗庫南段
5596,澗澗庫北段
5597,巴奈良段
5598,清花段
5599,高律段
5600,芳北段
5601,馬望南段
5602,麻加南段
5603,馬望峰段
5604,基央段
5605,砲台段
5606,飯包段
5607,比亞豪段
5608,金巢北段
5609,東嶺段
5610,大白段
5611,蘭坎段
5612,蕃社坑段
5613,四區段
5614,鹿山段
5615,下銅山段
5616,翠峰段
5617,元山段
5618,金岳段
5619,飯山段
5620,富太段
5621,寮山段
5622,西德段
5623,帽山段
5624,武坑段
5625,新溪西段
5626,小白山段
5627,垭口段
5628,高峰段
5629,拉雅段
5630,南碧段
5631,金洋段
5632,迴道段
5633,碧侯一段
5634,坡卡地段
5635,嶺東段
5636,瀑布段
5637,乾門三段
5638,艮門五段
5639,坤門一段
5640,巽門一段
5641,巽門二段
5642,坤門三段
5643,金六結一段
5644,筊白段
5645,梅洲新段
5646,宜蘭段乾門小段
5647,宜蘭段坤門小段
5648,宜蘭段艮門小段
5649,宜蘭段巽門小段
5650,金六結段五結小段
5651,金六結段六結小段
5652,金六結段七結小段
5653,金六結段金結小段
5654,壯一段
5655,凱旋段
5656,振興段
5657,新張段
5658,延平段
5659,革新段
5660,建蘭段
5661,宜榮段
5662,珍子滿力段珍子滿力小段
5663,珍子滿力段擺厘小段
5664,北津段
5665,梅洲段
5666,珍珠段
5667,辛子罕段
5668,一結段一結小段
5669,一結段二結小段
5670,四段四一小段
5671,四段四二小段
5672,四段四三小段
5673,壯二段
5674,壯三段
5675,狀四段
5676,狀七段
5677,七張段
5678,思源段
5679,宜興段
5680,宜商段
5681,黎明段
5682,東村段
5683,新生段
5684,新店段
5685,南橋段
5686,南門段
5687,建業段
5688,和平段
5689,雙福段
5690,宜福段
5691,乾門一段
5692,艮門二段
5693,艮門三段
5694,乾門二段
5695,艮門一段
5696,進士段
5697,健康段
5698,公園段
5699,坤門二段
5700,校舍段
5701,烏石港段
5702,新興一段
5703,頭圍一段
5704,拔雅林二段
5705,金盈一段
5706,二城段
5707,新興二段
5708,金面一段
5709,頂埔段
5710,下埔段
5711,新打馬煙段
5712,新金面段
5713,鷹嶺段
5714,中崙段
5715,金盈段
5716,圓通段
5717,石城段
5718,大里段
5719,外大溪段
5720,合興段
5721,北關段
5722,北勢坑段
5723,更新段
5724,外澳段
5725,大澳段
5726,港口段
5727,白石湖段
5728,猴洞段
5729,頭圍段
5730,二圍段
5731,拔雅林段拔雅林小段
5732,拔雅林段武營小段
5733,大坑罟段
5734,大里簡段大里簡小段
5735,大里簡段蕃薯寮小段
5736,大里簡段桶盤堀小段
5737,大里簡段石城子小段
5738,中崙段中崙小段
5739,中崙段港仔墘小段
5740,中崙段新圍小段
5741,新興段上新興小段
5742,新興段下新興小段
5743,大溪段內大溪小段
5744,大溪段外大溪小段
5745,大溪段合興小段
5746,梗枋段梗枋小段
5747,梗枋段石空小段
5748,港澳段港口小段
5749,港澳段外澳小段
5750,金面段大金面小段
5751,金面段小金面小段
5752,下埔段下埔小段
5753,下埔段頂埔小段
5754,三抱竹段三抱竹小段
5755,三抱竹段打馬烟小段
5756,福成段福成小段
5757,福成段福德坑小段
5758,竹安段
5759,龜山段
5760,新崙段
5761,新二圍段
5762,新竹安段
5763,內大溪段
5764,橫山段
5765,石牌段
5766,草嶺段
5767,溪頂段
5768,黃尾嶼段
5769,釣魚台段
5770,赤尾嶼段
5771,北小島段
5772,南小島段
5773,下新興段
5774,頭圍二段
5775,拔雅林一段
5776,新福成段
5777,礁溪段得子口小段
5778,得石新段
5779,十六結段
5780,二結新段
5781,大林尾段
5782,匏崙坡段
5783,桶後段
5784,武暖段
5785,三民一段
5786,玉光一段
5787,開蘭一段
5788,開蘭二段
5789,開蘭三段
5790,溫泉段
5791,永興段
5792,龍泉段
5793,三皇段
5794,龍潭湖段
5795,刺仔崙段
5796,石磐段
5797,山豬窟段
5798,小礁溪段
5799,礁溪段礁溪小段
5800,湯圍段湯圍小段
5801,湯圍段竹蒿厝小段
5802,白石腳段
5803,大坡段
5804,二結段
5805,四結段
5806,六結段
5807,七結段
5808,林尾段
5809,匏杓崙段
5810,三民段
5811,民生段
5812,玉田段
5813,光武段
5814,玉光段
5815,朝陽段
5816,民權段
5817,開蘭段
5818,實踐段
5819,柴圍段
5820,奇力丹段
5821,抵百葉段
5822,淇武蘭段
5823,五股段
5824,大塭段大塭小段
5825,大塭段王通塭小段
5826,大塭段塭底小段
5827,十六結段十六結小段
5828,三圍段
5829,茅埔段茅埔小段
5830,茅埔段奇武蘭小段
5831,踏踏段
5832,武暖段
5833,瑪璘段
5834,三十九結段
5835,車路頭段
5836,番刈田段
5837,協天段
5838,義結段
5839,忠義段
5840,白雲段
5841,玉石段
5842,德陽段
5843,五峰段
5844,白玉段
5845,玉泉段
5846,協民段
5847,常興段
5848,新塭段
5849,龍潭段
5850,結龍段
5851,湯仔城段
5852,鵲子段
5853,石門段
5854,鵠仔山段
5855,大礁溪段
5856,保安段
5857,公園段
5858,開圍段
5859,十六結新段
5860,壯濱一段
5861,壯濱段
5862,吉祥一段
5863,吉祥二段
5864,古結段
5865,五權段
5866,新福段
5867,新南段
5868,新社段
5869,大富段
5870,大福段大福小段
5871,大福段社頭小段
5872,狀志段
5873,復興段
5874,三塊厝段
5875,壯東段
5876,美城段
5877,中興段
5878,中華段
5879,五美段
5880,過嶺段
5881,公館段公館小段
5882,公館段番社小段
5883,公館段后埤小段
5884,后段后小段
5885,后段奇立板小段
5886,后段貓里霧罕小段
5887,新興段
5888,十三股段十三股小段
5889,十三股段六戈小段
5890,十三股段十八甲小段
5891,功勞段
5892,功勞段羅罕小段
5893,功勞段功勞小段
5894,古亭笨段
5895,壯六段
5896,抵美段
5897,土圍段
5898,五間段
5899,霧罕段
5900,南興段副南興小段
5901,南興段頂南興小段
5902,新發段
5903,狀五段
5904,美福段
5905,大福二段
5906,大福一段
5907,壯濱二段
5908,壯濱四段
5909,壯濱三段
5910,壯濱五段
5911,水源段
5912,大湖一段
5913,大湖二段
5914,內湖一段
5915,內湖二段
5916,再連段
5917,望龍埤段
5918,隘界一段
5919,隘界二段
5920,隘界三段
5921,永和段
5922,雙連埤段
5923,船仔頭段
5924,油車段
5925,茄苳林段
5926,慶安段
5927,新城段阿蘭城小段
5928,同樂段
5929,溪洲段
5930,吧荖鬱段
5931,枕頭山段
5932,結頭份段
5933,粗坑段粗坑小段
5934,粗坑段再連小段
5935,粗坑段冷水坑小段
5936,粗坑段破鐺坑小段
5937,三段內湖小段
5938,三段大三小段
5939,三段三二小段
5940,溫泉段
5941,員山段
5942,外員段
5943,金古段
5944,金泰段
5945,永同段
5946,蚊子烟埔段
5947,尚好段
5948,深惠段
5949,深賢段
5950,深洲段
5951,深福段
5952,新洲子段
5953,成功段
5954,水頭段
5955,大坪段
5956,雙溪嘴段
5957,枕山段
5958,蘭城段
5959,玉東段
5960,阿玉段
5961,紅柴段
5962,長嶺段
5963,外員山段員山小段
5964,外員山段金包里古小段
5965,內員山段內員山小段
5966,內員山段永廣小段
5967,內員山段中和小段
5968,大湖段大湖小段
5969,大湖段茄苳林小段
5970,大湖段隘界小段
5971,大湖段雙連埤小段
5972,洲子段洲子小段
5973,洲子段蚊子烟埔小段
5974,洲子段葫蘆小段
5975,深溝段
5976,樂山段
5977,三泰段
5978,七賢段
5979,金山段
5980,新城段鎮平小段
5981,新城段新城小段
5982,九芎林段
5983,頂粗坑段
5984,下粗坑段
5985,同結段
5986,永結段
5987,湖北段
5988,南勢段
5989,鼻仔頭段
5990,大鬮段
5991,東德段
5992,粗坑段
5993,冷水坑段
5994,破鐺坑段
5995,西埔段
5996,八角段
5997,星見段
5998,桃園段武陵小段
5999,桃園段中南小段
6000,桃園段長美小段
6001,桃園段公館頭小段
6002,大檜溪段
6003,小檜溪段
6004,崁子腳段
6005,中路段
6006,大樹林段
6007,埔子段埔子小段
6008,埔子段北門埔子小段
6009,埔子段八角店子小段
6010,水汴頭段水汴頭小段
6011,水汴頭段下埔子小段
6012,和平段
6013,西門段
6014,中埔段
6015,富國段
6016,法政段
6017,永安段
6018,新埔段
6019,慈文段
6020,成功段
6021,東國段
6022,東門段
6023,同安段
6024,汴洲段
6025,龍安段
6026,長安段
6027,中山段
6028,昆明段
6029,陽明段
6030,介壽段
6031,建國段
6032,建新段
6033,雲林段
6034,大林段
6035,福林段
6036,桃鶯段
6037,春日段
6038,會稽段
6039,大興段
6040,寶山段
6041,大有段
6042,福元段
6043,忠義段
6044,中正段
6045,延壽段
6046,國強段
6047,江南段
6048,中平段
6049,國聖段
6050,三聖段
6051,三元段
6052,有恒段
6053,鹽埕段
6054,峨眉段
6055,同德段
6056,龍祥段
6057,雙龍段
6058,龍山段
6059,龍壽段
6060,青溪段
6061,延平段
6062,龍鳳段
6063,國際段
6064,皮寮段
6065,桃圳段
6066,中德段
6067,玉山段
6068,水汴頭段
6069,雲盟段
6070,中路三段
6071,中路一段
6072,中路二段
6073,南美段
6074,南上段
6075,蔗園段
6076,煉油段
6077,吉祥段
6078,振三段
6079,公西段
6080,大崗段
6081,公華段
6082,垹坡段
6083,新路段
6084,樂善段
6085,龜山段
6086,中興段
6087,自強段
6088,大同段
6089,壽山段
6090,半嶺段
6091,興華段
6092,文化段
6093,油廠段
6094,山德段
6095,山鶯段
6096,山福段
6097,華亞段
6098,明興段
6099,幸福段
6100,海萍段
6101,東嶺段
6102,西嶺段
6103,精忠段
6104,陸光段
6105,龍華段
6106,迴龍段
6107,楓樹段
6108,牛角坡段垹坡小段
6109,牛角坡段牛角坡小段
6110,牛角坡段水尾小段
6111,牛角坡段樟腦寮小段
6112,牛角坡段嶺頭小段
6113,新路坑段
6114,山頂段
6115,兔子坑段大湖頂小段
6116,兔子坑段大坵田下小段
6117,坪頂菜公堂段埤寮小段
6118,坪頂菜公堂段菜公堂小段
6119,坪頂下湖段
6120,舊路坑段大埔小段
6121,舊路坑段舊路坑小段
6122,舊路坑段西勢湖小段
6123,坪頂大湖段
6124,坪頂山尾段山尾小段
6125,坪頂山尾段後厝小段
6126,坪頂苦苓林段
6127,塔寮坑段大坑小段
6128,塔寮坑段坑底小段
6129,塔寮坑段大菁坑小段
6130,塔寮坑段關公嶺小段
6131,塔寮坑段馬頭小段
6132,塔寮坑段尖山外小段
6133,塔寮坑段新朝嶺小段
6134,塔寮坑段嶺腳小段
6135,南崁頂段大坑小段
6136,南崁頂段員林坑小段
6137,南崁頂段南崁頂小段
6138,南崁頂段陳厝坑小段
6139,南崁頂段蕃子窩小段
6140,楓樹坑段坪頂頂湖小段
6141,楓樹坑段楓樹坑小段
6142,警大段
6143,頂湖段
6144,下湖段
6145,體大段
6146,大埔段
6147,福源段
6148,環東段
6149,六和段
6150,福德段
6151,青平段
6152,青昇段
6153,青溪段
6154,青芝段
6155,興南段興南小段
6156,興南段中壢老小段
6157,興南段公坡小段
6158,石頭段
6159,三座屋段三座屋小段
6160,三座屋段舊社小段
6161,三民段
6162,五權段
6163,水尾段水尾小段
6164,新街段
6165,忠福段
6166,中壢埔頂段
6167,榮民段
6168,忠義段
6169,遠東段
6170,成功段
6171,仁愛段
6172,復興段
6173,忠孝段
6174,大華段
6175,仁美段
6176,普義段
6177,自立段
6178,中原段
6179,健行段
6180,中北段
6181,中工段
6182,後寮段
6183,內壢段
6184,青埔段
6185,洽溪子段
6186,芝芭里段芝芭里小段
6187,芝芭里段大路下小段
6188,大崙段山下小段
6189,大崙段月眉小段
6190,大崙段內厝子小段
6191,過嶺段
6192,山上段
6193,內厝段
6194,山下段
6195,月眉段
6196,西寮段
6197,前寮段
6198,東寮段
6199,平寮段
6200,中寮段
6201,後興段
6202,華興段
6203,中興段
6204,永興段
6205,振興段
6206,新興段
6207,紫雲段
6208,仁和段
6209,仁祥段
6210,仁德段
6211,榮南段
6212,普仁段
6213,富強段
6214,富台段
6215,新富段
6216,大路段
6217,雙嶺段
6218,芭里段
6219,啟文段
6220,上嶺段
6221,山嶺段
6222,大江段
6223,廣青段
6224,萬能段
6225,永清段
6226,聖德段
6227,溪口段
6228,興和段
6229,崇德段
6230,大崙段
6231,大享段
6232,洽溪段
6233,培英段
6234,興崙段
6235,忠富段
6236,中觀段
6237,草富段
6238,廣大段
6239,塔腳段
6240,保潭段
6241,新富段
6242,富源段
6243,上大段
6244,忠愛段
6245,廣福段
6246,工業區段一小段
6247,工業區段二小段
6248,工業區段三小段
6249,工業區段四小段
6250,工業區段五小段
6251,草新段
6252,坡興段
6253,新張段
6254,大同段
6255,廣興段
6256,甘泉段
6257,觀新段
6258,觀音段觀音小段
6259,觀音段新坡下小段
6260,苦練腳段
6261,崙坪段
6262,上大堀段
6263,下大堀段
6264,塔子腳段
6265,草漯段
6266,坑尾段
6267,白沙屯段白沙屯小段
6268,白沙屯段下庄子小段
6269,白沙屯段埔頂小段
6270,白沙屯段溝尾小段
6271,白沙屯段下埔頂小段
6272,白沙屯段坑子背小段
6273,下青埔段下青埔小段
6274,下青埔段樹子腳小段
6275,下青埔段尾湖小段
6276,大潭段大潭小段
6277,大潭段小飯壢小段
6278,大潭段塘背小段
6279,大潭段塘尾小段
6280,茄苳坑段對面厝小段
6281,茄苳坑段兩座屋小段
6282,三座屋段三座屋小段
6283,三座屋段橫圳頂小段
6284,三座屋段新興小段
6285,樹林子段樹林子小段
6286,樹林子段崁頭子小段
6287,樹林子段過溪子小段
6288,新坡段新坡小段
6289,新坡段張厝小段
6290,新坡段青埔子小段
6291,新坡段
6292,坡寮段坡寮小段
6293,坡寮段後湖小段
6294,坡寮段水尾子小段
6295,育仁段
6296,光明段
6297,大堀段
6298,藍埔段
6299,金湖段
6300,潭工段
6301,觀塘段
6302,觀玉段
6303,溪口段
6304,大湖段
6305,忠孝段
6306,保障段
6307,崙尾段
6308,南興段南興小段
6309,社角段
6310,仁愛段
6311,廣福段
6312,仁義段
6313,僑愛段
6314,松樹段
6315,仁德段
6316,金瓜段
6317,中庄段中庄小段
6318,中庄段中庄街小段
6319,烏塗窟段
6320,石屯段上石屯小段
6321,石屯段下石屯小段
6322,月眉段
6323,大溪段後尾小段
6324,大溪段草店尾小段
6325,大溪段新街小段
6326,大溪段上街小段
6327,大溪段下街小段
6328,大溪段新南小段
6329,番子寮段
6330,內柵段內柵小段
6331,內柵段埔尾小段
6332,內柵段下崁小段
6333,內柵段大同小段
6334,三層段坑底小段
6335,三層段尾寮小段
6336,三層段八結小段
6337,三層段三層小段
6338,三層段頭寮小段
6339,三層段十三份小段
6340,三層段阿姆坪小段
6341,三層段柑坪小段
6342,田心子段下田心子小段
6343,田心子段上田心子小段
6344,田心子段二層小段
6345,田心子段順時埔小段
6346,缺子段頂山腳小段
6347,缺子段缺子小段
6348,缺子段粟子園小段
6349,員樹林段
6350,埔頂段
6351,南興段社角小段
6352,南興段廣福小段
6353,新溪洲段
6354,舊溪洲段
6355,中正段
6356,介壽段
6357,和平段
6358,員林段
6359,武嶺段
6360,康莊段
6361,仁善段
6362,仁武段
6363,東湖段
6364,美華段
6365,慈湖段
6366,福山段
6367,仁文段
6368,大成段
6369,太武段
6370,仁和段
6371,大圳段
6372,永興段
6373,中興段
6374,武漢段
6375,北興段
6376,奉慈段
6377,新烏樹林段
6378,潛龍段
6379,燈潭段
6380,烏林段
6381,龍祥段
6382,干城段
6383,龍吟段
6384,建國段
6385,逸園段
6386,三元段
6387,三林段
6388,上華段
6389,林坡段
6390,三坑段
6391,紅橋段
6392,永福段
6393,碧湖段
6394,大平段
6395,民有段
6396,三坑子段
6397,淮子埔段
6398,泉水空段
6399,九座寮段
6400,黃泥塘段
6401,龍潭段
6402,烏樹林段
6403,八張犁段
6404,三洽水段
6405,竹窩子段
6406,銅鑼圈段
6407,三角林段
6408,十一份段
6409,大坪段大坪小段
6410,大坪段二坪小段
6411,四方林段四方林小段
6412,四方林段大湖底小段
6413,打鐵坑段
6414,石門段
6415,黃龍段
6416,凌雲段
6417,上林段
6418,北龍段
6419,龍興段
6420,東龍段
6421,龍華段
6422,南龍段
6423,黃唐段
6424,中山段
6425,五福段
6426,湖底段
6427,大湖段
6428,佳安段
6429,成功段
6430,民豐段
6431,九座段
6432,九龍段
6433,健行段
6434,斷匯段
6435,宇內段
6436,義興段
6437,哈崖段
6438,彌榮段
6439,大曼段
6440,鷹山段
6441,夫婦山段
6442,卡拉段
6443,嘎拉賀段
6444,角板段
6445,水流東段
6446,高遶段
6447,竹頭角段
6448,拉號段
6449,基國派段
6450,哈嘎灣段
6451,高義段
6452,三光段
6453,爺亨段
6454,巴陵段
6455,霞雲段
6456,榮華段
6457,義盛段
6458,奎輝段
6459,色霧鬧段
6460,蘇樂段蘇樂小段
6461,蘇樂段竹腳山小段
6462,合流段
6463,高坡段
6464,東眼山段
6465,赫威段
6466,達觀段
6467,塔曼段
6468,萱原段
6469,四稜段
6470,新興段
6471,溪口段
6472,長興段
6473,羅浮段
6474,那結段
6475,里安段
6476,塔卡段
6477,華陵段
6478,李崠山段
6479,南插段
6480,石牛段
6481,成福段
6482,卡普段
6483,枕頭山段
6484,白鶴段
6485,瑞上段
6486,民有段
6487,民豐段
6488,員本段
6489,長紅段
6490,長岡嶺段
6491,瑞湖段
6492,梅獅段
6493,瑞坪段
6494,永楊段
6495,老莊段
6496,東寧段
6497,梅園段
6498,新富段
6499,新秀段
6500,甡甡段
6501,員富段
6502,上田段
6503,新榮段
6504,二重溪段
6505,老坑段
6506,楊梅段
6507,大平山下段
6508,秀才窩段
6509,水流東段
6510,崩坡段崩坡小段
6511,崩坡段老窩小段
6512,上四湖段
6513,伯公岡段
6514,下陰影窩段
6515,員笨段
6516,上陰影窩段
6517,三湖段
6518,頭湖段
6519,水尾段水尾小段
6520,水尾段隘口寮小段
6521,上田心子段田心子小段
6522,上田心子段田寮子小段
6523,上田心子段營盤腳小段
6524,高山頂段
6525,四湖段
6526,上湖段
6527,楊湖段
6528,楊富段
6529,民富段
6530,民生段
6531,豐野段
6532,新明段
6533,國聯段
6534,富岡段
6535,梅高段
6536,草湳波段草湳波小段
6537,草湳波段埔心小段
6538,矮坪子段
6539,頭重溪段
6540,大金山下段大金山下小段
6541,大金山下段月眉山下小段
6542,高雙段
6543,幼獅段
6544,雙榮段
6545,啟明段
6546,仁美段
6547,高榮段
6548,大平段
6549,東流段
6550,永福段
6551,國寶段
6552,秀才段
6553,永寧段
6554,田心段
6555,和平段
6556,高上段
6557,高山段
6558,瑞原段
6559,金龍段
6560,頂湖段
6561,高獅段
6562,水美段
6563,石磊子段水流小段
6564,頭洲段
6565,新州段
6566,富九段
6567,青田段
6568,吉祥段
6569,犁頭洲段犁頭洲小段
6570,犁頭洲段青草坡小段
6571,上青埔段
6572,九斗段
6573,埔頂段埔頂小段
6574,埔頂段水碓小段
6575,東勢段東勢小段
6576,東勢段甲頭厝小段
6577,東勢段上庄子小段
6578,社子段
6579,番婆玟段
6580,十五間段十五間小段
6581,十五間段十五間尾小段
6582,大坡段大坡小段
6583,大坡段三角堀小段
6584,槺榔段上槺榔小段
6585,槺榔段下槺榔小段
6586,後庄段
6587,蚵殼港段蚵殼港小段
6588,蚵殼港段深圳小段
6589,笨子港段笨子港小段
6590,笨子港段埔子頂小段
6591,笨子港段榕樹下小段
6592,崁頭厝段崁頭厝小段
6593,崁頭厝段下庄子小段
6594,大牛欄段大牛欄小段
6595,大牛欄段下埔頂小段
6596,大牛欄段後湖小段
6597,石牌嶺段
6598,下田心子段下田心子小段
6599,下田心子段赤牛欄小段
6600,下田心子段員笨小段
6601,石磊子段石磊子小段
6602,新生段
6603,新屋段新屋小段
6604,新屋段後湖小段
6605,清華段
6606,啟文段
6607,北勢段北勢小段
6608,北勢段紅泥坡小段
6609,中山段
6610,中華段
6611,中正段
6612,中興段
6613,長祥段
6614,高洲段
6615,內興段
6616,山鼻段
6617,大興段
6618,蘆興段
6619,富宏段
6620,南竹段
6621,南青段
6622,富竹段
6623,新福段
6624,開南段
6625,文新段
6626,德林段
6627,文中段
6628,公埔段
6629,長興段
6630,六福段
6631,蘆竹段
6632,大竹圍段
6633,南崁下段
6634,新庄子段
6635,坑子段赤塗崎小段
6636,坑子段貓尾崎小段
6637,坑子段土地公坑小段
6638,坑子段頂社小段
6639,坑子外段山腳小段
6640,坑子外段外社小段
6641,坑子外段草子崎小段
6642,南崁內厝段內厝小段
6643,南崁內厝段溪州小段
6644,中興段
6645,福興段
6646,新興段
6647,坑子口段海湖小段
6648,坑子口段頭前小段
6649,坑子口段後壁厝小段
6650,南崁廟口段廟口小段
6651,南崁廟口段山鼻子小段
6652,南崁廟口段番子厝小段
6653,南崁廟口段羊稠坑小段
6654,南崁廟口段營盤坑小段
6655,大竹段
6656,大新段
6657,錦中段
6658,錦明段
6659,南華段
6660,錦興段
6661,南崁段
6662,南新段
6663,南榮段
6664,河底段
6665,羊稠段
6666,長安段
6667,五福段
6668,南山段
6669,富興段
6670,竹中段
6671,新中段
6672,上興段
6673,上竹段
6674,八股段
6675,水尾段
6676,客運二段
6677,青峰段
6678,青山段
6679,照鏡段
6680,田心子段
6681,田心子段崁腳小段
6682,竹圍段崁腳小段
6683,竹圍段海口小段
6684,竹圍段三塊石小段
6685,竹圍段四股小段
6686,竹圍段拔子林小段
6687,竹圍段田寮小段
6688,竹圍段崁下小段
6689,竹圍段海方厝小段
6690,竹圍段竹圍小段
6691,五塊厝段大埔小段
6692,五塊厝段下埔小段
6693,沙崙段沙崙小段
6694,沙崙段埔頂小段
6695,沙崙段後厝小段
6696,沙崙段坡堵小段
6697,北港段
6698,中正段
6699,北園段
6700,中園段
6701,東園段
6702,西園段
6703,南園段
6704,許厝港段
6705,大園段
6706,內海墘段
6707,內海墘段特工區小段
6708,埔心段埔心小段
6709,埔心段海豐坡小段
6710,埔心段三塊厝小段
6711,大牛稠段大牛稠小段
6712,大牛稠段倒厝子小段
6713,橫山段橫山小段
6714,橫山段尖山小段
6715,橫山段湳子小段
6716,雙溪口段下縣厝子小段
6717,雙溪口段溪洲子小段
6718,圳股頭段後館小段
6719,圳股頭段古亭小段
6720,圳股頭段圳股頭小段
6721,客運一段
6722,貨運段
6723,福興段
6724,興仁段
6725,豐田段
6726,營盤段
6727,新霄裡段
6728,龍友段
6729,竹園段
6730,華興段
6731,瑞豐段
6732,大明段
6733,大發段
6734,大和段
6735,八塊段
6736,茄苳溪段
6737,小大湳段
6738,大湳段
6739,霄裡段
6740,下庄子段
6741,大勇段
6742,大仁段
6743,大義段
6744,同福段
6745,東勇段
6746,大忠段
6747,永福段
6748,大華段
6749,大興段
6750,力行段
6751,青溪段
6752,前程段
6753,大福段
6754,桃德段
6755,大智段
6756,廣福段
6757,大成段
6758,福國段
6759,茄明段
6760,高城段
6761,高明段
6762,茄苳段
6763,永豐段
6764,白鷺段
6765,廣隆段
6766,中華段
6767,大安段
6768,大庄段
6769,興豐段
6770,榮興段
6771,大竹段
6772,麻園段
6773,溪尾段
6774,廣興段
6775,連城段
6776,明智段
6777,瑞祥段
6778,瑞德段
6779,豐德段
6780,興隆段
6781,建國段
6782,新興段
6783,廣德段
6784,雙連段
6785,六和段
6786,賦北段
6787,賦梅段
6788,台水段
6789,鎮安段
6790,平德段
6791,三崇段
6792,金龍段
6793,金獅段
6794,和平段
6795,平南段
6796,平鎮段
6797,宋屋段廣興小段
6798,宋屋段高山下小段
6799,東勢段東勢小段
6800,東勢段金雞湖小段
6801,南勢段
6802,北勢段
6803,山子頂段
6804,社子段
6805,雙連坡段
6806,廣東段
6807,廣西段
6808,廣南段
6809,廣北段
6810,忠貞段
6811,東社段
6812,平東段
6813,東安段
6814,東北段
6815,西社段
6816,廣平段
6817,復旦段
6818,義民段
6819,廣豐段
6820,延平段
6821,德育段
6822,振平段
6823,環南段
6824,北興段
6825,正義段
6826,關爺段
6827,新勢段
6828,新德段
6829,新榮段
6830,新富段
6831,新貴段
6832,廣仁段
6833,新光段
6834,莊敬段
6835,東豐段
6836,新生段
6837,湧豐段
6838,湧星段
6839,湧光段
6840,湧安段
6841,富貴段
6842,南華段
6843,三興段
6844,金星段
6845,高雙段
6846,建安段
6847,北商段
6848,吉安段
6849,新北段
6850,中庸段
6851,鎮興段
6852,中興段
6853,興湧段
6854,平安段
6855,金鍊段
6856,中央段
6857,東陵段
6858,鎮東段
6859,東金段
6860,福林段
6861,軍輝段
6862,山子頂段
6863,西門段一小段
6864,西門段二小段
6865,西門段三小段
6866,西門段四小段
6867,西門段五小段
6868,西門段六小段
6869,西門段七小段
6870,西門段八小段
6871,西門段九小段
6872,榮段一小段
6873,榮段二小段
6874,榮段三小段
6875,榮段四小段
6876,榮段五小段
6877,榮段六小段
6878,榮段七小段
6879,新富段一小段
6880,新富段二小段
6881,新富段三小段
6882,新富段四小段
6883,新富段五小段
6884,新富段六小段
6885,新富段七小段
6886,新富段八小段
6887,末廣段一小段
6888,末廣段二小段
6889,末廣段三小段
6890,末廣段四小段
6891,末廣段五小段
6892,車店段
6893,車店段車店小段
6894,大溪厝段
6895,黑金段
6896,白川段
6897,港子坪段
6898,港子坪段港坪小段
6899,柴頭港段
6900,劉厝段
6901,劉厝段劉厝小段
6902,南門段一小段
6903,南門段二小段
6904,南門段三小段
6905,南門段四小段
6906,南門段五小段
6907,南門段六小段
6908,南門段七小段
6909,民族段一小段
6910,民族段二小段
6911,民族段三小段
6912,民族段四小段
6913,民族段五小段
6914,民族段六小段
6915,元段一小段
6916,元段二小段
6917,元段三小段
6918,元段四小段
6919,元段五小段
6920,元段六小段
6921,元段七小段
6923,堀川段
6924,玉川段
6925,下路頭段
6926,湖子內段
6927,湖子內段湖內小段
6928,北門段一小段
6929,北門段二小段
6930,北門段三小段
6931,北門段四小段
6932,北門段五小段
6933,北門段六小段
6934,北門段七小段
6935,檜段一小段
6936,檜段二小段
6937,檜段三小段
6938,檜段四小段
6939,檜段五小段
6940,檜段六小段
6941,檜段七小段
6942,竹子腳段
6943,埤子頭段
6944,埤子頭段新厝小段
6945,竹圍子段
6946,竹圍子段一小段
6947,竹圍子段二小段
6948,竹圍子段三小段
6949,竹圍子段中興小段
6950,竹圍子段友愛小段
6951,北社尾段
6952,北社尾段保安小段
6953,興村段
6954,崎頂段
6955,後庄段
6956,頂庄段
6957,中庄段
6958,荖藤段
6959,同興段
6960,遠東段
6961,湖東段
6962,湖內段
6963,新厝段
6964,北園段
6965,北湖段
6966,鳥岫段
6967,竹村段
6968,下埤段
6969,大溪段
6970,溪厝段
6971,溪東段
6972,育人段
6973,何庄段
6974,頭港段
6975,盧東段
6976,仁義段
6977,蘭潭段
6978,鹿寮段
6979,八掌段
6980,陳厝段
6981,東門段一小段
6982,東門段二小段
6983,東門段三小段
6984,東門段四小段
6985,東門段五小段
6986,東門段六小段
6987,東門段七小段
6988,東門段八小段
6989,中山段一小段
6990,中山段二小段
6991,中山段三小段
6992,中山段四小段
6993,中山段五小段
6994,中山段六小段
6995,中山段七小段
6996,太平段
6997,山下段
6998,台斗坑段
6999,盧厝段
7000,後湖段
7001,紅毛埤段
7002,彌陀段
7003,長竹段
7004,東川段
7005,短竹段
7006,彌陀段日新小段
7007,劉厝段玉山小段
7008,興村段興村小段
7009,大同貳段
7010,高橋段
7011,店岡段
7012,大旱坑段小東坑小段
7013,大旱坑段小北坑小段
7014,大旱坑段南坑小段
7015,老社寮段
7016,燥坑段
7017,上南片段上南片小段
7018,上南片段南片小段
7019,上南片段渡船頭小段
7020,拱子溝段
7021,牛欄河段
7022,三屯段上三屯小段
7023,三屯段下三屯小段
7024,十寮段十寮小段
7025,十寮段四寮小段
7026,十寮段七寮小段
7027,十寮段八寮小段
7028,十寮段糞箕窩小段
7029,湳湖段湳湖小段
7030,湳湖段十股小段
7031,湳湖段柑子樹下小段
7032,湖肚段
7033,十六張段十六張小段
7034,十六張段暗潭小段
7035,老社寮段
7036,石門段
7037,新城段
7038,苧子園段
7039,關西段關西小段
7040,關西段北風口小段
7041,店子岡段店子岡小段
7042,店子岡段崁下小段
7043,店子岡段深坑子小段
7044,店子岡段高橋坑小段
7045,馬武督段馬武督小段
7046,馬武督段六畜小段
7047,馬武督段赤柯山小段
7048,馬武督段大竹坑小段
7049,錦山段
7050,六福段
7051,關農段
7052,東安段
7053,光明段
7054,明德段
7055,中山段
7056,西安段
7057,正義段
7058,北山段
7059,水坑段
7060,茅子埔段
7061,坪林段
7062,上橫坑段
7063,下橫坑段
7064,下南片段
7065,石岡子段
7066,大旱坑段大旱坑小段
7067,大旱坑段大東坑小段
7068,東豐段
7069,東光段
7070,仁安段
7071,大同壹段
7072,石光段
7073,燒炭窩段
7074,上旱坑段
7075,下旱坑段
7076,上寮段
7077,南平段
7078,箭竹窩段
7079,北平段
7080,太平段
7081,仰德段
7082,遠東段
7083,南打鐵坑段南打鐵坑小段
7084,南打鐵坑段新打坑小段
7085,內立段
7086,石頭坑段
7087,犂頭山段犂頭山小段
7088,犂頭山段土地公埔小段
7089,五分埔段五分埔小段
7090,五分埔段六股小段
7091,五分埔段水汴頭小段
7092,四座屋段
7093,樟樹林段上樟樹林小段
7094,樟樹林段下樟樹林小段
7095,樟樹林段三角埔小段
7096,旱坑子段
7097,田心段
7098,枋寮段上枋寮小段
7099,枋寮段下枋寮小段
7100,枋寮段燒炭窩小段
7101,新埔段
7102,大平窩段
7103,北打鐵坑段北打鐵坑小段
7104,北打鐵坑段大北坑小段
7105,汶水坑段
7106,鹿鳴坑段鹿鳴坑小段
7107,鹿鳴坑段黃梨園小段
7108,照門段照鏡小段
7109,照門段石門小段
7110,大坪段大坪小段
7111,大坪段箭竹窩小段
7112,大坪段九芎湖小段
7113,大茅埔段大茅埔小段
7114,大茅埔段小茅埔小段
7115,義民段
7116,內思段
7117,正興段
7118,集義段
7119,成功段
7120,和平段
7121,福德段
7122,泰陽段
7123,廣興段
7124,寶鎮段
7125,三聖段
7126,巨埔段
7127,霄裡段
7128,文山段
7129,水車頭段
7130,雲埔段
7131,五埔段
7132,下寮段
7133,斗崙段頂斗崙小段
7134,自強段
7135,國義段
7136,東平段
7137,東興段
7138,水瀧段
7139,永興段
7140,隘興段
7141,泰和段
7142,新溪段
7143,站後段
7144,社北段
7145,文化段
7146,華興段
7147,新國段
7148,社南段
7149,縣福段
7150,縣華段
7151,縣愛段
7152,嘉興段
7153,國道段
7154,省道段
7155,興崙段
7156,翰林段
7157,公園段
7158,大學段
7159,豆子埔段
7160,豆子埔段
7161,安溪寮段
7162,犁頭山下段
7163,十興段十興小段
7164,十興段界址小段
7165,東海窟段東海窟小段
7166,東海窟段旱坑子小段
7167,三崁店段三崁店小段
7168,三崁店段水坑口小段
7169,隘口段
7170,芒頭埔段芒頭埔小段
7171,芒頭埔段麻園小段
7172,六家段六家小段
7173,六家段番子寮小段
7174,鹿場段鹿場小段
7175,鹿場段十張小段
7176,斗崙段中斗崙小段
7177,斗崙段下斗崙小段
7178,斗崙段泉州厝小段
7179,溪州段
7180,馬麟厝段
7181,新社段
7182,番子坡段
7183,大眉段大眉小段
7184,溝貝段
7185,麻園段
7186,貓兒錠段貓兒錠小段
7187,貓兒錠段拔子窟小段
7188,貓兒錠段後面小段
7189,貓兒錠段山腳小段
7190,白地粉段
7191,新庄子段
7192,舊港段漁寮小段
7193,舊港段新港小段
7194,竹北段
7195,台元段
7196,站前段
7197,竹仁段
7198,竹義段
7199,華城段
7200,東華段
7201,豐田段
7202,中興段
7203,蓮華段
7204,家興段
7205,世興段
7206,府前段
7207,台科段
7208,莊敬段
7209,中正段
7210, 上舘段
7211,大鄉段
7212,員崠段
7213,指東段
7214,下員段
7215,中員段
7216,陸豐段
7217,敦睦段
7218,國王段
7219,上坪段
7220,燥樹排段
7221,員崠子段軟橋小段
7222,員崠子段員崠子小段
7223,下公館段
7224,上公館段
7225, 鷄油林段
7226,竹東段竹東小段
7227,竹東段番社子小段
7228,荳子埔段
7229,三重埔段
7230,二重埔段
7231,麻園肚段
7232,頭重埔段
7233,下員山段
7234,柯子湖段
7235,東寧段
7236,仁愛段
7237,中山段
7238,中正段
7239,資源段
7240,竹美段
7241,竹中段
7242,富貴段
7243,明星段
7244,上員段
7245,重光段
7246,旭光段
7247,志學段
7248,四重段
7249,大林段
7250,放翁段
7251,五豐段
7252,九莊段
7253,金福段
7254,油車窩段
7255,軟橋段
7256,北興段
7257,台泥段
7258,杞林段
7259,下大窩段
7260,新十分寮段
7261,九讚頭段
7262,沙坑叁段
7263,新庄段
7264,橫村段
7265,橫山段橫山小段
7266,橫山段蔗小段
7267,頭分林段頭分林小段
7268,頭分林段粗坑小段
7269,田寮坑段田寮坑小段
7270,田寮坑段矺子小段
7271,濫子段尖筆窩小段
7272,濫子段薯園小段
7273,大山背段
7274,油羅段
7275,南河段
7276,十分寮段
7277,八十分段八十分小段
7278,八十分段馬福小段
7279,大平地段
7280,沙坑段
7281,大肚段大肚小段
7282,大肚段九讚頭小段
7283,大肚段香園小段
7284,橫榮段
7285,橫華段
7286,橫富段
7287,橫貴段
7288,內灣段
7289,華山段
7290,田洋段
7291,內豐段
7292,合興段
7293,石湖段
7294,田寮段
7295,矺子段
7296,八十分段
7297,沙坑壹段
7298,沙坑貳段
7299,上德段
7300,鹿寮坑段
7301,山猪湖段山猪湖小段
7302,山猪湖段秀湖小段
7303,王爺坑段
7304,石壁潭段
7305,倒別牛段倒別牛小段
7306,倒別牛段五股林小段
7307,倒別牛段燥坑小段
7308,中坑段中坑小段
7309,中坑段赤柯寮小段
7310,水坑段
7311,芎林段芎林小段
7312,芎林段高 頭小段
7313,柯子林段
7314,上山段
7315,崁下段
7316,下山段下山小段
7317,下山段五座山小段
7318,金獅段
7319,綠師段
7320,富林段
7321,廣福段
7322,文昌段
7323,大華段
7324,新鳳段
7325,竹林段
7326,鳳林段
7327,雙高段
7328,莒光段
7329,楓橋段
7330,寶東段
7331,龍居段
7332,雙溪段雙溪小段
7333,雙溪段大崎小段
7334,雙溪段水尾溝小段
7335,雞油凸段雞油凸小段
7336,雞油凸段三叉凸小段
7337,雞油凸段八分寮小段
7338,寶山段寶山小段
7339,寶山段沙湖壢小段
7340,寶斗仁段寶斗仁小段
7341,寶斗仁段深井小段
7342,寶斗仁段崎林小段
7343,新城段新城小段
7344,新城段柑子崎小段
7345,大壢段上大壢小段
7346,大壢段下大壢小段
7347,科管段
7348,寶香段
7349,雙林段
7350,明湖段
7351,雙園段
7352,寶中段
7353,雙峰段
7354,雙龍段
7355,園區段
7356,大雅段
7357,二坪段
7358,洽水段
7359,華安段
7360,枋子坑段
7361,福林段
7362,溝背段
7363,坪尾段
7364,湖尾段
7365,湖東段
7366,湖中段
7367,湖西段
7368,神木段
7369,北埔段北埔小段
7370,北埔段埔尾小段
7371,水 子段水 子小段
7372,水 子段面盆寮小段
7373,水 子段麻布樹排小段
7374,南埔段南埔小段
7375,南埔段番婆坑小段
7376,南埔段大分林小段
7377,南埔段九分子小段
7378,小分林段小分林小段
7379,小分林段二寮小段
7380,大湖段上大湖小段
7381,大湖段下大湖小段
7382,大湖段尾隘子小段
7383,南坑段大南坑小段
7384,南坑段小南坑小段
7385,大坪段內大坪小段
7386,大坪段外大坪小段
7387,公園段
7388,鄉所段
7389,埔興段
7390,埔中段
7391,環湖段
7392,五指山段
7393,庄口段
7394,南昌段
7395,埔尾段
7396,星尾段
7397,峨眉段峨眉小段
7398,峨眉段河背小段
7399,中興段中興小段
7400,中興段四分子小段
7401,石井段石井小段
7402,石井段梯子桄小段
7403,石硬子段石硬子小段
7404,石硬子段社寮坑小段
7405,藤坪段藤坪小段
7406,藤坪段六寮小段
7407,富興段富興小段
7408,富興段水流東小段
7409,富興段西河排小段
7410,十二寮段十二寮小段
7411,十二寮段十寮坑小段
7412,赤柯坪段赤柯坪小段
7413,赤柯坪段赤柯山小段
7414,赤柯坪段十四寮小段
7415,赤柯坪段十五寮小段
7416,興眉段
7417,梅岡段
7418,屏南段
7419,道下段
7420,鳥嘴段
7421,樂屏段
7422,溪源段
7423,嘉樂段
7424,義興段義興小段
7425,義興段北角小段
7426,梅花段
7427,柿山段
7428,梅林段
7429,錦屏段
7430,那羅段
7431,新樂段水田小段
7432,煤源段
7433,大平段
7434,石磊段
7435,斯馬段
7436,秀巒段
7437,玉峰段
7438,新光段
7439,田埔段
7440,石安段
7441,八五山段
7442,李棟山段
7443,宇老段
7444,上錦屏段
7445,泉源段
7446,羅山段
7447,羅竹段
7448,泰崗段
7449,大壩段
7450,尖山段
7451,白石段
7452,養老段
7453,鎮西堡段
7454,鴛鴦湖段
7455,馬腦段
7456,石和段
7457,基那吉段
7458,布奴加里段
7459,栗園段
7460,泰源段
7461,桃石段
7462,馬洋山段
7463,石麻達段
7464,西丘斯段
7465,錦路段
7466,低陸段
7467,高臺段
7468,下太平段
7469,馬美段
7470,延老段
7471,鵝公髻段
7472,桃隧段
7473,土場段
7474,大鹿段
7475,野馬敢段
7476,天頓段
7477,霞喀羅段
7478,清石段
7479,麥巴來段
7480,忠興段
7481,南口段
7482,園東段
7483,花園段
7484,桃山段
7485,竹林段
7486,石鹿段
7487,大隘段
7488,雪霸段
7489,青山段
7490,雲山段
7491,腦寮段
7492,檜山段
7493,白蘭段
7494,喜翁段
7495,羅山段
7496,羅竹段
7497,坪頂埔段上坪頂埔小段
7498,中義段
7499,八德段
7500,祥湖段
7501,祥喜段
7502,北安段
7503,鐵騎段
7504,鳳山崎段竹高屋小段
7505,鳳山崎段寶斗屋小段
7506,鳳山崎段望高樓小段
7507,坪頂埔段下坪頂埔小段
7508,建興段建興小段
7509,建興段鳳凰小段
7510,北湖段
7511,西湖段
7512,南湖段
7513,中湖段
7514,興湖段
7515,東湖段
7516,中興段新興小段
7517,中興段中興小段
7518,中興段復興小段
7519,長嶺段
7520,湖新段
7521,湖南段
7522,興安段
7523,新盛段
7524,德興段
7525,力行段
7526,光華段
7527,信勢段
7528,成功段
7529,汶山段
7530,竹九段
7531,勝利段
7532,吉祥段
7533,永安段
7534,綠園段
7535,長威段
7536,中勢段
7537,中美段
7538,湖鏡段
7539,三元段
7540,波羅段
7541,番湖段
7542,畚箕段
7543,電台段
7544,崩坡下段
7545,北窩段北窩小段
7546,北窩段南窩小段
7547,長岡嶺段四湖尾小段
7548,長岡嶺段四腳亭小段
7549,長岡嶺段長安小段
7550,長岡嶺段嶺尾小段
7551,長岡嶺段
7552,湖口段湖口小段
7553,湖口段埔心小段
7554,糞箕窩段糞箕窩小段
7555,糞箕窩段箕南窩小段
7556,羊喜窩段
7557,上北勢段上北勢小段
7558,上北勢段中北勢小段
7559,上北勢段吳厝小段
7560,下北勢段下北勢小段
7561,下北勢段狗頭小段
7562,下北勢段王爺壟小段
7563,和興段
7564,德盛段
7565,波羅汶段波羅汶小段
7566,波羅汶段南勢小段
7567,波羅汶段崩坡缺小段
7568,番子湖段上番子湖小段
7569,番子湖段中番子湖小段
7570,鳳山崎段鳳山崎小段
7571,竹九二段
7572,南安段
7573,埔和段
7574,新豐段
7575,福興段員山子小段
7576,福興段後湖子小段
7577,福興段十一股小段
7578,青埔子段
7579,後湖段埔頂小段
7580,後湖段埔和小段
7581,後湖段坡子頭小段
7582,崁頭段
7583,中崙段
7584,新庄子段
7585,員山段
7586,大眉段松柏林小段
7587,瑞興段
7588,紅毛段
7589,文昌段
7590,榮豐段
7591,錦安段
7592,泰安段
7593,泰豐段
7594,明新段
7595,坪頂段
7596,福陽段
7597,忠信段
7598,榮華段
7599,大埔段
7600,重興段
7601,振興段
7602,永寧段
7603,福龍段
7604,豐福段
7605,池和段
7606,濱海段
7607,鳳坑段
7608,上坑段
7609, 松柏段
7610,員興段
7611,瑞光段
7612,松柏二段
7613,員興二段
7614,重興二段
7615,坑子口段
7616,南昌段
7617,大湖段
7618,南湖段
7619,興榮段
7620,富興段
7621,靜湖段
7622,新湖段
7623,明湖段
7624,東湖段
7625,大寮段
7626,水頭寮段
7627,大窩段
7628,水尾坪段
7629,義和段
7630,新橫坑段
7631,新坪頂段
7632,食水坑段
7633,昭永段
7634,中角段
7635,埔尾段
7636,蔗埔段
7637,神明段
7638,明德段
7639,上庄段
7640,水廠段
7641,新庄段
7642,新榮段
7643,河北街段
7644,橫坑段
7645,十八股段
7646,大坪頂段
7647,卓蘭段
7648,新厝段
7649,老庄段
7650,上新段
7651,大坪林段
7652,西坪段
7653,豐田段
7654,苗豐段
7655,山下段
7656,新灣段
7657,內灣段
7658,東盛段
7659,酸柑湖段
7660,大埔園段
7661,桂竹林段
7662,八角林段
7663,獅潭段和興小段
7664,獅潭段新店小段
7665,獅潭段永興小段
7666,獅潭段三洽坑小段
7667,獅潭段十九份小段
7668,獅潭段大東勢小段
7669,百壽段
7670,仙山段
7671,豐林段
7672,新豐段
7673,銑櫃段
7674,義民段
7675,老松段
7676,跋阿諾乎段
7677,觀霧段
7678,雪旺段
7679,馬達拉段
7680,曙光段
7681,榛山段
7682,佳仁段
7683,高嶺段
7684,加利段
7685,班山段
7686,能甲段
7687,江澤段
7688,火石段
7689,西勢段
7690,東陽段
7691,復興段
7692,中雪段
7693,南坑段
7694,拾丸段
7695,馬凹段
7696,加里段
7697,北坑段
7698,東洗水段
7699,龍山段
7700,打比厝段
7701,洗水段
7702,盡尾段
7703,北坑水段
7704,清安段
7705,南洗水段
7706,圓墩段
7707,惠安段
7708,八卦力段
7709,橫龍山段
7710,高熊段
7711,細道邦段
7712,士林段
7713,麻必浩段
7714,象鼻段
7715,梅園段
7716,萩岡段
7717,雪見段
7718,樂安段
7719,北苗段
7720,玉清段
7721,福全段
7722,福安段
7723,華清段
7724,文聖段
7725,巨蛋段
7726,文發段
7727,長春段
7728,苗栗段
7729,社寮岡段
7730,維祥段維祥小段
7731,維祥段內麻小段
7732,嘉盛段
7733,福麗段
7734,文山段
7735,西山段
7736,福星段
7737,福星段田寮小段
7738,芒埔段
7739,南勢坑段上南勢坑小段
7740,南勢坑段下南勢坑小段
7741,勝利段
7742,恭敬段
7743,水流娘段
7744,文新段
7745,為公段
7746,大倫段
7747,嘉福段
7748,上南段
7749,大坪段
7750,南勢段
7751,維新段
7752,中義段
7753,義民段
7754,關爺埔段
7755,石墻段
7756,館中段
7757,公館段
7758,福基段
7759,出礦坑段
7760,大坑段
7761,麻齊寮段
7762,五谷岡段
7763,鶴子岡段
7764,石圍墻段
7765,中小義段
7766,尖山段
7767,南河段
7768,北河段
7769,新岡段
7770,齊佳段
7771,館興段
7772,館聖段
7773,館學段
7774,館陽段
7775,館明段
7776,館福段
7777,福南段
7778,台蠶段
7779,象山段
7780,明德段
7781,茄苳段
7782,頭屋段
7783,頭屋段一小段
7784,頭屋段二小段
7785,外獅潭段
7786,仁隆段
7787,老田寮段
7788,枋寮坑段
7789,二岡坪段二岡坪小段
7790,二岡坪段天花湖小段
7791,二岡坪段南球小段
7792,南窩段
7793,南窩坪段
7794,孔聖段
7795,藍田段
7796,南山段
7797,新復南段
7798,慈護段
7799,致民段
7800,苑裡段北勢小段
7801,苑裡段苑裡小段
7802,苑裡段西勢小段
7803,苑裡段海口小段
7804,瓦磘段
7805,苑裡坑段苑裡坑小段
7806,苑裡坑段水柳坡小段
7807,貓盂段客庄小段
7808,貓盂段貓盂小段
7809,田寮段
7810,舊社段
7811,山腳段
7812,大埔段青埔小段
7813,大埔段大埔小段
7814,芎蕉坑段
7815,石頭坑段石頭坑小段
7816,石頭坑段新厝子小段
7817,南勢林段
7818,社苓段公館子小段
7819,社苓段社苓小段
7820,山柑段山柑小段
7821,山柑段山柑尾小段
7822,房裡段
7823,苑港段
7824,西海段
7825,房南段
7826,苑東段
7827,苑西段
7828,苑南段
7829,苑北段
7830,苑中段
7831,新興段
7832,福田段
7833,中正段
7834,房北段
7835,泰田段
7836,社柑段
7837,田中段
7838,田心段
7839,鎮安段
7840,新復段
7841,中山段
7842,中苗段
7843,玉田段
7844,玉山段
7845,玉豐段
7846,文山段
7847,啟心段
7848,上館段
7849,火炎山段
7850,新復北段
7851,新復東段
7852,十股段
7853,順天段
7854,中溝段
7855,興隆段
7856,苑坑段
7857,蕉埔段
7858,海濱段
7859,內湖東段
7860,內湖西段
7861,北梅段
7862,白東段
7863,雲天段
7864,通平段
7865,白沙屯段
7866,內湖島段
7867,新埔段
7868,通宵灣段
7869,北勢窩段
7870,烏眉坑段
7871,楓樹窩段
7872,內湖段
7873,圳頭段
7874,北勢段
7875,番社段
7876,通宵段
7877,梅樹腳段
7878,土城段
7879,南和段
7880,福興段
7881,大坪頂段
7882,南勢段
7883,五里牌段隘口寮小段
7884,五里牌段番子寮小段
7885,五里牌段五里牌小段
7886,五里牌段羊寮小段
7887,五里牌段五福小段
7888,通東段
7889,通西段
7890,通南段
7891,通北段
7892,竹林段
7893,平元段
7894,南華段
7895,白沙段
7896,內島段
7897,通灣段
7898,中山段
7899,五南段
7900,保安林段
7901,博愛段
7902,大同段
7903,保興段
7904,復興段
7905,保福段
7906,新南段
7907,竹南段
7908,竹南段一小段
7909,竹南段二小段
7910,竹南段三小段
7911,中港段
7912,海口段海口小段
7913,海口段港子墘小段
7914,鹽館前段鹽館前小段
7915,鹽館前段大厝小段
7916,鹽館前段山子坪小段
7917,營盤邊段營盤邊小段
7918,營盤邊段山寮小段
7919,龍鳳段
7920,中興段
7921,中興段中興小段
7922,中興段博愛小段
7923,山佳段
7924,大埔段頂大埔小段
7925,大埔段中大埔小段
7926,口公館段
7927,崎頂段
7928,公館子段
7929,竹圍段
7930,崎工段
7931,公義段
7932,天生段
7933,龍天段
7934,后厝段
7935,竹興段
7936,中正段
7937,東平段
7938,成功段
7939,文化段
7940,新生段
7941,慈裕段
7942,仁德段
7943,頂埔段
7944,立達段
7945,南科段
7946,頂科段
7947,五福段
7948,東崎頂段
7949,西崎頂段
7950,廣源段
7951,溪南段
7952,民華段
7953,明德段
7954,東赤崎段
7955,西赤崎段
7956,北豐湖段
7957,南豐湖段
7958,東興段
7959,平興段
7960,造橋段
7961,淡文湖段
7962,潭內段
7963,牛欄湖段
7964,赤崎子段
7965,大桃坪段
7966,劍潭段
7967,大西段
7968,平安段
7969,西坑段
7970,龍昇段
7971,龍頂段
7972,龍富段
7973,光華段
7974,砂崙湖段
7975,龍江段
7976,頂東段
7977,龍港段
7978,龍社段
7979,後龍段後龍小段
7980,後龍段田心子小段
7981,後龍段大庄小段
7982,後龍段柳樹灣小段
7983,二張犁段
7984,新港段社腳小段
7985,新港段東西小段
7986,新港段後壁厝小段
7987,新港段校際埧小段
7988,新港段埔頂小段
7989,苦苓腳段
7990,大山腳段
7991,外埔段
7992,水尾子段
7993,公司寮段公司寮小段
7994,公司寮段南社小段
7995,烏眉段
7996,頭湖段
7997,灣瓦段
7998,過港段
7999,崎頂段
8000,十班坑段
8001,後龍底段
8002,龍東段
8003,龍西段
8004,龍南段
8005,龍北段
8006,合興段
8007,龍坑段
8008,新興段
8009,溪洲段
8010,維真段
8011,龍成段
8012,龍椅段
8013,秀水段
8014,銅科段
8015,九湖北段
8016,九湖南段
8017,銅鑼段
8018,三座厝段
8019,中心埔段
8020,七十份段
8021,七十份段中平小段
8022,芎蕉灣段
8023,樟樹林段
8024,新雞隆段
8025,老雞隆段
8026,九湖段
8027,竹圍段
8028,銅鑼段銅鑼工業區小段
8029,中心埔段中興小段
8030,朝西段
8031,西田洋段
8032,朝東段
8033,朝陽段
8034,福興段
8035,東田洋段
8036,雙峰段
8037,東崗段
8038,樟樹西段
8039,樟樹段
8040,福安段
8041,客屬段
8042,天神段
8043,樟樹東段
8044,西崗段
8045,聖王段
8046,鯉魚段
8047,上城段
8048,中心段
8049,重河段
8050,八股段
8051,水美段
8052,僑成段
8053,三叉段
8054,雙草湖段
8055,雙連潭段
8056,鱺魚潭段
8057,拐子湖段
8058,魚藤坪段
8059,雙湖段
8060,五穀段
8061,鴨母坑段
8062,二湖段
8063,三湖段
8064,四湖段
8065,五湖段
8066,高埔段
8067,湖東段
8068,中華段
8069,信義段
8070,八德段
8071,蔴園段
8072,文化段
8073,光華段
8074,中正段
8075,民富段
8076,頭份段頭份小段
8077,頭份段一小段
8078,頭份段二小段
8079,頭份段三小段
8080,頭份段四小段
8081,頭份段土牛小段
8082,頭份段土牛口小段
8083,頭份段頭份工業區小段
8084,田寮段
8085,田寮段一小段
8086,田寮段二小段
8087,田寮段三小段
8088,蟠桃段蟠桃小段
8089,蟠桃段後庄小段
8090,蟠桃段山下小段
8091,蟠桃段忠孝小段
8092,蘆竹湳段蘆竹湳小段
8093,蘆竹湳段流水潭小段
8094,斗換坪段
8095,斗換坪段新華小段
8096,興隆段興隆小段
8097,興隆段上埔小段
8098,珊珠湖段珊珠湖小段
8099,珊珠湖段水流東小段
8100,珊珠湖段九芎林小段
8101,東興段
8102,尖山下段
8103,濫坑段
8104,東民段
8105,民族段
8106,華夏段
8107,永貞段
8108,成功段
8109,中央段
8110,德義段
8111,興埔段
8112,湳湖段
8113,觀音段
8114,流東段
8115,文正段
8116,信德段
8117,慶華段
8118,親民段
8119,太陽段
8120,六合段
8121,大化段
8122,斗煥段
8123,雙喜段
8124,僑善段
8125,合興段
8126,尖下段
8127,新興段
8128,下興段
8129,上興段
8130,廣興段
8131,水源段
8132,東門段
8133,尖山段
8134,藤坪段
8135,民生段
8136,三灣段
8137,內灣段
8138,銅鑼圈段大銅鑼圈小段
8139,銅鑼圈段小銅鑼圈小段
8140,崁頂寮段
8141,北埔段
8142,大河底段
8143,大坪林段
8144,永和山段
8145,下林坪段
8146,灣銅段
8147,灣中段
8148,上坪段
8149,中山段
8150,南興段
8151,橫屏背段
8152,石壁段
8153,加里山段
8154,大湳段
8155,小東河段
8156,南庄段南庄小段
8157,南庄段大屋坑小段
8158,員林段
8159,大南埔段
8160,四灣段
8161,田尾段
8162,北獅里興段獅頭驛小段
8163,北獅里興段北獅里興小段
8164,蓬萊段
8165,風美段
8166,樂山段
8167,庄東段
8168,庄西段
8169,仙山段
8170,南埔段
8171,神桌山段
8172,向天湖段
8173,東湳北段
8174,西湳北段
8175,北天段
8176,中興段
8177,聯合段
8178,葫蘆墩段
8179,豐陽段
8180,南田段
8181,新水源段
8182,南嵩段
8183,新東陽段
8184,新綠山段
8185,復興段
8186,朝陽段
8187,鎌村段
8188,鳳山段
8189,豐新段
8190,合作段
8191,成功段
8192,水源段
8193,豐村段
8194,永豐段
8195,翁明段
8196,三豐段
8197,下街段
8198,豐圳段
8199,建成段
8200,一心段
8201,五汴段
8202,豐社段
8203,豐年段
8204,萬年段
8205,福興段
8206,順豐段
8207,萬順段
8208,師範段
8209,豐原段
8210,大湳段
8211,下南坑段
8212,上南坑段
8213,圳寮段
8214,翁子段
8215,鎌子坑口段
8216,社皮段
8217,朴子口段
8218,烏牛欄段烏牛欄小段
8219,烏牛欄段田心子小段
8220,車路墘段車路墘小段
8221,車路墘段溝子墘小段
8222,北陽段
8223,向陽段
8224,中陽段
8225,陽明段
8226,博愛段
8227,東陽段
8228,豐東段
8229,綠山段
8230,南陽段
8231,安康段
8232,南村段
8233,慈興段
8234,東湳段
8235,大順段
8236,大仁段
8237,豐中段
8238,龍宮段
8239,西湳段
8240,豐洲段
8241,豐南段
8242,柑宅段
8243,豐田段
8244,鎮宮段
8245,福德段
8246,市政段
8247,育仁段
8248,三陽段
8249,三和段
8250,福陽段
8251,大洲段
8252,前寮段
8253,神工段
8254,十五庄段
8255,豐洲北段
8256,神岡段
8257,山皮段
8258,北庄段
8259,圳堵段
8260,新庄子段
8261,社口段
8262,大社段
8263,三角子段
8264,社南段
8265,建國段
8266,下溪洲段
8267,下溪洲段後壁厝小段
8268,望寮段
8269,圳前段
8270,福隆段
8271,厚生段
8272,林厝段
8273,神圳段
8274,順濟段
8275,神林段
8276,神洲段
8277,岸裡段
8278,大富段
8279,大社東段
8280,里城段
8281,舊圳段
8282,后里段
8283,后里段后里小段
8284,牛稠坑段七星小段
8285,牛稠坑段
8286,屯子腳段
8287,中和段
8288,舊社段
8289,圳寮段
8290,四塊厝段
8291,月眉段
8292,月眉段月眉小段
8293,七塊厝段
8294,中社段
8295,公館段
8296,新店段
8297,金城段
8298,義里段
8299,后義段
8300,泉州段
8301,后豐段
8302,后興段
8303,廣興段
8304,文明段
8305,文德段
8306,公安段
8307,墩南段
8308,文化段
8309,平安段
8310,民富段
8311,墩北段
8312,新公館段
8313,西岐段
8314,金華段
8315,致用段
8316,文化段
8317,德化段
8318,賢仁段
8319,奉化段
8320,奉仁段
8321,大甲段
8322,庄尾段
8323,山腳段頂山腳小段
8324,山腳段下山腳小段
8325,營盤口段
8326,社尾段社尾小段
8327,社尾段溪埔小段
8328,橫圳段
8329,番子寮段
8330,外水尾段
8331,後厝子段
8332,六塊厝段
8333,頂店段
8334,九張犁段九張犁小段
8335,九張犁段六股小段
8336,日南段
8337,五里牌段
8338,日南社段
8339,頂後厝子段
8340,銅安厝段
8341,新庄子段
8342,雙寮段
8343,西勢段
8344,船頭埔段
8345,甲嘉段
8346,甲惠段
8347,甲農段
8348,甲民段
8349,甲全段
8350,幼獅段
8351,朝陽段
8352,孔門段
8353,順天段
8354,平安段
8355,薰風段
8356,光明段
8357,新美段
8358,岷山段
8359,文武段
8360,雁門段
8361,和平段
8362,武曲段
8363,中山段
8364,幸福段
8365,南社段
8366,太白段
8367,日新段
8368,黎明段
8369,孟春段
8370,臨江段
8371,九張段
8372,新興段
8373,義水段
8374,義和段
8375,武陵段
8376,文曲段
8377,文安段
8378,福順段
8379,福德段
8380,福安段
8381,劍井段
8382,永信段
8383,新銅安厝段
8384,渭水段
8385,順帆段
8386,水美段
8387,甲東段
8388,東泰段
8389,新城段
8390,大東段
8391,上鐵山段
8392,下鐵山段
8393,六分段
8394,鐵砧山腳段
8395,磁磘段
8396,大甲東段
8397,內水尾段
8398,馬鳴埔段
8399,土城段
8400, 子段
8401,永豐段
8402,新六分段
8403,永吉段
8404,新磁磘段
8405,大同段
8406,二崁段
8407,三崁段
8408,上土城段
8409,下土城段
8410,蕃社段
8411,頂竹圍段
8412,中海段
8413,頂大安段
8414,下大安段
8415,三十甲段
8416,北汕段
8417,海墘厝段海墘厝小段
8418,海墘厝段大安港小段
8419,海墘厝段塭寮小段
8420,田心子段
8421,龜段
8422,溪州段
8423,牛埔段
8424,三塊厝段
8425,中庄段
8426,南庄段
8427,南埔段
8428,中勢尾段
8429,福興段
8430,松子段
8431,頂腳踏段
8432,下腳踏段
8433,安實段
8434,安行段
8435,安農段
8436,安地段
8437,安重段
8438,安劃段
8439,松雅段
8440,安中段
8441,頂庄段
8442,福東段
8443,南勢厝段
8444,東安段
8445,南安段
8446,新南埔段
8447,楊厝寮段楊厝寮小段
8448,吳厝北段
8449,甲南段
8450,頂湳段
8451,朝天段
8452,高美東段
8453,臨海段
8454,高美南段
8455,金皇段
8456,高美中段
8457,高南段
8458,高北段
8459,高西段
8460,清水段清水小段
8461,清水段西勢小段
8462,銀聯段
8463,槺郎段
8464,大突寮段大突寮小段
8465,大突寮段十塊寮小段
8466,秀水段秀水小段
8467,海濱段
8468,海濱段臨港小段
8469,高美段
8470,武秀段
8471,三塊厝段三塊厝小段
8472,三塊厝段菁埔小段
8473,三塊厝段頂湳子小段
8474,社口段社口小段
8475,四塊厝段
8476,田寮段田寮小段
8477,田寮段橋頭小段
8478,田寮段下湳子小段
8479,楊厝寮段海風小段
8480,三田段
8481,裕嘉段
8482,吳厝段吳厝小段
8483,吳厝段橋頭療小段
8484,中興段
8485,西寧段
8486,光華段
8487,紫雲段
8488,新興段
8489,鰲峰段
8490,菁埔北段
8491,楊厝段
8492,吳厝南段
8493,海風段
8494,菁埔南段
8495,下湳段
8496,朝興段
8497,東山段
8498,朝后段
8499,市鎮北段
8500,公正段
8501,沙鹿段沙鹿小段
8502,沙鹿段斗抵小段
8503,沙鹿段潭子墘小段
8504,鹿寮段
8505,北勢坑段北勢坑小段
8506,北勢坑段六路厝小段
8507,北勢坑段六埔小段
8508,竹林段竹林小段
8509,竹林段犁份小段
8510,公館段
8511,南勢坑段南勢坑小段
8512,南勢坑段埔子小段
8513,西勢寮段
8514,西勢段
8515,公館南段
8516,中清段
8517,晉江北段
8518,洛泉段
8519,英才段
8520,東英段
8521,明德段
8522,公館北段
8523,居仁段
8524,美仁段
8525,大同段
8526,市鎮南段
8527,梧棲段
8528,中港段
8529,民生段
8530,忠孝段
8531,南簡段
8532,大庄段大庄小段
8533,大庄段火燒橋小段
8534,仁愛段
8535,信義段
8536,和平段
8537,三民段
8538,民族段
8539,民權段
8540,鴨母寮段鴨母寮小段
8541,永安段
8542,港口段
8543,頂寮段
8544,下寮段
8545,西建段
8546,東建段
8547,安仁段
8548,文化段
8549,港加段
8550,頂街段
8551,福利段
8552,自治段
8553,大東段
8554,仁德段
8555,萬陵段
8556,大肚段
8557,追分段
8558,井子頭段井子頭小段
8559,井子頭段蔗篰小段
8560,溪州段
8561,王田段
8562,社腳段社腳小段
8563,社腳段山子頂小段
8564,汴子頭段山子腳小段
8565,文昌段
8566,台紙段
8567,山陽段
8568,榮華段
8569,中蔗段
8570,游園段
8571,自強段
8572,瑞井段
8573,慶順段
8574,遊園南段
8575,永順段
8576,新東段
8577,新興段
8578,龍井段竹坑小段
8579,龍井段龍井小段
8580,新庄子段新庄子小段
8581,新庄子段南寮小段
8582,山腳段
8583,福麗段
8584,龍津段
8585,龍目井段龍目井小段
8586,龍目井段水師寮小段
8587,龍目井段水裡社小段
8588,三德段
8589,忠和段
8590,竹泉段
8591,茄投段
8592,龍田段
8593,中山段
8594,田水段
8595,藝術段
8596,南寮段
8597,東海段
8598,遊園北段
8599,遠東段
8600,東園段
8601,新庄段
8602,新合作段
8603,泰昌段
8604,文昌段
8605,義渡段
8606,東安段
8607,延平段
8608,興隆段
8609,東新段
8610,東勢段東勢小段
8611,東勢段上新小段
8612,東勢段下新小段
8613,東勢段石角小段
8614,東勢段中嵙小段
8615,校栗埔段上校栗埔小段
8616,校栗埔段下校栗埔小段
8617,石圍墻段石圍墻小段
8618,石圍墻段埤頭山小段
8619,石壁坑段
8620,新伯公段新伯公小段
8621,新伯公段上城小段
8622,新伯公段下城小段
8623,新伯公段番社小段
8624,大茅埔段
8625,互助段
8626,合作段
8627,新盛段
8628,興林段
8629,詒福段
8630,詒新段
8631,保民段
8632,慶安段
8633,羊崎段
8634,和興段
8635,新成段
8636,高簡段
8637,福興段
8638,中山段
8639,六合段
8640,仙師段
8641,復興段
8642,民誠段
8643,下新段
8644,新互助段
8645,吊神山段
8646,神木段
8647,食水嵙段
8648,中正段
8649,糖廍段
8650,新安段
8651,國校段
8652,新農段
8653,新中段
8654,復盛段
8655,月湖段
8656,新社段新社小段
8657,新社段食水嵙小段
8658,新社段山頂小段
8659,新社段復盛小段
8660,七分段七分小段
8661,七分段十分小段
8662,七分段水井子小段
8663,大南段大南小段
8664,大南段番社嶺小段
8665,水底寮段上水底寮小段
8666,水底寮段下水底寮小段
8667,鳥銃頭段
8668,馬力埔段
8669,永居湖段
8670,二櫃段
8671,三友部段
8672,崑山段
8673,龍安段
8674,萬興段
8675,新崗尾段
8676,新萬安段
8677,新長庚段
8678,新金星段
8679,新廣興段
8680,新萬興段
8681,新梅子段
8682,新國校段
8683,新德興段
8684,崁子下段
8685,南眉段
8686,石岡段石岡小段
8687,石岡段金星面小段
8688,石岡段九房厝小段
8689,仙塘坪段
8690,社寮角段社寮角小段
8691,社寮角段梅子樹腳小段
8692,土牛段土牛小段
8693,土牛段南眉小段
8694,土牛段崁子下小段
8695,岡尾段
8696,萬安段
8697,長庚段
8698,金星段
8699,廣興段
8700,梅子段
8701,國校段
8702,德興段
8703,八寶圳段
8704,合歡溪段
8705,白毛山段
8706,長興段
8707,東卯段
8708,鞍馬溪段
8709,火石段
8710,唐呂段
8711,十文溪段
8712,西川段
8713,天池段
8714,七棟寮段
8715,百川段
8716,出雲山段
8717,達盤段
8718,大木段
8719,仁壽段
8720,興隆段
8721,四季段
8722,池有段
8723,羅葉尾段
8724,有勝段
8725,南湖段
8726,中央段
8727,羅閑段
8728,無名段
8729,們山段
8730,南勢段
8731,博愛段
8732,谷關段
8733,達見段
8734,青山段
8735,佳陽段
8736,梨山段
8737,松茂段
8738,環山段
8739,志良段
8740,勝光段
8741,七家灣段
8742,思源段
8743,武陵段
8744,福壽山段
8745,雙崎段
8746,白毛段
8747,達觀段
8748,雪山段
8749,埋伏坪社段
8750,黑田段
8751,七卡段
8752,桃山段
8753,松嶺段
8754,松盧段
8755,龍谷段
8756,小雪山段
8757,鞍馬山段
8758,新山段
8759,佳保段
8760,自由段
8761,後寮山段
8762,苗圃段
8763,阿冷段
8764,光明段
8765,劍山段
8766,釜碗段
8767,壩新段
8768,三錐段
8769,大雪山段
8770,裡冷段
8771,沙蓮溪段
8772,天輪段
8773,育苗段
8774,崑崙段
8775,中坑段
8776,八仙山段
8777,雪山坑段
8778,烏石坑段
8779,觀音溪段
8780,白鹿段
8781,稍來段
8782,摩天嶺段
8783,橫流溪段
8784,裡冷溪段
8785,東卯溪段
8786,大雅段
8787,埔子墘段
8788,上橫山段
8789,下橫山段
8790,上員林段
8791,下員林段
8792,四塊厝段
8793,六張犁段
8794,十三寮段
8795,花眉段
8796,西員寶段
8797,橫山段
8798,馬岡段
8799,上楓段
8800,三和段
8801,四德段
8802,自立段
8803,自強段
8804,民生段
8805,大榮段
8806,學雅段
8807,大明段
8808,永興段
8809,中山段
8810,雅潭段
8811,四維段
8812,科雅段
8813,東寶六段
8814,中興段
8815,頭家段
8816,家福段
8817,中山段
8818,大富段
8819,大德段
8820,潭子段
8821,甘蔗崙段
8822,校栗林段
8823,東員寶段
8824,瓦 子段
8825,茄荎角段
8826,頭家厝段
8827,大埔厝段大埔厝小段
8828,大埔厝段牛埔子小段
8829,聚興段
8830,聚興段新興小段
8831,潭北段
8832,潭秀段
8833,潭陽段
8834,石牌段
8835,潭興段
8836,復興段
8837,聖宮段
8838,大新段
8839,甘潭段
8840,栗林段
8841,祥和段
8842,安和段
8843,潭富段
8844,工區段
8845,興華段
8846,僑忠段
8847,華泰段
8848,嘉仁段
8849,嘉豐段
8850,東寶一段
8851,東寶二段
8852,東寶五段
8853,摘星段
8854,大豐段
8855,東寶三段
8856,東寶七段
8857,家興段
8858,頭張段
8859,弘富段
8860,溪南西段
8861,溪尾北段
8862,溪尾南段
8863,重建段
8864,重建段
8865,烏日段
8866,九張犁段
8867,頭前厝段
8868,學田段
8871,五張犁段
8872,阿密哩段
8873,蘆竹湳段
8874,溪心壩段
8875,喀哩段
8876,同安厝段
8877,溪南東段
8878,螺潭段
8879,北里段
8880,九如段
8881,九德段
8882,中華段
8883,自立段
8884,仁德段
8885,信義段
8886,興祥段
8887,三民段
8888,自治段
8889,光日段
8890,湖日段
8891,山頂段
8892,成功嶺段
8893,便行段
8894,中山段
8895,高鐵段
8896,站南段
8897,三和段
8898,榮和段
8899,榮泉段
8900,長壽段
8901,新三和段
8902,新站南段
8903,新長壽段
8904,新高鐵段
8905,新榮泉段
8906,新榮和段
8907,丁台三段
8908,農試所段
8909,舊正東段
8910,桐林段
8911,霧工段
8912,南柳段
8913,北柳南段
8914,新厝段
8915,萬豐段
8916,文化段
8917,錦州段
8918,育德段
8919,柳樹湳段
8920,丁台段丁台小段
8921,丁台段南勢小段
8922,吳厝段
8923,萬斗六段
8924,萬斗六段六股小段
8925,北勢段
8926,北柳段
8927,天時段
8928,地利段
8929,人和段
8930,峰東段
8931,峰西段
8932,峰南段
8933,峰北段
8934,霧峰段霧峰小段
8935,霧峰段北溝小段
8936,霧峰段坑口小段
8937,吉峰段
8938,中正段
8939,新生段
8940,峰谷段
8941,豐正段
8942,舊正西段
8943,南勢東段
8944,南勢西段
8945,新六股段
8946,五福北段
8947,五福南段
8948,大圳頭段
8949,丁台一段
8950,五福段
8951,新埔段
8952,四德段
8953,丁台二段
8954,健民段
8955,練武段
8956,仁城段
8957,振坤段
8958,福興段
8959,樹王段
8960,大峰段
8961,中興段
8962,中興段
8963,大里段
8964,內新段
8965,涼傘樹段
8966,大突寮段
8967,詹厝園段
8968,草湖段
8969,塗城段
8970,番子寮段
8971,番子寮段健仁小段
8972,新仁段
8973,新義段
8974,長春段
8975,東湖段
8976,南湖段
8977,成功段
8978,金城段
8979,仁化段
8980,武德段
8981,東城段
8982,向學段
8983,瑞城段
8984,北新段
8985,東榮段
8986,東興段
8987,鳳凰段
8988,立仁段
8989,公教段
8990,日新段
8991,大忠段
8992,大孝段
8993,大仁段
8994,大義段
8995,喬城段
8996,吉隆段
8997,崇光段
8998,西榮段
8999,合信段
9000,華城段
9001,立新段
9002,福大段
9003,新光段
9004,益民段
9005,大元段
9006,國中段
9007,西湖北段
9008,西湖南段
9009,德芳段
9010,大衛段
9011,萬安段
9012,光正段
9013,美群段
9014,仁美段
9015,新甲段
9016,舊街段
9017,福德段
9018,夏田西段
9019,夏田東段
9020,豐中段
9021,育賢段
9022,新興段
9023,皇帝筍坑段
9024,振興段
9025,新福段
9026,振福段
9027,樹德段
9028,內湖段
9029,茶寮段
9030,福隆段
9031,頂坪段
9032,興隆段
9033,光興段
9034,廣隆段
9035,七星段
9036,永隆段
9037,新德隆段
9038,樹孝段
9039,宜欣段
9040,欣欣段
9041,瑞欣段
9042,平欣段
9043,太平段
9044,三汴段
9045,番子路段
9046,頭汴坑段
9047,車籠埔段車籠埔小段
9048,車籠埔段黃竹坑小段
9049,忠平段
9050,孝平段
9051,仁平段
9052,愛平段
9053,信平段
9054,義平段
9055,和平段
9056,福平段
9057,壽平段
9058,中邑段
9059,光隆段
9060,永成段
9061,福星段
9062,長憶段
9063,福德段
9064,永新段
9065,合利段
9066,永豐段
9067,福利段
9068,光華段
9069,麗園段
9070,長安段
9071,萬福段
9072,光明段
9073,坪林段
9074,洪厝段
9075,吉祥段
9076,中華段
9077,勤益段
9078,大源段
9079,中山段
9080,中興段
9081,東和段
9082,新坪段
9083,東平段
9084,溪洲段
9085,石苓湖段
9086,新光段
9087,新高段
9088,塔湖段
9089,德興段
9090,永憶段
9091,振文段
9092,大興段
9093,營盤口段
9094,新小半山段
9095,新草尾嶺段
9096,首區段
9097,鳳山段
9098,樟普寮段
9099,營南段
9100,福溪段
9101,福順段
9102,福德段
9103,福助段
9104,南勢段
9105,南鄉段
9106,千秋段
9107,軍功段
9108,南投段
9109,牛運堀段
9110,三塊厝段
9111,茄苳腳段
9112,包尾段
9113,東施厝坪段
9114,半山段
9115,林子段
9116,林子段南崗小段
9117,小半山段
9118,草尾嶺段
9119,軍功寮段
9120,光復段
9121,內轆段
9122,大埤段
9123,光輝段
9124,西施厝坪段西施厝坪小段
9125,西施厝坪段樟普寮小段
9126,新生段
9127,大崗段
9128,南山段
9129,嘉和段
9130,內新段
9131,光大段
9132,光華段
9133,光榮段
9134,光明段
9135,光興段
9136,新段
9137,內興段
9138,福興段
9139,華新段
9140,建興段
9141,永興段
9142,新豐段
9143,永新段
9144,成功段
9145,牛運堀段文林小段
9146,名竹段
9147,新赤水段
9148,南大庄段
9149,新廍下段
9150,出林虎段
9151,新街段
9152,田子段
9153,大庄段
9154,名間段
9155,濁水段
9156,炭寮段
9157,皮子寮段
9158,赤水段
9159,弓鞋段
9160,松柏坑段
9161,頂新厝段
9162,廍下段
9163,吳厝段
9164,名山段
9165,名水段
9166,名松段
9167,南雅段
9168,小崎段
9169,番子寮段
9170,下新厝段
9171,過坑段
9172,埔中段
9173,新厝段
9174,外埔段
9175,崁頂段
9176,南松嶺段
9177,新光段
9178,北田子段
9179,北大庄段
9180,新民段
9181,虎子坑段
9182,南田子段
9183,竹圍段
9184,北松嶺段
9185,東新厝段
9186,新北段
9187,新南段
9188,田寮段
9189,萬丹段
9190,東仁段
9191,仁和段
9192,車頭段
9193,同源段
9194,新大庄段
9195,新弓鞋段
9196,三崙段
9197,爽文段
9198,長安段
9199,永昌段
9200,愛鄉段
9201,義民段
9202,仙鹿段
9203,永芳段
9204,八杞仙段
9205,後寮段
9206,鄉親寮段
9207,永樂段
9208,福山段
9209,中寮段
9210,二重溪段
9211,分水寮段
9212,龍眼林段
9213,先驅段
9214,清水段
9215,金瓜寮坑段
9216,雙龍段
9217,碧峰段
9218,北投堡段
9219,水汴頭段
9220,南坪段
9221,新南坪段
9222,祥和段
9223,溪洲段
9224,屯園段
9225,頂崁段
9226,中原段
9227,溪底段
9228,北勢段
9229,茄荖山段
9230,同德段
9231,新永安段
9232,新御史段
9233,新僑光段
9234,新富功段
9235,新富仁段
9236,新富寮段
9237,頂園段
9238,新豐段
9239,大堀段
9240,草屯段
9241,新庄段
9242,山腳段
9243,中興段
9244,牛屎崎段
9245,坪頂段
9246,北投埔段
9247,番子田段
9248,雙冬段雙冬小段
9249,雙冬段平林小段
9250,南埔段
9251,新光段
9252,北勢湳段
9253,光華段
9254,上林段
9255,頂茄荖段
9256,月眉厝段
9257,和平段
9258,匏子寮段
9259,林子頭段
9260,石頭埔段
9261,日新段
9262,新興段
9263,北投段
9264,新厝段
9265,建興段
9266,虎山段
9267,府西段
9268,永安段
9269,御史段
9270,僑光段
9271,將軍段
9272,富功段
9273,富仁段
9274,富寮段
9275,青宅段
9276,新埔段
9277,北投埔段復興小段
9278,隘寮段
9279,玉峰段
9280,草鞋墩段
9281,平西段
9282,新雙冬段
9283,保安段
9284,土城段
9285,龍德段
9286,新虎山段
9287,平東段
9288,新屋段
9289,炎峰段
9290,九九峰段
9291,明賢段
9292,復興段
9293,豐崙段
9294,加老段
9295,牛尾段
9296,玉門關段
9297,姊妹段
9298,虎頭山段
9299,蜈蚣崙段
9300,新生段
9301,坪仔頂段
9302,麒麟段
9303,東潤段
9304,東埔段
9305,慈恩段
9306,竹圍段
9307,梅林段
9308,北環段
9309,北澤段
9310,育英段
9311,民生段
9312,籃城段
9313,紅瓦厝段
9314,双吉段
9315,八股段
9316,大瑪璘段
9317,愛蘭段
9318,九芎林段
9319,中峰段
9320,安湳段
9321,榮光段
9322,鯉魚潭段
9323,虎子山段
9324,犁頭尖段
9325,文頭股段
9326,寶湖窟段
9327,埔里段埔里小段
9328,埔里段梅子腳小段
9329,埔里段茄苳腳小段
9330,埔里段東門小段
9331,埔里段北門小段
9332,埔里段信義小段
9333,埔里段五十甲小段
9334,埔里段中華小段
9335,大肚城段
9336,枇杷城段
9337,珠子山段
9338,桃米坑段
9339,生蕃空段
9340,烏牛欄段
9341,房里段
9342,牛相觸段
9343,牛眠山段
9344,水尾段
9345,福興段
9346,史港坑段
9347,小埔坑段
9348,大湳段
9349,水頭段
9350,關刀山段
9351,西塔山段
9352,南光段
9353,仁愛段
9354,光榮段
9355,光明段
9356,南興段
9357,和平段
9358,忠孝段
9359,忠心段
9360,忠言段
9361,忠貞段
9362,忠良段
9363,忠信段
9364,忠義段
9365,忠實段
9366,獅仔頭段
9367,乾溪段
9368,牛眠段
9369,虎仔耳段
9370,八德段
9371,南平段
9372,坑內段
9373,共勵園段
9374,溪南段
9375,珠格段
9376,水源段
9377,四角城段
9378,南村段
9379,大坪頂段
9380,三條崙段
9381,凌霄段
9382,內埔段
9383,中峰段湳興小段
9384,蓮華池段
9385,向天段
9386,內加道段
9387,公林段
9388,巴士朗段
9389,水社尾段
9390,溪源段
9391,葫蘆崙段
9392,朝霧段
9393,武登段
9394,乾溪段
9395,興池段
9396,新興段
9397,明潭段
9398,魚池段
9399,長寮段
9400,大林段
9401,司馬按段
9402,木屐囒段
9403,加道坑段
9404,鹿篙段
9405,新城段
9406,山楂腳段
9407,茅埔段
9408,貓囒段
9409,水社段
9410,頭社段
9411,銃櫃段
9412,大雁段
9413,東池段
9414,中池段
9415,內池段
9416,鹿寮坑段
9417,五城段
9418,頂社段
9419,金龍段
9420,圓山段
9421,北旦段
9422,番仔田段
9423,火培坑段
9424,向山段
9425,青龍段
9426,竹湖段
9427,阿里眉段
9428,中明段
9429,有水段
9430,平和段
9431,內凹仔段
9432,魚池尖段
9433,種瓜坑段
9434,小冷坑段
9435,北原段
9436,仙洞指段
9437,黑樹林段
9438,風吹下段
9439,大石股段
9440,水波流段
9441,國姓段
9442,龜子頭段
9443,柑子林段
9444,墘溝段
9445,水長流段
9446,北港溪段
9447,北山坑段
9448,五棚坑段
9449,大坪段
9450,埔源段
9451,廣源段
9452,南港段
9453,石門段
9454,中興段
9455,成功段
9456,龜溝段
9457,福龜段
9458,福斗段
9459,双福段
9460,昌榮段
9461,崁斗段
9462,大冷坑段
9463,頭溪段
9464,大冷坑段
9465,尾敏山南段
9466,卓社段
9467,卡度段
9468,翠華段
9469,南東眼山段
9470,賽德克段
9471,屯原段
9472,碧湖段
9473,高峰段
9474,松林段
9475,親愛段
9476,法治段
9477,扎邦段
9478,蘆山段
9479,靜觀段
9480,紅香段
9481,發祥段
9482,瑞岩段
9483,翠巒段
9484,望洋段
9485,曲冰段
9486,武界段
9487,泉南段
9488,中原段
9489,華岡段
9490,合歡溪段
9491,眉溪段
9492,眉原段
9493,守城大山段
9494,霧社段
9495,大同段
9496,幼獅段
9497,春陽段
9498,東眼山段
9499,過坑段
9500,萬大段
9501,平靜段
9502,松岡段
9503,清流段
9504,守城段
9505,惠蓀段
9506,惠南段
9507,惠中段
9508,惠東段
9509,武令段
9510,翠峰段
9511,天池段
9512,奧萬大段
9513,鳶峰段
9514,南山溪段
9515,鬼仔坑段
9516,楓仔林段
9517,本部溪段
9518,大尖山段
9519,太魯閣段
9520,奇萊段
9521,雲海段
9522,能高北段
9523,能高南段
9524,奧北段
9525,松風嶺段
9526,奧東段
9527,檜林段
9528,奧南段
9529,奧西段
9530,萬峰段
9531,栗源段
9532,清水溪段
9533,栗栖溪段
9534,香杉林段
9535,卓社山段
9536,楊岸溪段
9537,尾敏山段
9538,尾敏溪段
9539,基隆山段
9540,九仙溪段
9541,帖比倫段
9542,三錐山段
9543,卯木山段
9544,碧綠段
9545,西合歡段
9546,松雪段
9547,東高山段
9548,麻加拉路段
9549,白狗南山段
9550,尾敏溪南段
9551,眉原山段
9552,北東眼山段
9553,木蘭段
9554,梅松段
9555,小出段
9556,石盤坑段
9557,南山段
9558,圳頭段
9559,紫南段
9560,中州段
9561,中和段
9562,前山段
9563,中崎段
9564,社崇段
9565,南雲段
9566,溫水段
9567,和興段
9568,溪尾段
9569,保生段
9570,延正段
9571,照鏡段
9572,平正段
9573,沙東段
9574,東鄉段
9575,東興段
9576,安平段
9577,枋平段
9578,桂南段
9579,嶺頂段
9580,延祥段
9581,吉祥段
9582,安定段
9583,延和段
9584,鹿山段
9585,延吉段
9586,成功段
9587,延平段
9588,桂北段
9589,桂林段
9590,秀林段
9591,仁德段
9592,大統段
9593,仙公段
9594,杉林溪段
9595,烏松坑段
9596,中山段
9597,中正段
9598,雲林段
9599,菩提段
9600,埔頭段
9601,竹山段
9602,竹圍子段竹圍子小段
9603,竹圍子段
9604,竹圍子段下坪小段
9605,下崁段枋寮子小段
9606,下崁段柯子坑小段
9607,下崁段和溪厝小段
9608,下崁段車店子小段
9609,香員腳段
9610,江西林段江西林小段
9611,江西林段東埔蚋小段
9612,江西林段藤湖小段
9613,豬頭棕段
9614,大坑段大坑小段
9615,大坑段頂林小段
9616,大坑段中心崙小段
9617,埔心子段
9618,大鞍段
9619,社寮段
9620,後埔子段後埔子小段
9621,後埔子段溪州子小段
9622,後埔子段水車小段
9623,筍子林段筍子林小段
9624,筍子林段鹿子坑小段
9625,勞水坑段
9626,桶頭段
9627,山坪頂段
9628,福興段
9629,田子段
9630,鯉魚尾段
9631,圓山段
9632,番子田段
9633,坪林段
9634,獅頭段
9635,德興段
9636,鯉魚段
9637,隆鳳段
9638,新鹿谷段
9639,頂城段
9640,石城段
9641,新內湖段
9642,鹿谷段鹿谷小段
9643,鹿谷段新寮小段
9644,小半天段
9645,內樹皮段
9646,大水窟段
9647,車輄寮段車輄寮小段
9648,車輄寮段內湖小段
9649,番子寮段
9650,大丘園段
9651,坪子頂段
9652,初鄉段
9653,溪頭段
9654,溪平段
9655,鳳凰段
9656,田底段
9657,秀峰段
9658,瑞田段
9659,新和段
9660,仁義段
9661,彰雅段
9662,鹿彰段
9663,興產段
9664,廣興段
9665,頂堀段
9666,新初鄉段
9667,集集段集集小段
9668,集集段雞籠山小段
9669,柴橋頭段柴橋頭小段
9670,柴橋頭段洞角小段
9671,柴橋頭段吳厝小段
9672,柴橋頭段北勢坑小段
9673,林尾段
9674,隘寮段
9675,廣明段
9676,八張段
9677,文昌段
9678,玉映段
9679,營子段
9680,環山段
9681,和平段
9682,中溝段
9683,山腳段
9684,林興段
9685,龍泉段
9686,大山段
9687,南隘寮段
9688,田寮段
9689,新車埕段
9690,明潭段
9691,新山段
9692,社子段
9693,郡坑段
9694,牛輼轆段
9695,龜子頭段
9696,拔社埔段
9697,新城段
9698,水里段
9699,城中段
9700,鉅工段
9701,南光段
9702,永豐段
9703,南湖段
9704,玉峰段
9705,坪林段
9706,興隆段
9707,北埔段
9708,風空段
9709,車埕段
9710,新興段
9711,上安段
9712,民和段
9713,頂崁段
9714,觀高段
9715,龍嶺段
9716,合流段
9717,人和西段
9718,三十甲段
9719,彩虹段
9720,崁脚寮段
9721,六順天段
9722,丹大段
9723,天南段
9724,丹巒段
9725,三分所段
9726,石公段
9727,信義段
9728,人倫段
9729,內茅埔段
9730,明德段
9731,豐丘段
9732,羅娜段
9733,人和段
9734,潭南段
9735,青雲段
9736,雙龍段
9737,東埔段
9738,望美段
9739,沙里仙段
9740,地利段
9741,東龍段
9742,同富段
9743,坪瀨段
9744,風斗段
9745,愛國段
9746,牛稠段
9747,亞杉段
9748,阿里段
9749,和社段
9750,松山段
9751,神木段
9752,桐林段
9753,鞍部段
9754,玉山段
9755,樂樂段
9756,八通段
9757,北山段
9758,巴奈伊段
9759,大水窟段
9760,達芬段
9761,東巒段
9762,大郡段
9763,無雙段
9764,駒盆段
9765,巒大北段
9766,巒大南段
9767,治卯東段
9768,治卯西段
9769,治卯南段
9770,治卯北段
9771,望鄉東段
9772,望鄉西段
9773,十八層段
9774,郡東段
9775,卓社段
9776,北丹大段
9777,卡社北段
9778,卡社南段
9779,農富坪段
9780,卡社西段
9781,潭南東段
9782,庫斯段
9783,南郭段坑子內小段
9784,桃源段
9785,鳳山段
9786,平和段
9787,磚磘段
9788,竹巷段
9789,新快官段
9790,石牌段
9791,福田段
9792,竹中段
9793,茄苳段
9794,泰和段
9795,三民段
9796,成功段
9797,中華段
9798,民生段
9799,中山段
9800,孔門段
9801,民族段
9802,民權段
9803,南興段
9804,延平段
9805,延和段
9806,彰化段西門小段
9807,南郭段南郭小段
9808,南門口段
9809,大埔段
9810,西勢子段西勢子小段
9811,西勢子段過溝子小段
9812,牛稠子段牛稠子小段
9813,牛稠子段中庄子小段
9814,牛稠子段下部小段
9815,牛稠子段山腳小段
9816,阿夷段阿夷小段
9817,阿夷段茄苳腳小段
9818,阿夷段寶廓小段
9819,阿夷段柴坑子小段
9820,大竹段大竹小段
9821,大竹段安溪寮小段
9822,渡船頭段渡船頭小段
9823,渡船頭段山寮小段
9824,番社口段番社口小段
9825,番社口段牛埔子小段
9826,田中央段
9827,快官段
9828,莿桐段
9829,彰興段
9830,萬興段
9831,香山段
9832,台鳳段
9833,廣鳳段
9834,聯興段
9835,線東段
9836,福元段
9837,福竹段
9838,福山段
9839,古寶段
9840,三村段
9841,聖安段
9842,彰泰段
9843,安溪段
9844,金馬段
9845,古夷段
9846,東芳段
9847,新莿桐段
9848,秀水段
9849,復興段
9850,馬興段
9851,馬鳴段
9852,西興段
9853,東興段
9854,埔崙段
9855,曾厝段
9856,下崙段
9857,合興段
9858,金興段
9859,陝西段
9860,灣東段
9861,福德段
9862,北白沙坑段
9863,北口段
9864,南白沙坑段
9865,花壇段
9866,花壇段花壇小段
9867,花壇段中庄小段
9868,花壇段金屯小段
9869,口庄段
9870,口庄段口庄小段
9871,口庄段崙子頂小段
9872,橋子頭段橋子頭小段
9873,橋子頭段內庄小段
9874,橋子頭段灣子口小段
9875,三家春段
9876,白沙坑段
9877,橋頭段
9878,長沙段
9879,學前段
9880,華南段
9881,南口段
9882,明德段
9883,中正段
9884,燕霧段
9885,溪北段
9886,溪南段
9887,新內庄段
9888,新灣子口段
9889,新中庄段
9890,新三家春段
9891,新金墩段
9892,福岩段
9893,三家段
9894,忠孝段
9895,新芬園段
9896,新舊社段
9897,圳墘段
9898,溪頭段
9899,芬園段
9900,舊社段
9901,社口段
9902,縣庄段
9903,同安寮段
9904,下茄荖段
9905,嘉興段
9906,嘉北段
9907,茄荖段
9908,竹林段
9909,民族段
9910,新縣庄段
9911,清水段
9912,德興段
9913,富山段
9914,楓坑段
9915,福澤段
9916,湖潭段
9917,和厝段
9918,糖友段
9919,竹園段
9920,和東段
9921,和西段
9922,和南段
9923,和北段
9924,和中段
9925,竹營段
9926,番雅溝段
9927,頭前寮段
9928,大霞田段
9929,月眉段
9930,七張犁段
9931,仁和段
9932,仁愛段
9933,嘉犁段嘉犁小段
9934,嘉犁段詔安錯小段
9935,柑子井段柑子井小段
9936,柑子井段竹子腳小段
9937,新庄子段
9938,中寮段中寮小段
9939,中寮段竹圍子小段
9940,塗厝厝段塗厝厝小段
9941,塗厝厝段嘉寶潭小段
9942,大嘉段
9943,大霞段
9944,大榮段
9945,大雅段
9946,和興段
9947,新賢段
9948,新發段
9949,新盛段
9950,嘉安段
9951,嘉詔段
9952,嘉慶段
9953,忠孝段
9954,忠明段
9955,和美段
9956,中圍段
9957,柑竹段
9958,和群段
9959,中寮北段
9960,順天段
9961,福馬段
9962,嘉寶段
9963,宏濱段
9964,重興段
9965,建興段
9966,德興段
9967,中興段
9968,西海段
9969,富貴段
9970,線興段
9971,復興段
9972,西興段
9973,線西段線西小段
9974,線西段寓埔小段
9975,下犁段
9976,重振段
9977,重光段
9978,頂犁段
9979,十五張犁段
9980,頂庄段
9981,伸新段
9982,新興段
9983,福安段
9984,福新段
9985,福泉段
9986,興安段
9987,永慶段
9988,伸股段
9989,新港段
9990,泉州厝段
9991,埤子墘段埤子墘小段
9992,埤子墘段汴頭小段
9993,溪底段
9994,伸港段
9995,泉州段
9996,伸東段
9997,伸南段
9998,伸中段
9999,伸仁段
10000,伸光段
10001,伸榮段
10002,伸海段
10003,全興段
10004,伸興段
10005,伸同段
10006,頂厝段崙子頂小段
10007,崑崙段
10008,山崙段
10009,鹿崙段
10010,鹿洋段
10011,建國段
10012,鹿東段
10013,鹿工段
10014,崙尾段
10015,鹿昇段
10016,鹿安段
10017,鹿港段
10018,鹿港段和興小段
10019,鹿港段大有口小段
10020,鹿港段菜市頭小段
10021,鹿港段新興小段
10022,東昇段
10023,頂厝段
10024,永安段
10025,永福段
10026,南勢段
10027,振興段
10028,頂番婆段
10029,草港中段
10030,草尾港段
10031,海埔厝段
10032,海埔厝段海埔厝小段
10033,海埔厝段洋子厝小段
10034,顏厝段
10035,顏厝段顏厝小段
10036,溝墘段
10037,鹿海段
10038,崙海段
10039,草港段
10040,頂和段
10041,鹿德段
10042,鹿興段
10043,鹿和段
10044,鹿盛段
10045,鹿福段
10046,龍山段
10047,郭厝段
10048,玉順段
10049,埔崙段
10050,順興段
10051,景福段
10052,洛津段
10053,新宮段
10054,東石段
10055,文開段
10056,上林段
10057,鹿鳴段
10058,鹿草段
10059,鹿鳳段
10060,鹿犁段
10061,鹿雅段
10062,海埔段
10063,洋厝段
10064,鹽埕段
10065,鹽埔段
10066,學子段
10067,永興段
10068,社尾段
10069,浮景段
10070,新社段
10071,新厝段
10072,新溝段
10073,管厝段
10074,粘厝段
10075,新生段
10076,洪堀寮段
10077,洪堀寮段
10078,中興段
10079,永豐段
10080,大興段
10081,三元段
10082,橋頭段
10083,外中段
10084,三豐段
10085,元興段
10086,秀安段
10087,文昌段
10088,福興段
10089,管嶼厝段
10090,管嶼厝段麥嶼厝小段
10091,管嶼厝段粘厝小段
10092,鎮平段
10093,鎮平段鎮平小段
10094,外埔段
10095,番社段
10096,大崙段
10097,菜園角段
10098,菜園角段菜園角小段
10099,菜園角段西勢小段
10100,福龍段
10101,福橋段
10102,福園段
10103,福鹿段
10104,福新段
10105,福南段
10106,福寶段
10107,福金段
10108,福安段
10109,新萬年段
10110,大明段
10111,饒明段
10112,員南段
10113,出水段
10114,大峰段
10115,中東段
10116,員草段
10117,湖水段
10118,新南東段
10119,三多段
10120,和平段
10121,靜修段
10122,新生段
10123,惠安段
10124,水源段
10125,鎮興段
10126,新員水段
10127,新崙雅段
10128,圳南段
10129,南潭段
10130,三橋段
10131,南平段
10132,南平段南平小段
10133,南平段大埔厝小段
10134,莒光段
10135,田中央段田中央小段
10136,田中央段溝皂小段
10137,三條圳段三條圳小段
10138,三條圳段十七份小段
10139,惠來段
10140,西東段
10141,南東段
10142,員東段
10143,中州段
10144,百果山段
10145,員水段
10146,林厝段
10147,崙雅段
10148,員林段
10149,東瓦磘厝段
10150,三塊厝段
10151,東山段
10152,湖水坑段
10153,柴頭井段
10154,番子崙段
10155,萬年段
10156,大饒段
10157,地政段
10158,仁愛段
10159,三和段
10160,三條段
10161,溝皂段
10162,中山段
10163,黎明段
10164,民生段
10165,益民段
10166,豐年段
10167,明倫段
10168,南興段
10169,源潭段
10170,大埔段
10171,東北段
10172,復興段
10173,僑愛段
10174,僑信段
10175,惠農段
10176,至善段
10177,三義段
10178,新中州段
10179,新林厝段
10180,新西東段
10181,新東山段
10182,香山段
10183,中央段
10184,鎮安段
10185,鎮北段
10186,慈祥段
10187,茄苳段
10188,大村段
10189,擺塘段
10190,過溝段
10191,埤子頭段
10192,茄苳林段
10193,加錫段
10194,大崙段大崙小段
10195,大崙段小三角潭小段
10196,蓮花池段蓮花池小段
10197,蓮花池段港尾小段
10198,黃厝段黃厝小段
10199,黃厝段犁頭厝小段
10200,美港段
10201,上美段
10202,村上段
10203,南勢段
10204,大庄段
10205,大田段
10206,貢旗段
10207,江夏段
10208,慶安段
10209,平和段
10210,福興段
10211,大西段
10212,新興段
10213,黃厝段
10214,源聖段
10215,新埤子頭段
10216,犁頭厝段
10217,港新段
10218,興寧段
10219,五汴段
10220,港西段
10221,四芳段
10222,福中段
10223,竹子段
10224,湳墘段
10225,同安段
10226,永靖段
10227,陳厝厝段
10228,湳港西段
10229,崙子段
10230,永福段
10231,永興段
10232,東寧段
10233,浮圳段
10234,湳港舊段
10235,同安宅段同安宅小段
10236,同安宅段湳墘小段
10237,同安宅段四塊厝小段
10238,五汴頭段五汴頭小段
10239,五汴頭段瑚璉小段
10240,竹子腳段竹子腳小段
10241,竹子腳段福興小段
10242,獨鰲段獨鰲小段
10243,獨鰲段崙子尾小段
10244,永中段
10245,永發段
10246,永安段
10247,永北段
10248,永南段
10249,永泰段
10250,永豐段
10251,永昌段
10252,永美段
10253,新崙子段
10254,田林段
10255,新太平段
10256,田中段田中小段
10257,田中段三塊厝小段
10258,田中段
10259,大紅毛社段
10260,卓乃潭段
10261,普興段
10262,內灣段
10263,大平段
10264,內三塊厝段
10265,大新段
10266,外三塊厝段
10267,大社段
10268,新工段
10269,中興段
10270,中新段
10271,中央段
10272,中德段
10273,中賢段
10274,中山段
10275,中正段
10276,新民段
10277,大安段
10278,中南段
10279,香山段
10280,復興段
10281,民光段
10282,崁頂段
10283,太平段
10284,文武段
10285,東源段
10286,大崙段
10287,興酪段
10288,新興段
10289,新外三段
10290,高鐵段
10291,中州段
10292,月眉段
10293,社林段
10294,新厝段
10295,新山清段
10296,新埤清段
10297,社頭段
10298,石頭公段
10299,崙雅段
10300,許厝寮段
10301,舊社段
10302,湳雅段
10303,枋橋頭段
10304,湳底段湳底小段
10305,湳底段新厝子小段
10306,張厝段
10307,湳東段
10308,湳西段
10309,社張段
10310,東興段
10311,新社段
10312,社興段
10313,廣興段
10314,社中段
10315,保黎段
10316,映山段
10317,仁雅段
10318,里仁段
10319,山清段
10320,埤清段
10321,仁美段
10322,橋頭段
10323,社石段
10324,山腳段
10325,新雅段
10326,高鐵社頭段
10327,水林段
10328,新十五段
10329,新過圳段
10330,裕民段
10331,修仁段
10332,二水段
10333,鼻子頭段
10334,十五段
10335,大丘園段
10336,過圳段
10337,伍伯段
10338,光明段
10339,文聖段
10340,後溪段
10341,中圳段
10342,七星段
10343,新生段
10344,東螺段
10345,東北斗段
10346,西北斗段
10347,北勢寮段
10348,螺陽段
10349,光復段
10350,中華段
10351,螺青段
10352,新政段
10353,三民段
10354,大松段
10355,舜耕段
10356,大安段
10357,中寮段
10358,裕後段
10359,三和段
10360,文昌段
10361,北工段
10362,興農段
10363,大新段
10364,田尾段
10365,饒平厝段
10366,溪子頂段溪子頂小段
10367,溪子頂段十張犁小段
10368,溪子頂段三十張犁小段
10369,海豐崙段
10370,打簾段打簾小段
10371,打簾段柳樹湳小段
10372,曾厝崙段
10373,鎮平段
10374,小紅毛社段
10375,福新段
10376,和平段
10377,福德段
10378,慶豐段
10379,新豐段
10380,三豐段
10381,頂豐段
10382,田豐段
10383,仁豐段
10384,永豐段
10385,吉心段
10386,民生段
10387,田崙段
10388,芳圃段
10389,芳平段
10390,芳富段
10391,舜民段
10392,田平段
10393,光華段
10394,埤頭段
10395,小埔心段
10396,崙子段崙子小段
10397,崙子段十三甲小段
10398,斗六甲段
10399,大湖厝段
10400,番子埔段
10401,路口厝段
10402,周厝崙段
10403,三塊厝段
10404,新庄子段
10405,連交厝段
10406,牛稠子段
10407,元埔段
10408,埔東段
10409,芙朝段
10410,振興段
10411,嘉和段
10412,東和段
10413,中和段
10414,新庄段
10415,崙南段
10416,平原段
10417,稻香段
10418,合興段
10419,永豐段
10420,中西段
10421,西斗段
10422,溪州段溪州小段
10423,溪州段瓦厝小段
10424,下水埔段
10425,舊眉段
10426,溪墘厝段
10427,下霸段
10428,三條圳段
10429,西畔段
10430,圳寮段
10431,水尾段
10432,新興段
10433,過溪子段
10434,潮洋厝段
10435,瓦厝段
10436,湄洲段
10437,忠孝段
10438,仁愛段
10439,信義段
10440,和平段
10441,八德段
10442,登山段
10443,育善段
10444,復興段
10445,進樂段
10446,更新段
10447,成功段
10448,柑園段
10449,新西畔段
10450,原斗段
10451,華崙段
10452,儒田段
10453,儒德段
10454,儒興段
10455,社興段
10456,舊社段
10457,二林段
10458,犁頭厝段
10459,大排沙段
10460,萬興段柳子溝小段
10461,萬興段萬興小段
10462,石屚磘段
10463,舊趙甲段
10464,外竹段
10465,香田段
10466,中西段
10467,廣興段
10468,萬合段
10469,後厝段
10470,竹圍子段
10471,山寮段
10472,挖子段
10473,丈八斗段
10474,塗子崙段塗子崙小段
10475,塗子崙段外崙子腳小段
10476,塗子崙段詹厝子小段
10477,偉糖段
10478,興糖段
10479,外蘆竹塘段
10480,新興段
10481,天和段
10482,復興段
10483,新生段
10484,儒明段
10485,儒生段
10486,儒雅段
10487,儒香段
10488,儒芳段
10489,儒林段
10490,草漢段
10491,崙腳段
10492,崙仔腳段
10493,芳合段
10494,芳北段
10495,建平段
10496,新湖段
10497,建新段
10498,草漢段
10499,崙腳段
10500,草湖段
10501,漢寶園段
10502,王功段
10503,沙山段
10504,路上厝段
10505,埤腳段
10506,頂部子段
10507,後寮段
10508,溝子墘段
10509,新街段
10510,漢興段
10511,路興段
10512,上林段
10513,裕津段
10514,永興段
10515,芳平段
10516,芳新段
10517,芳寶段
10518,芳榮段
10519,芳義段
10520,芳成段
10521,芳仁段
10522,芳林段
10523,芳興段
10524,芳頂段
10525,芳崎段
10526,芳信段
10527,芳寮段
10528,福海段
10529,芳功段
10530,芳墘段
10531,芳街段
10532,芳山段
10533,芳苑段
10534,芳埤段
10535,芳草段
10536,大城段
10537,楓港段
10538,新光段
10539,永光段
10540,臺山段
10541,魚寮段
10542,山寮段
10543,外五間寮段
10544,三塊厝段
10545,尤厝段
10546,進糖段
10547,頂山腳段
10548,下山腳段
10549,西港段
10550,公館段
10551,臺西段
10552,潭墘段
10553,上豐段
10554,美豐段
10555,上富段
10556,建山段
10557,三林段
10558,和寮段
10559,城潭段
10560,上興段
10561,尤仕段
10562,西城段
10563,中城段
10564,東城段
10565,竹塘段
10566,新田段
10567,五庄子段
10568,面前厝段
10569,永基段
10570,竹林段
10571,長安段
10572,永安段
10573,竹崙段
10574,戴厝段
10575,竹政段
10576,廣福段
10577,三塊厝段
10578,三興段
10579,媽厝段
10580,新厝段
10581,溪湖段
10582,頂寮段
10583,田中央段
10584,崙子腳段
10585,河東段
10586,大突段大突小段
10587,大突段北勢尾小段
10588,汴頭段汴頭小段
10589,汴頭段大竹圍小段
10590,汴頭段阿狂厝小段
10591,西勢厝段西勢厝小段
10592,西勢厝段番婆小段
10593,西勢厝段新厝館小段
10594,四塊厝段四塊厝小段
10595,四塊厝段巫厝小段
10596,阿媽厝段阿媽厝小段
10597,阿媽厝段三塊厝小段
10598,光平段
10599,光華段
10600,福安段
10601,平和段
10602,大竹段
10603,湖南段
10604,湖西段
10605,弘農段
10606,東寮段
10607,大溪段
10608,湖東段
10609,東溪段
10610,西溪段
10611,中山段
10612,忠覺段
10613,鳳山段
10614,西寮段
10615,大發段
10616,北勢段
10617,田中段
10618,頂庄段
10619,大庭段
10620,庭忠段
10621,湳底段
10622,西安段
10623,鎮安段
10624,顯光段
10625,中興段
10626,河興段
10627,中東段
10628,湖北段
10629,牛埔厝段
10630,牛埔厝段牛埔厝小段
10631,牛埔厝段番同埔小段
10632,瓦段
10633,瓦磘段瓦磘小段
10634,瓦段西勢湖小段
10635, 子段
10636,大義段
10637,新水段
10638,三省段
10639,義和段
10640,石埤段
10641,光明段
10642,和平段
10643,東榮段
10644,永昌段
10645,南興段
10646,永興段
10647,成功段
10648,浸水段
10649,浸水段朴鼎金小段
10650,浸水段浸水小段
10651,石埤腳段
10652,南港段
10653,南港段南港小段
10654,南港段菜堂小段
10655,油車段
10656,羅厝段
10657,瓦窯北段
10658,瓦窯南段
10659,仁華段
10660,埔心段埔心小段
10661,埔心段油車店小段
10662,埤霞段埤霞小段
10663,埤霞段菜寮小段
10664,梧鳳段梧鳳小段
10665,梧鳳段二重湳小段
10666,羅厝段羅厝小段
10667,羅厝段芎蕉腳小段
10668,太平段
10669,舊館段
10670,大溝尾段
10671,瓦 厝段
10672,義民段
10673,東門段
10674,新興段
10675,霖興段
10676,新舘段
10677,霖鳳段
10678,太平東段
10679,瓦窯中段
10680,太平西段
10681,梧鳳段
10682,二重段
10683,五通段
10684,芎蕉段
10685,新南段
10686,福林段
10687,南勢段
10688,朝山段
10689,朝山段一小段
10690,科學段一小段
10691,科學段二小段
10692,科學段三小段
10693,建華段
10694,育賢段
10695,光鎮段
10696,柴橋段
10697,曲溪段
10698,成德段
10699,康朗段
10700,竹港段
10701,新港段
10702,康樂段
10703,南寮段
10704,中寮段
10705,西濱段
10706,海濱段
10707,港北段
10708,東濱段
10709,筧橋段
10710,古賢段
10711,新雅段
10712,富山段
10713,港南段
10714,華江段
10715,新航段
10716,虎林段
10717,虎山段
10718,南華段
10719,千甲段
10720,隆恩段
10721,水源段
10722,溪橋段
10723,前溪段
10724,金山段
10725,科技段一小段
10726,科技段二小段
10727,東橋段
10728,介壽段
10729,仙水段
10730,大學段
10731,仙宮段
10732,高翠段
10733,高峰段
10734,古峰段
10735,翠湖段
10736,南湖段
10737,雅溪段
10738,明湖段
10739,美城段
10740,東香段
10741,柑林段
10742,香村段
10743,力行段
10744,醫專段
10745,師院段
10746,南興段
10747,內湖段
10748,中隘段
10749,見樂段
10750,樹下段
10751,香雅段
10752,茄苳段
10753,延壽段
10754,大湖段
10755,海山段
10756,青山段
10757,長興段
10758,鹽水段
10759,五福段
10760,麗園段
10761,湖港段
10762,南港段
10763,海埔段
10764,科技段
10765,風空段
10766,東門段一小段
10767,東門段二小段
10768,東門段三小段
10769,榮光段一小段
10770,榮光段二小段
10771,榮光段三小段
10772,親仁段一小段
10773,親仁段二小段
10774,中央段
10775,復中段
10776,光華段
10777,民主段
10778,民主段一小段
10779,東山段一小段
10780,東山段二小段
10781,東光段
10782,中華段
10783,東明段
10784,光復段
10785,成功段
10786,溪埔子段溪埔子小段
10787,溪埔子段白沙屯小段
10788,溪埔子段四分子小段
10789,二十張段二十張小段
10790,二十張段溪洲子小段
10791,九甲埔段九甲埔小段
10792,九甲埔段埔頂崁腳小段
10793,赤土崎段
10794,埔頂段
10795,金山面段
10796,柴梳山段
10797,科園段科園小段
10798,科園段龍山小段
10799,南門段一小段
10800,南門段二小段
10801,南門段三小段
10802,南門段四小段
10803,竹蓮段
10804,新興段
10805,新興段壹小段
10806,青草湖段
10807,西門段一小段
10808,西門段二小段
10809,西門段三小段
10810,聚吉段
10811,中雅段
10812,客雅段
10813,北門段
10814,中山段一小段
10815,中山段二小段
10816,中山段三小段
10817,民富段
10818,崙子段
10819,武陵段
10820,樹林頭段
10821,自由段
10822,舊社段
10823,湳雅段
10824,苦苓腳段
10825,槺榔段
10826,十塊寮段十塊寮小段
10827,十塊寮段蟹仔埔小段
10828,油車港段
10829,沙崙段
10830,吉羊崙段
10831,舊港段
10832,香山段
10833,牛埔段
10834,香山坑段
10835,茄苳湖段
10836,海山罟段
10837,鹽水港段
10838,南隘段
10839,虎子山段
10840,楊寮段楊寮小段
10841,楊寮段南油車港小段
10842,浸水段
10843,榮新段榮新小段
10844,榮新段北區小段
10845,忠孝段
10846,仁愛段
10847,信義段
10848,和平段
10849,唐高段
10850,中興段
10851,三姓段
10852,新莊段
10853,關東段
10854,長春段
10855,復興段
10856,光武段
10857,國道段
10858,香濱段
10859,香中段
10860,香美段
10861,大庄段
10862,美山段
10863,台肥段
10864,林子頭段番子溝小段
10865,自強段
10866,建成段
10867,崙南段
10868,三平段
10869,梅南段
10870,斗六段
10871,海豐崙段海豐崙小段
10872,海豐崙段朱丹灣小段
10873,竹圍子段
10874,保長廍段保長廍小段
10875,保長段虎尾溪小段
10876,保長廍段后庄子小段
10877,大北勢段大北勢小段
10878,大北勢段甲六埤小段
10879,大北勢段林子頭小段
10880,九老爺段
10881,大潭段大潭小段
10882,大潭段社口小段
10883,溝子埧段溝子埧小段
10884,溝子埧段瓦厝子小段
10885,溝子埧段柴裡小段
10886,大崙段大崙小段
10887,大崙段茄苳腳小段
10888,林子頭段
10889,菜公段
10890,內林段
10891,石榴班段
10892,光復段
10893,咬狗段
10894,重光段
10895,黃厝段
10896,榴北段
10897,林頭段
10898,公正段
10899,光明段
10900,科一段
10901,青山段
10902,秦寮段
10903,溪州段
10904,後庄段
10905,保庄段
10906,正心段
10907,虎溪段
10908,西平段
10909,石榴段
10910,榴中段
10911,梅林東段
10912,重光東段
10913,八德段
10914,科二段
10915,北環段
10916,大竹圍段
10917,竹頭段
10918,新光段
10919,棋盤段
10920,石農段
10921,牛埔段
10922,中興段
10923,梅林西段
10924,科加段
10925,嘉東段
10926,長安段
10927,半路段
10928,十三段
10929,府文段
10930,建德段
10931,棋東段
10932,水碓東段
10933,田心段
10934,水碓西段
10935,石坑段
10936,新光段
10937,麻園段
10938,崁腳段
10939,大湖底段
10940,苦苓腳段
10941,樟湖段
10942,草嶺段
10943,東和段
10944,東陽段
10945,青山段
10946,古坑段古坑小段
10947,古坑段湳子小段
10948,東興段
10949,西華段
10950,水碓段
10951,高厝林子頭段
10952,溪邊厝段
10953,新庄段
10954,棋盤厝段
10955,崁頭厝段
10956,棋盤段
10957,尖山坑段
10958,下麻園段
10959,麻園庄段
10960,永昌段
10961,永光段
10962,永興段
10963,埔子段
10964,和平段
10965,莿桐段
10966,番子段
10967,樹子腳段
10968,大埔尾段
10969,麻園段
10970,湖子內段
10971,新庄子段
10972,中園段
10973,大美段
10974,普北段
10975,埔南段
10976,南安段
10977,四合段
10978,東興段
10979,饒平段
10980,五華段
10981,湖內段
10982,進興段
10983,烏塗段
10984,仁愛段
10985,永昌段
10986,長興段
10987,九芎段
10988,芎林段
10989,九芎南段
10990,湖本段
10991,林內段
10992,新興段
10993,成功段
10994,中山段
10995,九芎林段
10996,烏塗子段
10997,烏麻段
10998,寶隆段
10999,芎蕉段
11000,重興段
11001,頂庄段
11002,泰安段
11003,太興段
11004,埤麻段
11005,溝心段
11006,新安段
11007,重光段
11008,新崙段
11009,東仁段
11010,西岐段
11011,南昌段
11012,北銘段
11013,中天段
11014,建國段
11015,興國段
11016,舊社段
11017,林子段
11018,石龜溪段
11019,南勢段
11020,阿丹段
11021,溫厝角段
11022,新庄段新庄小段
11023,新庄段將軍崙小段
11024,田頭段
11025,田頭段重建小段
11026,大東段大東小段
11027,大東段新崙小段
11028,小東段
11029,五間厝段
11030,中興段
11031,明昌段
11032,僑真段
11033,文安段
11034,新光段
11035,東明段
11036,義德段
11037,四維段
11038,大同段
11039,大埤段
11040,舊庄段
11041,田子林段
11042,埔羌崙段
11043,埤頭段
11044,茄苳腳段
11045,蘆竹巷段
11046,豐田段
11047,西鎮段
11048,松竹段
11049,尚義段
11050,新吳厝段
11051,大新段
11052,西螺段
11053,茄苳段
11054,新宅段
11055,埤頭埧段
11056,三塊厝段三塊厝小段
11057,三塊厝段鹿場小段
11058,吳厝段
11059,下湳段
11060,頂湳段
11061,新社段
11062,社口段
11063,埔心段
11064,東南段
11065,興北段
11066,漢北段
11067,漢南段
11068,埔北段
11069,埔東段
11070,埔西段
11071,社東段
11072,社西段
11073,茄西段
11074,西中段
11075,市仔頭段
11076,振興段
11077,新街段
11078,廣福段
11079,大同段
11080,埤頭段
11081,廣興段
11082,新田尾段
11083,湳仔段
11084,新港後段
11085,慈仁段
11086,四番地段
11087,荷苞嶼段
11088,崙北段
11089,二崙段
11090,田尾段
11091,三塊厝段
11092,惠來厝段
11093,八角亭段
11094,大義崙段
11095,油車段
11096,番社段
11097,大庄段
11098,公館段
11099,港後段
11100,新庄子段新庄子小段
11101,新庄子段大北園小段
11102,永定厝段
11103,三和段
11104,崙西段
11105,崙東段
11106,崙南段
11107,來惠段
11108,新油車段
11109,義賢段
11110,大豐段
11111,庄內段
11112,崙背段
11113,羅厝段
11114,五塊厝段
11115,阿勸段
11116,大有段
11117,貓兒干段
11118,草湖段
11119,舊庄段
11120,崩溝寮段
11121,永安段
11122,成功段
11123,豐草段
11124,東興段
11125,港尾段
11126,福興段
11127,中厝段
11128,有勸段
11129,東玄段
11130,面前厝段
11131,順天段
11132,中勸段
11133,天后段
11134,南榮段
11135,西榮段
11136,豐榮段
11137,福德段
11138,內安段
11139,中科段
11140,廉使南段
11141,廉使北段
11142,大屯段
11143,虎尾段
11144,埒內段
11145,廉使段
11146,竹圍子段
11147,北溪厝段
11148,大屯子段
11149,牛埔子段
11150,三合段
11151,湳子段
11152,番薯段
11153,平和厝段
11154,過溪子段
11155,惠來厝段
11156,安慶段
11157,永合段
11158,延平段
11159,新吉段
11160,立仁段
11161,忠孝段
11162,工專段
11163,八德段
11164,五間段
11165,墾地段
11166,北平段
11167,博愛段
11168,明正段
11169,公安段
11170,德興段
11171,仁愛段
11172,東興段
11173,信義段
11174,虎新段
11175,同心段
11176,弘道段
11177,光明段
11178,新屯段
11179,泰安段
11180,興安段
11181,大學段
11182,高北段
11183,高南段
11184,五福段
11185,埒堀段
11186,大庄段
11187,順安段
11188,土庫段
11189,過港段
11190,新興段
11191,糞箕湖段
11192,埤腳段
11193,石廟子段
11194,大荖段
11195,崙內段
11196,馬公厝段
11197,新庄子段
11198,奮起段
11199,秀潭段
11200,新埤腳段
11201,綺湖段
11202,興新段
11203,文化段
11204,復興段
11205,光復段
11206,越港段
11207,菜園段
11208,港興段
11209,竹寮段
11210,新北段
11211,新南段
11212,崙前段
11213,崙埤段
11214,埔姜崙段
11215,馬鳴山段
11216,龍岩段
11217,潮洋厝段
11218,忠興段
11219,忠東段
11220,褒忠段
11221,埔崙段
11222,田洋段
11223,新湖段
11224,三湖段
11225,六勝段
11226,龍林段
11227,馬鳴段
11228,王厝段
11229,龍王段
11230,北興段
11231,梧北段
11232,口庄段
11233,三王段
11234,新北段
11235,新南段
11236,北港段
11237,新街段
11238,後溝子段後溝子小段
11239,後溝子段府番小段
11240,草湖段
11241,溝皂段
11242,番子溝段
11243,好收段
11244,樹子腳段
11245,扶朝家段
11246,府番段
11247,扶朝段
11248,大北段
11249,聖母段
11250,仁和段
11251,廟東段
11252,廟西段
11253,大同段
11254,南陽段
11255,三仙段
11256,乾元段
11257,福德段
11258,大庄段
11259,福茂段
11260,三義段
11261,頂庄段
11262,聖平段
11263,復興段
11264,新東段
11265,劉厝段
11266,合和段
11267,潭內段
11268,興茂段
11269,中坑段
11270,長北段
11271,中湖段
11272,長興段
11273,仁德段
11274,東庄段
11275,瓦段
11276,部子段
11277,崙子段
11278,潭墘段
11279,三和段
11280,山茂段
11281,青山段
11282,和平段
11283,信義段
11284,新吉段
11285,鹿南段
11286,鹿北段
11287,義天段
11288,極明段
11289,西湖段
11290,東湖段
11291,北湖段
11292,元長段
11293,長南段
11294,客子厝段
11295,下寮段
11296,頂寮段
11297,內寮段
11298,子茂段
11299,龍岩厝段
11300,山子內段
11301,鹿寮段
11302,後湖段
11303,五塊寮段
11304,頂鹿段
11305,福安段
11306,西鹿段
11307,四湖段
11308,蔡厝段
11309,下寮段
11310,鹿場段
11311,羊稠厝段
11312,溪底段
11313,溪尾段
11314,溪尾段新溪小段
11315,三條崙段
11316,三條崙段溪崙小段
11317,內湖段
11318, 子寮段
11319,飛沙段飛沙小段
11320,飛沙段三姓寮小段
11321,林厝寮段
11322,三崙段
11323,湖東段
11324,關聖段
11325,國中段
11326,東光段
11327,魚寮段
11328,建陽段
11329,三姓段
11330,飛湖段
11331,和平段
11332,四工段
11333,安慶段
11334,溪南段
11335,北安段
11336,保安段
11337,新興段
11338,南光段
11339,廣溝段
11340,洋北段
11341,建華段
11342,西頂段
11343, 港段
11344,順天段
11345,梧北段
11346,拔拉段
11347,口湖段
11348,下崙段
11349,外埔段
11350,新港段
11351,蚵寮段
11352,牛尿港段
11353,下湖口段
11354,水井段
11355,椬梧段
11356,謝厝寮段
11357,後厝段
11358,崇文段
11359,新湖段
11360,安南段
11361,安北段
11362,開元段
11363,順寮段
11364,崙北段
11365,埔北段
11366,埔潭段
11367,沙崙段
11368,口工段
11369, 北段
11370,林投段
11371,北興段
11372,崙港段
11373,外傘頂段
11374,海豐段
11375,塭底段
11376,天保段
11377,水中段
11378,都統段
11379,水林段
11380,土間厝段
11381,春牛埔段
11382,車巷口段
11383,牛挑灣段
11384,萬興段
11385,尖山段
11386,食水堀段
11387,大溝段
11388,頂蔦松段
11389, 子埔段
11390,番薯厝段
11391,溪墘厝段
11392,番薯段
11393,松北段
11394,興南段
11395,大山段
11396,順興段
11397,土厝段
11398,水南段
11399,後寮段
11400,大興段
11401,溪墘段
11402,燦林段
11403,東陽段
11404,水北段
11405,埔尾段
11406,蘇秦段
11407,西井段
11408,灣東段
11409,灣西段
11410,東興段
11411,西興段
11412,南興段
11413,中興段
11414,水東段
11415,松東段
11416,松西段
11417,春埔段
11418,瓊埔段
11419,牛埔段
11420,王厝段
11421,新吉段
11422,泰順段
11423,成德段
11424,拱範段
11425,橋頭段
11426,許厝寮段許厝寮小段
11427,許厝寮段後安寮小段
11428,山寮段
11429,福安段
11430,圳寮段
11431,安西段
11432,興忠段
11433,崙南段
11434,永吉段
11435,中山段
11436,豐安段
11437,豐興段
11438,興寮段
11439,麥寮段
11440,興化厝段
11441,沙崙後段
11442,施厝寮段
11443,雷厝段
11444,新中段
11445,光大段
11446,六輕段
11447,吉安段
11448,順天段
11449,麥豐段
11450,下許厝寮段
11451,新美段
11452,東勢厝段
11453,東北段
11454,東南段
11455,嘉隆段
11456,牛埔頭段
11457,程海厝段
11458,路利潭段
11459,番子寮段
11460,同安厝段
11461,月眉段
11462,昌南段
11463,東安段
11464,港底段
11465,圳頭段
11466,程海段
11467,馬山段
11468,明倫段
11469,媽埔段
11470,西寮段
11471,西安段
11472,四美段
11473,和平段
11474,安南段
11475,龍潭段
11476,東西段
11477,仁愛段
11478,同北段
11479,新北段
11480,萬興段
11481,崙中段
11482,五華段
11483,崙西段
11484,港西段
11485,海口段
11486,溪頂段
11487,丘厝段
11488,五塊寮段
11489,十張段
11490,山寮段
11491,五條港段
11492,崙子頂段
11493,火燒牛稠段
11494,新興段
11495,蚊港段
11496,台興段
11497,海埔段
11498,三姓段
11499,成功段
11500,泉州段
11501,光華段
11502,普令厝段
11503,萬厝段
11504,五港段
11505,明德段
11506,尚德段
11507,光明段
11508,旭安段
11509,和豐段
11510,公館段
11511,萬東段
11512,五榔段
11513,崙豐段
11514,蚊興段
11515,牛厝段
11516,大葛段
11517,仁和段
11518,朴子段
11519,下竹圍段
11520,下竹圍段竹圍小段
11521,下竹圍段佳禾小段
11522,大槺榔段
11523,大槺榔段大鄉小段
11524,大槺榔段大葛小段
11525,大槺榔段大溝小段
11526,小槺榔段
11527,小槺榔段仁和小段
11528,小槺榔段槺榔小段
11529,雙溪口段
11530,雙溪口段雙溪小段
11531,應菜埔段
11532,應菜埔段永和小段
11533,崁前段
11534,崁前段崁前小段
11535,崁後段
11536,崁後段南崁小段
11537,崁後段北崁小段
11538,鴨母寮段
11539,鴨母寮段竹村小段
11540,鴨母寮段東安小段
11541,吳竹子腳段
11542,吳竹子腳段德家小段
11543,新庄段
11544,新庄段新庄小段
11545,新庄段農牧小段
11546,新庄段重劃小段
11547,新庄段大館小段
11548,龜子港段
11549,龜子港段順安小段
11550,牛挑灣段
11551,牛挑灣段松梅小段
11552,牛挑灣段松華小段
11553,南勢竹段
11554,南勢竹段南竹小段
11555,朴工段
11556,內厝段
11557,文明段
11558,安福段
11559,中正段
11560,平和段
11561,文化段
11562,鎮安段
11563,鎮南段
11564,永和段
11565,德安段
11566,嘉朴段
11567,新寮段
11568,大德興段
11569,溪口段
11570,大鄉段
11571,過溝新段
11572,新南段
11573,新民段
11574,魍港段
11575,東岑段
11576,江山段
11577,上江山段
11578,溪墘段溪墘小段
11579,新塭段
11580,新塭段好美小段
11581,新生段
11582,新厝段
11583,見龍段
11584,中興段
11585,景山段
11586,永安段
11587,北興段
11588,建興段
11589,復興段
11590,九江段
11591,布鹽段
11592,龍江段
11593,鹿寮段
11594,振寮段
11595,保安宮段
11596,布袋段
11597,內田段
11598,考試潭段
11599,考試潭段考試小段
11600,考試潭段鹿寮小段
11601,考試潭段鹿安小段
11602,前東港段
11603,崩山段
11604,崩山段崩山小段
11605,菜舖段
11606,菜舖段菜舖小段
11607,菜舖段新吉小段
11608,樹林頭段
11609,樹林頭段樹林小段
11610,樹林頭段林頭小段
11611,貴舍段
11612,貴舍段貴舍小段
11613,貴舍段半月小段
11614,過溝段
11615,過溝段過溝小段
11616,溪墘段
11617,嘉塭段
11618,更寮段
11619,六腳段
11620,六腳段六南小段
11621,六腳段六嘉小段
11622,更寮段更寮小段
11623,林內段
11624,林內段林內小段
11625,林內段古林小段
11626,潭子墘段
11627,潭子墘段潭墘小段
11628,潭子墘段北潭小段
11629,後崩山段
11630,後崩山段崩山小段
11631,後崩山段後崩山小段
11632,竹子腳段
11633,竹子腳段竹嘉小段
11634,下雙溪段
11635,下雙溪段兩溪小段
11636,灣內段
11637,灣內段灣內小段
11638,蒜頭段
11639,蒜頭段蒜頭小段
11640,蒜頭段蒜東小段
11641,大塗師段
11642,大塗師段塗師小段
11643,三姓寮段
11644,三姓寮段三姓小段
11645,三姓寮段三義小段
11646,港尾寮段
11647,港尾寮段港美小段
11648,港尾寮段豐美小段
11649,雙涵段
11650,雙涵段雙涵小段
11651,溪墘厝段
11652,溪墘厝段正義小段
11653,六斗尾段
11654,六斗尾段六斗小段
11655,蘇厝寮段
11656,蘇厝寮段蘇厝小段
11657,崙子段
11658,崙子段崙陽小段
11659,中庄段
11660,六興段
11661,牛埔段
11662,灣北段
11663,灣南段
11664,崙陽段
11665,蘇厝段
11666,大橋頭段
11667,慈安段
11668,新掌潭段
11669,頂東石段
11670,頂東石段黎明小段
11671,副瀨段
11672,副瀨段副瀨小段
11673,港墘厝段
11674,港墘厝段龍港小段
11675,頂厝子段
11676,頂厝子段頂厝小段
11677,山寮段
11678,三塊厝段
11679,三塊厝段三家小段
11680,屯子頭段
11681,海埔段
11682,海埔段海埔小段
11683,栗子崙段
11684,栗子崙段西崙小段
11685,栗子崙段後埔小段
11686,栗子崙段中洲小段
11687,栗子崙段東崙小段
11688,塭子段
11689,溪子下段
11690,溪子下段溪子下小段
11691,溪子下段福安小段
11692,中洲段
11693,後埔段
11694,掌潭段
11695,港墘段
11696,港墘段港墘小段
11697,港墘段港墘小段
11698,洲子段
11699,洲子段洲子小段
11700,圍子內段
11701,圍子內段圍內小段
11702,下蔦松段
11703,下蔦松段蔦松小段
11704,雙連潭段
11705,雙連潭段雙潭小段
11706,雙連潭段連潭小段
11707,鰲鼓段
11708,鰲鼓段鰲鼓小段
11709,蚶子寮段
11710,蚶子寮段蚶子寮小段
11711,蚶子寮段文蚶小段
11712,走賊宅段
11713,走賊宅段走宅小段
11714,型厝寮段
11715,湖底段
11716,湖底段湖底小段
11717,塭港段
11718,頂揖子寮段
11719,頂揖子寮段頂揖小段
11720,下揖子寮段
11721,下揖子寮段下揖小段
11722,洲仔段洲仔小段
11723,圍潭段圍潭小段
11724,富安段
11725,三塊厝新段
11726,屯子頭新段
11727,東石段
11728,塭港新段
11729,型厝段
11730,網寮段
11731,傳芳段
11732,埤子頭段
11733,埤子頭段埤前小段
11734,頭竹圍段
11735,頭竹圍段頭竹小段
11736,頭竹圍段竹圍小段
11737,牛稠底段
11738,牛稠底段新富小段
11739,東後寮段
11740,東後寮段東光小段
11741,東後寮段東後寮小段
11742,東後寮段東榮小段
11743,東後寮段光榮小段
11744,角帶圍段
11745,角帶圍段帶圍小段
11746,新店段
11747,新店段新店小段
11748,北港子段
11749,北港子段北華小段
11750,後鎮段
11751,後鎮段後鎮小段
11752,過路子段
11753,過路子段過路小段
11754,芊子寮段
11755,西後寮段
11756,西後寮段西後寮小段
11757,西後寮段溪榮小段
11758,五間厝段
11759,五間厝段五厝小段
11760,五間厝段祥和小段
11761,五間厝段中厝小段
11762,溪洲段
11763,溪洲段上溪洲小段
11764,溪洲段上溪小段
11765,溪洲段溪洲小段
11766,六桂段
11767,岸腳段
11768,義竹段
11769,義竹段義竹小段
11770,新庄段
11771,新庄段新庄小段
11772,龍蛟潭段
11773,龍蛟潭段龍蛟小段
11774,龍蛟潭段工業小段
11775,安溪寮段
11776,安溪寮段平溪小段
11777,大工一段
11778,大林段
11779,潭底段
11780,潭底段潭底小段
11781,中林段
11782,中林段中林小段
11783,頂員林段
11784,大湖段
11785,大湖段湖北小段
11786,大埔美段
11787,大埔美段過溪小段
11788,大埔美段大美小段
11789,甘蔗崙段
11790,甘蔗崙段甘蔗崙小段
11791,林子前段
11792,林子前段三和小段
11793,中坑段
11794,中坑段中坑小段
11795,下埤頭段
11796,下埤頭段下埤頭小段
11797,排子路段
11798,排子路段
11799,三角段
11800,三角段三角小段
11801,溝背段
11802,溝背段溝背小段
11803,內林段
11804,內林段內林小段
11805,橋子頭段
11806,橋子頭段橋子頭小段
11807,湖子段
11808,林頭段
11809,林頭段林頭小段
11810,北勢段
11811,北勢段北勢小段
11812,西林段
11813,東林段
11814,新興段
11815,新興段新興小段
11816,吉林段
11817,平林段
11818,明和段
11819,明和段明和小段
11820,明華段
11821,米斗段
11822,香山段
11823,田寮段
11824,中興段
11825,水頭段
11826,西結段
11827,新大埔美段
11828,秀林段
11829,竹子腳段西昌小段
11830,山中段
11831,民工段
11832,建國段
11833,東榮段
11834,民南段
11835,中樂段
11836,民北段
11837,西安段
11838,大潭段精忠小段
11839,北斗段
11840,福安段
11841,民文段
11842,福南段
11843,義興段
11844,福樂段
11845,興南段
11846,金興段
11847,世興段
11848,大坑段
11849,東興段
11850,後山仔段
11851,牛頭崙段
11852,五榖王段
11853,民農段
11854,民興段
11855,福興段
11856,民雄段
11857,東勢湖段
11858,番子段
11859,番子段番子小段
11860,雙援段
11861,雙援段何厝小段
11862,菁埔段菁埔小段
11863,菁埔段社溝小段
11864,菁埔段菁埤小段
11865,菁埔段中和小段
11866,牛斗山段
11867,江厝店段
11868,江厝店段興中小段
11869,田中央段
11870,田中央段田中央小段
11871,牛稠溪段
11872,鴨母段鴨母小段
11873,鴨母段雙福小段
11874,鴨母段文隆小段
11875,崙子頂段
11876,好收段好收小段
11877,好收段竹圍後小段
11878,頂寮段
11879,頂寮段頂寮小段
11880,頂寮段中廣小段
11881,新庄子段
11882,頭橋段
11883,頭橋段工業小段
11884,大崎腳段
11885,大崎腳段大崎腳小段
11886,松子腳段
11887,松子腳段松腳小段
11888,陳厝寮段
11889,陳厝寮段三興小段
11890,林子尾段
11891,林子尾段重建小段
11892,葉子寮段
11893,北勢子段
11894,大丘園段
11895,塗樓段
11896,塗樓段塗樓小段
11897,竹子腳段
11898,竹子腳段竹子腳小段
11899,東湖段
11900,豐收段
11901,厝子段
11902,溪口段
11903,溪口段溪口小段
11904,溪口段溪明小段
11905,溪口段後港小段
11906,頂坪段
11907,頂坪段下坪小段
11908,崙尾段崙尾小段
11909,崙尾段天赦小段
11910,崙尾段美南小段
11911,崙尾段美北小段
11912,崙尾段美東小段
11913,上崙段
11914,上崙段妙崙小段
11915,上崙段柳二小段
11916,游厝段
11917,游厝段游東小段
11918,游厝段游西小段
11919,柳子溝段
11920,柳子溝段柳溝小段
11921,柳子溝段南靖厝小段
11922,柳子溝段柳一小段
11923,厝子段
11924,厝子段下厝小段
11925,本廳段
11926,本廳段本厝小段
11927,本廳段本廳小段
11928,三疊溪段
11929,三疊溪段疊溪小段
11930,柴林腳段
11931,柴林腳段柴林小段
11932,溪東段
11933,溪西段
11934,坪頂段
11935,新港段
11936,新港段福德小段
11937,新港段宮前小段
11938,新港段宮後小段
11939,新港段大興小段
11940,後庄段
11941,後庄段後庄小段
11942,菜公厝段
11943,菜公厝段菜公小段
11944,菜公厝段咬竹小段
11945,中洋子段
11946,中洋子段中洋小段
11947,中洋子重劃段
11948,三間厝段
11949,三間厝重劃段
11950,後底湖段
11951,後底湖段後底湖小段
11952,大崙段
11953,大崙段大崙小段
11954,崙子段
11955,崙子段崙子小段
11956,埤子頭段
11957,埤子頭段埤子頭小段
11958,埤子頭段埤子小段
11959,西庄段
11960,西庄段西庄小段
11961,板頭厝段
11962,板頭厝段板頭小段
11963,大潭段
11964,大潭段大潭小段
11965,大潭段北潭小段
11966,大潭段精忠小段
11967,埤頭段埤頭小段
11968,埤頭段共和小段
11969,埤頭段菜園小段
11970,番婆段
11971,番婆段安和小段
11972,溪北段
11973,溪北段溪北小段
11974,古民段古民小段
11975,古民段新民小段
11976,古民段中庄小段
11977,潭子墘段
11978,潭子墘段潭大小段
11979,潭子墘段潭子小段
11980,海豐子段
11981,海豐子段海豐小段
11982,月眉潭段
11983,月眉潭段月眉小段
11984,月眉潭段月潭小段
11985,月眉潭段眉潭小段
11986,舊南港段
11987,舊南港段南港小段
11988,大客段
11989,大客段頂客小段
11990,大客段大客小段
11991,永祿段
11992,永福段
11993,港東段
11994,港西段
11995,公園段
11996,中工段
11997,新東段
11998,新月眉潭段
11999,潭大段
12000,六興段
12001,鹿西段
12002,山子腳段
12003,山子腳段山腳小段
12004,三角子段
12005,三角子段角堀小段
12006,三角子段三角小段
12007,三角子段中寮小段
12008,海豐段
12009,海豐段海豐小段
12010,下潭段
12011,下潭段下潭小段
12012,下潭段光潭小段
12013,下潭段雲龍小段
12014,後庄子段
12015,後庄子段後庄小段
12016,龜佛山段
12017,龜佛山段重劃小段
12018,龜佛山段竹山小段
12019,龜佛山段龜山小段
12020,後堀段
12021,後堀段後堀小段
12022,馬稠後段
12023,馬稠後段豐稠小段
12024,中寮段
12025,中寮段重寮小段
12026,中寮段中寮小段
12027,下半天段
12028,下半天段半天小段
12029,下半天段下半天小段
12030,頂潭段
12031,頂潭段頂潭小段
12032,麻豆店段
12033,麻豆店段下麻小段
12034,後寮段
12035,後寮段後寮小段
12036,施厝寮段
12037,施厝寮段施家小段
12038,施厝寮段施厝小段
12039,竹子腳段
12040,竹子腳段松竹小段
12041,鹿草段
12042,鹿草段鹿東小段
12043,鹿草段鹿草小段
12044,鹿草段西井小段
12045,鹿北段
12046,鹿南段
12047,頂港子墘段安仁小段
12048,太保段
12049,太保段太保小段
12050,太保重劃段
12051,東勢寮段
12052,東勢寮段東勢小段
12053,東勢寮重劃段
12054,新埤段
12055,新埤段新埤小段
12056,田尾段
12057,田尾段田尾小段
12058,溪南段
12059,溪南段溪南小段
12060,後潭段
12061,後潭段後潭小段
12062,後潭段下庄小段
12063,茄苳腳段
12064,茄苳腳段春珠小段
12065,崙子頂段
12066,崙子頂段崙頂小段
12067,崙子頂重劃段
12068,頂港子墘段
12069,頂港子墘段頂港小段
12070,水虞厝段
12071,過溝段工業小段
12072,過溝段
12073,過溝段過溝小段
12074,埤麻腳段
12075,埤麻腳段埤鄉小段
12076,埤麻腳重劃段
12077,管事厝段
12078,管事厝段港尾小段
12079,管事厝段管厝小段
12080,管事厝重劃段
12081,白鴿厝段
12082,白鴿厝段白鴿小段
12083,白鴿厝段白鴿厝小段
12084,白鴿厝重劃段
12085,梅子厝段
12086,梅子厝段梅厝小段
12087,埔心段
12088,埔心段埔心小段
12089,嘉保段
12090,祥和段
12091,後庄段
12092,南珠段
12093,龍潭段
12094,民福段
12095,梅花段
12096,東新段
12097,北新段
12098,嘉新段
12099,南新段
12100,麻寮段
12101,嘉太段
12102,太頂珠段
12103,埤鄉段
12104,新大崙段
12105,靖和段
12106,溪州段
12107,溪安段
12108,和雲段
12109,柳鄉段
12110,柳新段
12111,寬士段
12112,水東段
12113,水西段
12114,水南段
12115,水上段
12116,水上段水上小段
12117,崎子頭段
12118,崎子頭段崎子頭小段
12119,十一指厝段
12120,十一指厝段順興小段
12121,十一指厝段龍德小段
12122,十一指厝段圳西小段
12123,南靖段
12124,南靖段南和小段
12125,外溪洲段
12126,外溪洲段溪州小段
12127,柳子林段
12128,柳子林段柳林小段
12129,大堀尾段
12130,大堀尾段大堀小段
12131,大堀尾段堀尾小段
12132,大堀尾段江竹小段
12133,下塗溝段
12134,下塗溝段重劃小段
12135,下塗溝段下塗溝小段
12136,巷口段
12137,巷口段
12138,大崙段
12139,大崙段重劃小段
12140,大崙段大崙小段
12141,大崙段新興小段
12142,粗溪段
12143,粗溪段粗溪小段
12144,下寮段
12145,下寮段下寮小段
12146,番子寮段
12147,牛稠埔段
12148,三界埔段
12149,北回段
12150,三和段
12151,下寮新段
12152,仁安段
12153,柳林段
12154,民生段
12155,中庄段
12156,忠和段
12157,新番子寮段
12158,義興段
12159,中埔段
12160,樹頭埔段
12161,枋樹腳段
12162,鹽館段
12163,灣潭子段
12164,石頭厝段
12165,柚子宅段
12166,白芒埔段
12167,竹頭崎段
12168,頂六段頂中下街小段
12169,頂六段興化小段
12170,頂六段赤蘭埔小段
12171,下六段公館小段
12172,下六段司公小段
12173,社口段
12174,龍山腳段
12175,石硦段
12176,深坑段
12177,頂埔段
12178,三層崎段
12179,凍子腳段
12180,中崙段
12181,北興段
12182,中興段
12183,和睦段
12184,佳興段
12185,光興段
12186,和興段
12187,和溪段
12188,和美段
12189,忠義段
12190,大義段
12191,王爺段
12192,田寮段
12193,金蘭段
12194,護生段
12195,富收段
12196,吳鳳廟段
12197,隆興段
12198,義仁段
12199,埔東段
12200,埔美段
12201,石子湖段
12202,大埔段
12203,柳藤潭段
12204,埔北段
12205,埔南段
12206,頂坪林段
12207,石面桶段
12208,馬頭山段
12209,石崁頂段
12210,水寮段
12211,射免潭段
12212,沙米箕段
12213,王萊坑段
12214,溪頭段
12215,豬稠湖段
12216,南寮段
12217,埔東段
12218,草嶺段
12219,水坑段
12220,灣北段
12221,內埔段
12222,灣中段
12223,五間厝段
12224,崎腳段
12225,竹崎段
12226,瓦厝埔段
12227,覆鐤金段
12228,緞厝寮段
12229,鹿麻產段
12230,沙坑段
12231,灣橋段
12232,內埔子段
12233,樟樹坪段
12234,金獅寮段
12235,番子潭段
12236,獅子頭段
12237,山子門段
12238,羗子科段
12239,糞箕湖段
12240,公園段
12241,真武段
12242,和平段
12243,溪心段
12244,鹿滿段
12245,復原莊段
12246,木柵寮段
12247,桃北段
12248,公館段
12249,頂茄苳段
12250,永和段
12251,烏土堀段
12252,昇平段
12253,紫雲段
12254,三寶山段
12255,新水坑段
12256,梅山段
12257,雙溪段
12258,九芎坑段
12259,大半天寮段
12260,大草埔段
12261,圳頭段
12262,大坪段
12263,龍眼林段
12264,生毛樹段
12265,科子林段
12266,過山段
12267,過山段過山小段
12268,梅東段
12269,梅南段
12270,梅北段
12271,雙梅段
12272,石濁溪段
12273,冷水坑段
12274,巴掌段
12275,隙頂段
12276,外腦寮段
12277,番仔寮段
12278,番路段
12279,番路段番路小段
12280,內甕段
12281,轆子腳段
12282,轆子腳段轆子腳小段
12283,大湖段
12284,公田段
12285,草山段
12286,下坑段
12287,內腦寮段
12288,鹿窟段
12289,朝天段
12290,石壁段
12291,永興段
12292,石腳桶段
12293,崩山仔段
12294,南下坑段
12295,北下坑段
12296,米斯基亞娜段
12297,嘎娜烏段
12298,烏茲娜段
12299,達拿巴瓦娜段
12300,諾有札段
12301,有依亞娜段
12302,貴央段
12303,杜突蘇段
12304,巴亞發段
12305,水山段
12306,霞山段
12307,阿里山段
12308,平遮段
12309,塔山段
12310,石夢谷段
12311,眠猴段
12312,千人段
12313,多林段
12314,雪峰北段
12315,雪峰南段
12316,多陽段
12317,扶蓉段
12318,鱉頭段
12319,茶西段
12320,山美西段
12321,棚機段
12322,樂野段
12323,山美段
12324,里佳段
12325,新美段
12326,特富野段
12327,南美段
12328,茶山段
12329,來吉段
12330,達邦段
12331,豐山段
12332,萬歲段
12333,十字段
12334,福山段
12335,樂野段拉拉吾雅小段
12336,塔塔加段
12337,來吉段拉拉吉小段
12338,新橋段
12339,新卯舍段
12340,三民段
12341,三興段
12342,新營段
12343,王公廟段
12344,茄苳腳段
12345,下角帶圍段
12346,許丑段
12347,埤寮段
12348,後鎮段
12349,土庫段
12350,卯舍段
12351,鐵線橋段
12352,秀才段
12353,姑爺段
12354,舊廍段
12355,太子宮段太子宮小段
12356,太子宮段埤子底小段
12357,太子宮段竹圍子小段
12358,嘉芳段
12359,茄苳段
12360,南紙段
12361,太子段
12362,新東段
12363,建國段
12364,長榮段
12365,三德段
12366,王公段
12367,新生段
12368,忠政段
12369,榮華段
12370,新泰段
12371,延平段
12372,濟安段
12373,真武段
12374,南興段
12375,復興段
12376,新富段
12377,新榮段
12378,華城段
12379,新電段
12380,新興段
12381,北紙段
12382,武賢段
12383,綠川段
12384,興安段
12385,民權段
12386,永生段
12387,興業段
12388,民族段
12389,東學段
12390,大同段
12391,東興段
12392,大公段
12393,民生段
12394,南新段
12395,育德段
12396,德隆段
12397,土安段
12398,新民段
12399,民治段
12400,新北段
12401,朝琴段
12402,南港段
12403,鹽水段
12404,土庫段
12405,番子厝段
12406,田寮段
12407,飯店段
12408,南竹子腳段
12409,天保厝段
12410,坔頭港段
12411,北竹子腳段北竹子腳小段
12412,北竹子腳段菜公堂小段
12413,北竹子腳段上帝廟小段
12414,溪州寮段頂溪洲寮小段
12415,溪州寮段下溪洲寮小段
12416,岸內段岸內小段
12417,岸內段蔦松腳小段
12418,岸內段汫水港小段
12419,下中段下中小段
12420,下中段牛綢子小段
12421,舊營段舊營小段
12422,舊營段後寮小段
12423,孫厝寮段孫厝寮小段
12424,孫厝寮段番子寮小段
12425,竹圍尾段
12426,下林段
12427,大埔段
12428,岸南段
12429,忠義段
12430,水秀段
12431,北門段
12432,新岸段
12433,武廟段
12434,義稠段
12435,月港段
12436,月津段
12437,後厝段
12438,南門段
12439,仁愛段
12440,歡雅段
12441,仁光段
12442,竹子腳段
12443,義士段
12444,篤農段
12445,重溪段
12446,橋南段
12447,路東段
12448,五軍營段
12449,太康段
12450,果毅後段
12451,新厝段
12452,大腳腿段
12453,小腳腿段
12454,山子腳段
12455,柳營段
12456,溫厝廍段
12457,八老爺段八老爺小段
12458,八老爺段半路店小段
12459,旭山段
12460,八翁段
12461,東昇段
12462,柳中段
12463,柳南段
12464,士林段
12465,人和段
12466,雙和段
12467,平和段
12468,新厝段北安小段
12469,大山段
12470,代天段
12471,德元段
12472,綠隧段
12473,嶺頂段
12474,崁子頭段
12475,六重溪段
12476,關子嶺段
12477,白水溪段
12478,海豐厝段
12479,大排竹段
12480,詔安厝段
12481,蓮潭段
12482,蓮潭段一小段
12483,竹子門段
12484,埤子頭段埤子頭小段
12485,埤子頭段五汴頭小段
12486,馬稠後段
12487,玉豐段
12488,詔安段
12489,內角段
12490,草店段
12491,關帝段
12492,白河段
12493,客庄內段
12494,河東段
12495,保生段
12496,大桐段
12497,永安段
12498,中興段
12499,新興段
12500,長安段
12501,頂秀祐段
12502,下秀祐段
12503,糞箕湖段糞箕湖小段
12504,糞箕湖段木屐寮小段
12505,國泰段
12506,溫泉段
12507,仙草段
12508,永秀段
12509,新嘉段
12510,上茄苳段上茄苳小段
12511,上茄苳段後壁寮小段
12512,土溝段
12513,下茄苳段
12514,本協段
12515,安溪寮段頂寮小段
12516,安溪寮段下寮小段
12517,烏樹林段
12518,菁寮段
12519,崩埤段
12520,白沙屯段
12521,長短樹段
12522,新港東段新港東小段
12523,新港東段茄苳子小段
12524,竹圍後段
12525,嘉田段
12526,嘉安段
12527,嘉泰段
12528,嘉民段
12529,侯伯段
12530,頭前段
12531,南海段
12532,新溝段
12533,嘉苳段
12534,頂中段
12535,福安段
12536,四安段
12537,道場段
12538,頂豐段
12539,新東段
12540,竹新段
12541,仕安段
12542,頂平段
12543,烏樹段
12544,新協段
12545,魚寮段
12546,嶺南段
12547,頂田段
12548,東山段
12549,大客段大庄小段
12550,大客段科里小段
12551,大客段枋子林小段
12552,許秀才段
12553,田尾段
12554,頂窩段
12555,吉貝耍段
12556,牛肉崎段
12557,二重溪段
12558,番子嶺段
12559,前大埔段
12560,崎子頭段
12561,下南勢段
12562,東興段
12563,東正段
12564,東中段
12565,東安段
12566,茄苓九湖段
12567,東河段
12568,北勢寮段
12569,巷口段
12570,國中段
12571,麻豆段
12572,北勢寮段
12573,大山腳段
12574,埤頭段
12575,寮子段
12576,溝子墘段
12577,磚子井段
12578,安業段
12579,謝厝寮段
12580,麻豆口段
12581,海埔段
12582,港子尾段
12583,港埔段
12584,莊禮段
12585,大埕段
12586,榖興段
12587,中興段
12588,新建段
12589,興農段
12590,安正段
12591,朝天段
12592,南寮段
12593,營後段
12594,油車段
12595,東角段
12596,保安段
12597,晉江段
12598,龍泉段
12599,文正段
12600,五王段
12601,南勢段
12602,興國段
12603,光明段
12604,下營段
12605,茅港尾段
12606,麻豆寮段
12607,十六甲段
12608,大屯寮段
12609,營中段
12610,營南段
12611,營平段
12612,營安段
12613,營和段
12614,營正段
12615,仁里段
12616,營前段
12617,信義段
12618,新興段
12619,水林段
12620,民權段
12621,信義段
12622,成功段
12623,和平段
12624,赤山段
12625,九重橋段
12626,大丘園段
12627,南勢坑段
12628,岩埤段
12629,保生段
12630,甲東段
12631,民族段
12632,民生段
12633,忠孝段
12634,甲南段
12635,六甲段
12636,七甲段
12637,二甲段
12638,水漆林段
12639,中社段
12640, 港子頭段
12641,龜子港段
12642,林鳳營段
12643,菁埔段
12644,王爺宮段
12645,水流東段
12646,光明段
12647,隆田段
12648,隆本段
12649,瓦磘段
12650,鎮北段
12651,護安段
12652,官田段
12653,中脇段
12654,烏山頭段
12655,角秀段
12656,二鎮段
12657,二鎮段二鎮小段
12658,拔子林段
12659,笨潭段
12660,三結義段
12661,番子田段
12662,雙溪子段
12663,社子段
12664,三塊厝段
12665,番子渡頭段
12666,南廍段
12667,西庄段
12668,嘉南段
12669,永安段
12670,官中段
12671,鎮南段
12672,神農段
12673,大內段
12674,蒙正段
12675,頭社段
12676,嗚頭段
12677,二重溪段
12678,環湖段
12679,內庄段
12680,石城段
12681,公所段
12682,石仔瀨段
12683,鎮安段
12684,延平段
12685,唐盟段
12686,佳里段
12687,佳里興段
12688,子良廟段
12689,新宅段
12690,溪洲段
12691,下營段
12692,番子寮段
12693,塭子內段
12694,永昌段
12695,三協段
12696,子龍段
12697,佳化段
12698,興化段
12699,禮化段
12700,民安段
12701,蚶寮段
12702,營頂段
12703,後庄段
12704,港墘段
12705,通興段
12706,龍安段
12707,龍昌段
12708,永興段
12709,平東段
12710,六安段
12711,東勢角段
12712,北文段
12713,潭墘段
12714,忠孝南段
12715,安西段
12716,育善段
12717,佛天段
12718,仁愛段
12719,佳果段
12720,九龍段
12721,佳南段
12722,建南段
12723,廣安段
12724,公園段
12725,新安段
12726,文化段
12727,西港段
12728,西海埔段
12729,中州段
12730,劉厝段
12731,下宅子段
12732,大塭寮段
12733,後營段
12734,八分段
12735,檨子林段
12736,金砂段
12737,慶安段
12738,南海段
12739,港南段
12740,双營段
12741,東埔段
12742,西埔段
12743,建功段
12744,七股段
12745,十分塭段
12746,大寮段
12747,七十二分段
12748,頂山子段
12749,後港段
12750,樹子腳段
12751,三股子段
12752,城子內段
12753,下山子寮段
12754,篤加段
12755,竹子港段
12756,新生段
12757,大文段
12758,三合段
12759,大埕段
12760,十一份段
12761,看坪段
12762,義合段
12763,樹林段
12764,竹橋段
12765,槺榔段
12766,乾成段
12767,龍山段
12768,十份段
12769,三和段
12770,三吉段
12771,三聖段
12772,巷口段北埔小段
12773,忠昌段
12774,國中段
12775,西華段
12776,西和段
12777,西湖段
12778,將軍段
12779,將軍段一小段
12780,巷口段巷口小段
12781,巷口段一小段
12782,巷口段二小段
12783,漚汪段東甲小段
12784,漚汪段北甲小段
12785,漚汪段西甲小段
12786,漚汪段中甲小段
12787,口寮段
12788,山子腳段
12789,角帶圍段
12790,苓子寮段
12791,苓子寮段一小段
12792,保源段
12793,嘉昌段
12794,忠興段
12795,長榮段
12796,中社段
12797,舊埕段
12798,玉港段
12799,保安段
12800,麗湖段
12801,北門段
12802,蚵寮段
12803,渡子頭段
12804,溪底寮段二重港小段
12805,溪底寮段三寮灣小段
12806,雙春段
12807,仁里段
12808,中樞段
12809,永隆段
12810,保吉段
12811,鯤江段
12812,學甲段
12813,學甲寮段
12814,溪州子寮段
12815,中洲段
12816,宅子港段
12817,草段
12818,大灣段
12819,平東段
12820,普濟段
12821,興太段
12822,文衡段
12823,慈濟段
12824,集和段
12825,光明段
12826,西進段
12827,興業段
12828,東陽段
12829,東興段
12830,興善段
12831,仁得段
12832,欣榮段
12833,信義段
12834,育英段
12835,新工段
12836,中興段
12837,新化段太子廟小段
12838,新化段王公廟小段
12839,新化段觀音廟小段
12840,唪口段
12841,北勢段
12842,洋子段
12843,竹子腳段
12844,崙子頂段
12845,知母義段
12846,頂山腳段
12847,大坑尾段
12848,那拔林段
12849,礁坑子段
12850,永新段
12851,新平段
12852,新國段
12853,新太段
12854,新音段
12855,新興段
12856,新水段
12857,新東段
12858,新義段
12859,新安段
12860,新武段
12861,新豐段
12862,慶安段
12863,文正段
12864,光華段
12865,光文段
12866,大成段
12867,圳西段
12868,德興段
12869,大同段
12870,善化段
12871,曾文段
12872,東勢寮段
12873,東勢寮段一小段
12874,東勢寮段二小段
12875,北子店段
12876,北子店段一小段
12877,北子店段二小段
12878,茄拔段
12879,茄拔段一小段
12880,茄拔段二小段
12881,小新營段
12882,坐駕段
12883,六分寮段
12884,胡厝寮段
12885,善成段
12886,善駕段
12887,善中段
12888,善文段
12889,善昌段
12890,善南段
12891,善西段
12892,善進段
12893,善新段
12894,善晶段
12895,善科段
12896,灣裡段
12897,成功段
12898,華美段
12899,三德段
12900,福壽段
12901,七王段
12902,南港段
12903,新北段
12904,新科段
12905,新市段
12906,新店段
12907,社內段
12908,番子寮段
12909,三舍段
12910,道爺段
12911,看西段
12912,橋頭段
12913,大洲段
12914,港子墘段
12915,大營段
12916,大社段
12917,潭頂段
12918,永就段
12919,東大社段
12920,東潭頂段
12921,營新段
12922,新晶段
12923,永安段
12924,華興段
12925,大榮段
12926,信義段
12927,富強段
12928,三民段
12929,安科段
12930,安定段
12931,蘇厝段
12932,港子尾段
12933,港口段
12934,六塊寮段
12935,管寮段
12936,海寮段
12937,新吉段
12938,中榮段
12939,蘇林段
12940,蘇興段
12941,蘇安段
12942,保安段
12943,保加段
12944,山上段
12945,北勢洲段
12946,牛稠埔段
12947,石子崎段
12948,豐德段
12949,明北段
12950,媽祖段
12951,玉二段
12952,樹王段
12953,明南段
12954,大新段
12955,菜寮段
12956,岡子林段
12957,草山段
12958,內庄子段
12959,光和段
12960,左鎮段
12961,山豹段
12962,仁德段
12963,一甲段
12964,太子廟段
12965,新田段
12966,崁腳段
12967,田厝段
12968,上崙子段
12969,港墘段
12970,中洲段
12971,牛綢子段
12972,十三甲段
12973,車路墘段
12974,三甲子段
12975,大甲段
12976,二橋段
12977,保安段
12978,中正段
12979,仁義段
12980,鍾厝段
12981,興安段
12982,崙尾段
12983,林頂段
12984,義林段
12985,岳王段
12986,大宅段
12987,長興段
12988,土庫段
12989,太子段
12990,太乙段
12991,崙中段
12992,白崙段
12993,車頭段
12994,文賢段
12995,二行段
12996,清王段
12997,保生段
12998,保甲段
12999,如意段
13000,中軍段
13001,神農段
13002,後壁段
13003,民安段
13004,二王段
13005,德南段
13006,德崙段
13007,甘厝段
13008,虎山段
13009,新工段
13010,中清段
13011,林仔段
13012,忠義段
13013,健康段
13014,太新段
13015,正義段
13016,勝利段
13017,公園段
13018,上崙段
13019,崑崙段
13020,城光段
13021,南勢園段
13022,牛稠段
13023,二空段
13024,和愛段
13025,二仁段
13026,崁腳北段
13027,中洲西段
13028,歸仁南段
13029,歸仁北段
13030,崙子頂段
13031,沙崙段
13032,大苓段
13033,林子邊段
13034,刣豬厝段
13035,大潭段
13036,八甲段
13037,媽祖廟段
13038,媽祖廟段一小段
13039,媽祖廟段二小段
13040,媽祖廟段三小段
13041,文化段
13042,清水段
13043,中山段
13044,民權段
13045,大同段
13046,南興段
13047,武東段
13048,大成段
13049,南潭段
13050,成功段
13051,八甲東段
13052,八甲西段
13053,昭德段
13054,關廟段
13055,新埔段
13056,五甲段
13057,深坑子段
13058,龜洞段
13059,布袋尾段
13060,埤子頭段
13061,下湖段
13062,北花段
13063,南花段
13064,松腳段
13065,東勢段
13066,四甲段
13067,南雄段
13068,忠孝段
13069,北勢段
13070,仁愛段
13071,香洋段
13072,山西段
13073,文衡段
13074,民生段
13075,番社段
13076,中坑子段
13077,龍船段
13078,崎頂段
13079,玉井段
13080,鹿陶段
13081,竹圍段
13082,沙子田段
13083,三埔段
13084,芒子芒段
13085,九層林段
13086,口宵里段
13087,玉中段
13088,玉田段
13089,玉南段
13090,玉成段
13091,玄天段
13092,佛聖段
13093,中正段
13094,福德段
13095,玉興段
13096,沙坑段
13097,三和段
13098,望明段
13099,坑內段
13100,楠西段
13101,密枝段
13102,灣丘段
13103,鹿陶洋段
13104,龜丹段
13105,凢萊宅段
13106,中興段
13107,東勢段
13108,楠中段
13109,埔尾段
13110,溫泉段
13111,出水段
13112,炭寮段
13113,巖仔頂段
13114,鳳梨園段
13115,二層坪段
13116,双溪段
13117,東勢坑段
13118,南化段
13119,中坑段
13120,菁埔寮段
13121,竹頭崎段
13122,北寮段
13123,西阿里關段
13124,西大丘園段
13125,雙連段
13126,平坑段
13127,龍眼林段
13128,水井段
13129,番仔坑段
13130,鹽水坑段
13131,北安段
13132,南庄段
13133,麒麟段
13134,圓山段
13135,石屋段
13136,北勢段
13137,古董段
13138,大邱段
13139,飯包段
13140,頭份段
13141,大竹坑段
13142,五王段
13143,永康段
13144,網寮段
13145,蜈蜞潭段
13146,蔦松段
13147,三崁店段
13148,嚴行段
13149,六甲頂段
13150,大灣段
13151,西勢段
13152,西勢段一小段
13153,西勢段二小段
13154,王田段
13155,車行段
13156,永新段
13157,南新段
13158,南工段
13159,六合段
13160,兵北段
13161,復國段
13162,信義段
13163,忠孝段
13164,仁愛段
13165,中興段
13166,成功段
13167,兵南段
13168,勝利段
13169,鹽洲段
13170,頂東段
13171,頂中段
13172,頂南段
13173,頂安段
13174,頂溪段
13175,頂西段
13176,鹽東段
13177,鹽西段
13178,鹽南段
13179,鹽北段
13180,鹽中段
13181,保生段
13182,埔北段
13183,王行段
13184,富強段
13185,市政段
13186,龍潭段
13187,永信段
13188,永華段
13189,永興段
13190,東橋段
13191,二王段
13192,永二段
13193,文化段
13194,建國段
13195,永保段
13196,正強段
13197,安康段
13198,鹽埕段
13199,橋北段
13200,北灣段
13201,北極段
13202,南灣段
13203,三村段
13204,禹帝段
13205,鹽新段
13206,國聖段
13207,西灣段
13208,頭前段
13209,永大段
13210,中灣段
13211,東灣段
13212,東南段
13213,永和段
13214,永仁段
13215,永中段
13216,永強段
13217,王新段
13218,崑山段
13219,自強段
13220,廣富段
13221,亞太段
13222,廣興段
13223,四維段
13224,埔園段
13225,烏竹段
13226,文明段一小段
13227,文明段二小段
13228,文明段三小段
13229,大埔段一小段
13230,大埔段二小段
13231,大埔段三小段
13232,楠樹腳段一小段
13233,楠樹腳段二小段
13234,崇蘭段
13235,崇蘭段一小段
13236,新街段一小段
13237,新街段二小段
13238,新街段三小段
13239,和平段
13240,舊街段一小段
13241,舊街段二小段
13242,舊街段三小段
13243,公園段一小段
13244,公園段二小段
13245,公園段三小段
13246,六塊厝段
13247,公館段
13248,溝美段
13249,溝美段一小段
13250,街頭段一小段
13251,街頭段二小段
13252,街頭段三小段
13253,街頭段四小段
13254,街頭段五小段
13255,街頭段六小段
13256,勝興段
13257,福光段
13258,前進段
13259,歸來段
13260,頭前溪段
13261,檳榔腳段一小段
13262,檳榔腳段二小段
13263,林子內段
13264,大湖段
13265,大湖段一小段
13266,海豐段
13267,海豐段一小段
13268,斯文段
13269,北勢段
13270,水源段
13271,水源段一小段
13272,水源段二小段
13273,大連段
13274,復興段
13275,明正段
13276,灰磘段
13277,潭墘段
13278,民和段
13279,大同段
13280,新生段
13281,歸仁段
13282,民生段
13283,清溪段
13284,瑞光段
13285,香揚段
13286,花園段
13287,林內段
13288,洛陽段
13289,新興段
13290,長春段
13291,建國段
13292,新屏段
13293,勝利段
13294,北勢頭段
13295,溝仔尾段
13296,萬年段
13297,豐田段
13298,大慶段
13299,玉成段
13300,豐年段
13301,忠孝段
13302,和生段
13303,凌雲段
13304,廣興段
13305,公興段
13306,和興段
13307,香揚段一小段
13308,信興段
13309,新勝興段
13310,豐田段壹小段
13311,正安段
13312,古松段
13313,大春段
13314,中柳段
13315,歸義段
13316,頂柳段
13317,福正段
13318,公勤段
13319,北勢段一小段
13320,大鵬段
13321,雲鵬段
13322,新海豐段
13323,三山段
13324,信和段
13325,金城段
13326,龍華段
13327,新歸來段
13328,萬丹段
13329,萬丹段一小段
13330,社皮段
13331,濫庄段
13332,濫庄段一小段
13333,頂林子段
13334,頂林子段一小段
13335,興化段
13336,保長厝段
13337,後庄子段
13338,萬新段
13339,下蚶段
13340,新庄子段
13341,甘棠門段
13342,甘棠門段一小段
13343,磚寮段
13344,新鐘段
13345,新林段
13346,新安段
13347,新全段
13348,豐田段
13349,溝美段一小段
13350,萬興段
13351,崙頂段
13352,田厝段
13353,社安段
13354,香社段
13355,灣內段
13356,萬後段
13357,萬全段
13358,萬安段
13359,萬生段
13360,萬惠段
13361,寶厝段
13362,水泉段
13363,新福段
13364,社上段
13365,廣安段
13366,社北段
13367,社西段
13368,頂新段
13369,竹林段
13370,水仙段
13371,上磚寮段
13372,頂竹段
13373,竹圍段
13374,新社皮段
13375,進興段
13376,長治段
13377,長興段
13378,長興段一小段
13379,德協段
13380,番子寮段
13381,華榮段
13382,長豐段
13383,新潭段
13384,永興段
13385,潭頭段
13386,崑崙段
13387,香潭段
13388,德榮段
13389,竹葉林段
13390,復興段
13391,繁華段
13392,興華段
13393,農科段
13394,榮興段
13395,榮華段
13396,德華段
13397,昌榮段
13398,協華段
13399,繁昌段
13400,水源段
13401,麟洛段
13402,麟洛段一小段
13403,麟忠段
13404,麟孝段
13405,麟仁段
13406,麟愛段
13407,麟信段
13408,麟義段
13409,麟和段
13410,麟平段
13411,玄聖段
13412,農場段
13413,徑仔段
13414,玉水段
13415,九如段
13416,九清段
13417,三塊厝段
13418,九塊段
13419,後庄段
13420,耆老段
13421,東寧段
13422,彭厝段
13423,彭厝段一小段
13424,下冷水坑段
13425,下冷水坑段一小段
13426,下冷水坑段二小段
13427,九智段
13428,九仁段
13429,九勇段
13430,九和段
13431,九平段
13432,九彭段
13433,里港段
13434,土庫段
13435,大港洋段
13436,武洛段
13437,塔樓段
13438,瀰力肚段
13439,三張廍段
13440,中崙段
13441,鐵店段
13442,春林段
13443,永春段
13444,過江段
13445,里平段
13446,玉田段
13447,潮北段
13448,定國段
13449,中萬甲段
13450,中和段
13451,新土庫段
13452,鹽埔段
13453,新圍段
13454,彭厝段
13455,新二段
13456,新德段
13457,新高段
13458,維新段
13459,鹽南段
13460,鹽中段
13461,鹽北段
13462,振興段
13463,久愛段
13464,大仁段
13465,彭南段
13466,洛陽段
13467,上洛陽段
13468,永隆段
13469,高朗段
13470,彭北段
13471,彭新段
13472,新莊段
13473,民意段
13474,仕絨段
13475,高華段
13476,大仁東段
13477,鹽東段
13478,振北段
13479,興愛段
13480,高樹段
13481,舊寮段
13482,東振新段
13483,埔羌崙段
13484,田子段
13485,阿拔泉段
13486,加蚋埔段
13487,大路關段舊大路關小段
13488,大路關段新大路關小段
13489,豐源段
13490,南興段
13491,興中段
13492,長榮段
13493,新南段
13494,田庄段
13495,泰和段
13496,源泉段
13497,泰山段
13498,三地段
13499,安坡段
13500,阿烏段
13501,賽嘉段
13502,大社段
13503,達來段
13504,馬兒段
13505,口社段
13506,沙溪段
13507,德文段
13508,新馬兒段
13509,巴都都龍段
13510,都魯夫魯父段
13511,都風段
13512,馬發利段
13513,拉路啊路嵅段
13514,古拉芙蘭段
13515,大芙峨段
13516,督答獁嘞段
13517,祝立大夫段
13518,嘎拉古籟段
13519,岱芙芙段
13520,搭夫搭夫段
13521,個勞段
13522,拉令阿蘭段
13523,薩利哇勞段
13524,度嗎尼蘭段
13525,拉利碧段
13526,瓦拉告段
13527,答呢地段
13528,督嘎薩尼蘭段
13529,巴路令阿令艾段
13530,祈雨山段
13531,報霧谷段
13532,德麻利瓦利瓦段
13533,督阿哇嗚段
13534,嗚納嗚納峨段
13535,督阿哇那斯段
13536,撒個薩個段
13537,烏力嘛吉路段
13538,霧台段
13539,佳暮段
13540,阿禮段
13541,去怒段
13542,好茶段
13543,大武段
13544,賀山段
13545,倫原段
13546,一場段
13547,歡喜段
13548,邊捕段
13549,大捕段
13550,魯南段
13551,拉夏段
13552,知山段
13553,境界段
13554,喬國段
13555,拉次段
13556,亞妮段
13557,拉布阿呢段
13558,拉布來來來呀呢段
13559,得啊呢段
13560,卡打打那呢段
13561,巴拉嗚紮呢段
13562,古巴布啊布依段
13563,得布得絲段
13564,搭巴魯拉魯拉呢段
13565,阿魯啊呢段
13566,卡里烏紮呢段
13567,伯日呢個段
13568,阿巴斯段
13569,巴拉茲段
13570,烏朱魯段
13571,古拉瓦撒呢段
13572,潮州段
13573,五魁寮段
13574,五魁寮段一小段
13575,五魁寮段二小段
13576,八老爺段
13577,崙子頂段
13578,檨子腳段
13579,四林段
13580,四林段一小段
13581,興美段
13582,五福段
13583,蓬萊段
13584,榮田段
13585,五魁段
13586,三星段
13587,中山段
13588,光華段
13589,四春段
13590,四塊厝段
13591,林後段
13592,明崙段
13593,崙東段
13594,崙潮段
13595,崙新段
13596,檨興段
13597,富春段
13598,圳頭段
13599,大興段
13600,建興段
13601,三共段
13602,國中段
13603,延平段
13604,明德段
13605,新光華段
13606,新生段
13607,永春段
13608,中洲段
13609,大同段
13610,光春段
13611,劉厝庄段
13612,八爺段
13613,建基段
13614,潮中段
13615,愛國段
13616,華興段
13617,新榮段
13618,新五魁段
13619,萬巒段
13620,四溝水段
13621,五溝水段
13622,赤山段
13623,赤山段一小段
13624,新厝段
13625,新厝段一小段
13626,佳佐段
13627,佳佐段一小段
13628,頭溝水段
13629,鹿寮段
13631,見月段
13632,新和段
13633,官倉段
13634,新置段
13635,萬全段
13636,萬和段
13637,民生段
13638,佳和段
13639,永慶段
13640,西盛段
13641,光明段
13642,內埔段
13643,忠心崙段
13644,老東勢段
13645,新東勢段
13646,新北勢段
13647,老埤段
13648,犂頭鏢段
13649,隘寮段
13650,番子厝段
13651,龍泉段
13652,新埔段
13653,美和段
13654,老北勢段
13655,新豐段
13656,壽比段
13657,興義段
13658,文化段
13659,廣濟段
13660,學人段
13661,和興段
13662,富田段
13663,早角段
13664,龍頸段
13665,北寧段
13666,南寧段
13667,東寧段
13668,內田段
13669,復興段
13670,上龍泉段
13671,龍潭段
13672,昭勝段
13673,中勝段
13674,大新段
13675,中林段
13676,鴻德段
13677,圳頭段
13678,大興段
13679,建興段
13680,水門風景段
13681,豐田段
13682,振豐段
13683,佳山段
13684,上東勢段
13685,竹田段
13686,二崙段
13687,南勢段
13688,南勢段一小段
13689,西勢段
13690,鳳山厝段
13691,溝子墘段
13692,溝子墘段一小段
13693,新田段
13694,新勢段
13695,竹南段
13696,美崙段
13697,鳳明段
13698,竹鳳段
13699,竹鳳段一小段
13700,鳳新段
13701,新街段
13702,竹洲段
13703,過溝段
13704,水源段
13705,頓物段
13706,神農段
13707,六巷段
13708,新埤段
13709,打鐵段
13710,建功段
13711,南岸段
13712,餉潭段
13713,糞箕湖段
13714,新力段
13715,新東段
13716,新華段
13717,新南段
13718,上萬安段
13719,海豐段
13720,萬隆段
13721,瑪家段
13722,北葉段
13723,涼山段
13724,筏灣段
13725,佳義段
13726,永樂段
13727,八大源段
13728,都逹逹樂段
13729,以馬翁段
13730,勒娃瞪段
13731,得布克段
13732,西阿路段
13733,大拉瓦拉瓦段
13734,達瓦力可遶段
13735,泰武段
13736,萬安段
13737,佳平段
13738,平和段
13739,武潭段
13740,佳興段
13741,新平和段
13742,立瓦登段
13743,比悠瑪段
13744,代竹瓦竹瓦段
13745,代柱瓦段
13746,熱棟段
13747,富給得段
13748,突阿拉印段
13749,拉佳段
13750,祈母土斯段
13751,吉沙巴蒂亞段
13752,阿福隆灣段
13753,來義段
13754,文樂段
13755,白鷺段
13756,丹林段
13757,新平和段
13758,望嘉段
13759,南和段
13760,古樓段
13761,義林段
13762,古社段
13763,巴楞蹦段
13764,武拉拉烏段
13765,盧瑪盧麥段
13766,遮蔽亞蘭段
13767,建安段
13768,三隆段
13769,東港段
13770,新街段
13771,大潭新段
13772,下段
13773,三西和段
13774,內關帝段
13775,南屏段
13776,新忠段
13777,新孝段
13778,新仁段
13779,新愛段
13780,新信段
13781,龍帝段
13782,新帝段
13783,關帝段
13784,東新段
13785,船頭段
13786,大東段
13787,嘉南段
13788,新義段
13789,大鵬段
13790,新和段
13791,大埔段
13792,三和段
13793,大潭新庄段
13794,超峰段
13795,嘉新段
13796,港墘段
13797,五房段
13798,新園段
13799,仙公廟段
13800,仙公廟段一小段
13801,田洋子段
13802,瓦 子段
13803,新吉段
13804,新洋段
13805,新洋段一小段
13806,五房州段
13807,烏龍段
13808,烏龍段一小段
13809,新利段
13810,南龍段
13811,興龍段
13812,新生段
13813,五族段
13814,鹽龍段
13815,鹽埔段
13816,鹽洲段
13817,共和段
13818,鹽新段
13819,港西段
13820,興厝段
13821,中洲段
13822,新東段
13823,仙吉段
13824,仙隆段
13825,新南段
13826,上烏龍段
13827,中興段
13828,新房段
13829,五龍段
13830,新堤段
13831,崁頂段
13832,崁頂段一小段
13833,過溪子段
13834,洲子段
13835,力社段
13836,頂忠段
13837,頂孝段
13838,頂仁段
13839,頂愛段
13840,頂信段
13841,頂義段
13842,頂和段
13843,頂安段
13844,港東段
13845,越溪段
13846,銀放索段
13847,成功段
13848,竹林段
13849,下庄段
13850,復興段一小段
13851,林邊段
13852,田墘厝段
13853,田墘厝段放索小段
13854,竹子腳段
13855,涵子口段
13856,復興段
13857,東林段
13858,光林段
13859,鎮林段
13860,永樂段
13861,中林段
13862,仁和段
13863,塭岸段
13864,富田段
13865,崎峰段
13866,內庄段
13867,鎮安段
13868,同安段
13869,溪洲段
13870,溪洲段一小段
13871,七塊厝段
13872,牛埔段
13873,車路墘段
13874,巷子內段
13875,濫頭段
13876,七塊段
13877,萬華段
13878,南州段
13879,南糖段
13880,米崙段
13881,壽元段
13882,三千段
13883,琉球段
13884,白沙段
13885,本漁段
13886,花矸段
13887,相埔段
13888,天台段
13889,大寮段
13890,大南段
13891,出火段
13892,白石坑段
13893,三台山段
13894,墾丁段
13895,鵝鑾段
13896,恆春段
13897,山腳段
13898,山腳段一小段
13899,網紗段
13900,鼻子頭段
13901,龍泉水段
13902,鵝鑾鼻段
13903,鵝鑾鼻段一小段
13904,鵝鑾鼻段二小段
13905,水泉段
13906,貓子坑段
13907,大平頂段上大平頂小段
13908,大平頂段下大平頂小段
13909,槺榔林段
13910,虎頭山段
13911,大樹房段
13912,機場段
13913,五里亭段
13914,大埔段
13915,公順段
13916,僑勇段
13917,恆東段
13918,宣化段
13919,草埔段
13920,西門段
13921,新厝段
13922,恆西段
13923,後壁湖段
13924,大光段
13925,恆南段
13926,大潭段
13927,城西段
13928,城南段
13929,城北段
13930,湖內段
13931,保新段
13932,水坑段
13933,石門埔段
13934,南勢湖山段
13935,尖山段
13936,海口山段
13937,車城段
13938,四重溪段
13939,保力段保力小段
13940,保力段山腳小段
13941,保力段竹社小段
13942,海口段
13943,新街段
13944,社寮段
13945,田中央段
13946,興安段
13947,田中段
13948,新海口段
13949,興統段
13950,新車城段
13951,社埔段
13952,大崎頂段
13953,九龍山段
13954,欖仁屋段
13955,加都魯段
13956,老佛山段
13957,大山母段
13958,鼻頭段
13959,水濁段
13960,滿州段
13961,響林段
13962,港口段
13963,九棚段
13964,九個厝段
13965,猪朥束段
13966,射麻裡段
13967,南仁段
13968,大平段
13969,滿林段
13970,花海段
13971,新滿州段
13972,依卡烏蘇灣段
13973,佳拉烏忍段
13974,馬路里耐段
13975,卡勒的布段
13976,卡茲達斯段
13977,佳力普古段
13978,發拉佳段
13979,奇黑呀段
13980,佳佛勒段
13981,佳路弓段
13982,佳阿烏段
13983,奇發發烏段
13984,卡佳佳南段
13985,普力姆段
13986,馬查出可斯段
13987,奇卡佳段
13988,久路發尤段
13989,沙里央段
13990,四林段
13991,東源段
13992,牡丹段
13993,旭海段
13994,石門段
13995,高士段
13996,牡丹灣段
13997,四林格段
13998,高士佛段
13999,頂茄芝來段
14000,八瑤段
14001,大梅段
14002,汝乃段
14003,里龍東段
14004,阿可里央段
14005,海鷗段
14006,新地段
14007,內寮村段
14008,新開村段
14009,飛地段
14010,枋寮段枋寮小段
14011,枋寮段北勢寮小段
14012,水底寮段
14013,大響營段
14014,大響營段一小段
14015,大響營段二小段
14016,北旗尾段
14017,番子崙段
14018,大庄段
14019,新開段
14020,內寮段
14021,東海段
14022,屏南段
14023,建興段
14024,新龍段
14025,德興段
14026,中山段
14027,隆山段
14028,保生段
14029,高田段
14030,北勢段
14031,中寮段
14032,天時段
14033,地利段
14034,人和段
14035,中華段
14036,沿海段
14037,北玄段
14038,南山段
14039,太源段
14040,三民段
14041,隆山北段
14042,隆安段
14043,上埔頭段
14044,佳冬段
14045,佳和段
14046,塭豐段
14047,石光見段
14048,昌隆段
14049,大武丁段
14050,武丁潭段
14051,下埔頭段
14052,羌園段
14053,屏北段
14054,復興段一小段
14055,萬建段
14056,佳興段
14057,六根段
14058,佳農段
14059,昌北段
14060,昌東段
14061,昌南段
14062,玉光段
14063,石光段
14064,賴家段
14065,內館段
14066,武丁段
14067,武新段
14068,新埔段
14069,塭仔段
14070,加祿段
14071,新加祿堂段
14072,平埔厝段
14073,莿桐段
14074,枋山段
14075,平埔段
14076,南勢湖段
14077,莿桐腳段
14078,加祿堂段
14079,楓港段
14080,平湖段
14081,七里段
14082,新枋山段
14083,春日段
14084,春日段一小段
14085,春日段二小段
14086,力里段
14087,力南段
14088,歸崇段
14089,歸崇段一小段
14090,古華段
14091,七佳段
14092,士文段
14093,士文段一小段
14094,烏福勒段
14095,大漢段
14096,補地滋段
14097,古哇巴樂段
14098,久雅住段
14099,卡細优拉雅段
14100,佳烏力拿瑪段
14101,馬路法瑞段
14102,古拉拉奧段
14103,獅子段
14104,瀑麻漾段
14105,沙烏古段
14106,郎萊段
14107,依泥日安段
14108,草埔段
14109,外師段
14110,楓林段
14111,竹坑段
14112,丹路段
14113,新路段
14114,內文段
14115,南世段
14116,南世段一小段
14117,巴士墨段
14118,內獅段
14119,古道段
14120,鐵筋段
14121,雙流段
14122,拼得樂段
14123,茶卡啦段
14124,麻里巴段
14125,阿拉非段
14126,里龍西段
14127,崩崁段
14128,大牛坑段
14129,塔加寮段
14130,路知可段
14131,家新路段
14132,霧里乙段
14133,內海段
14134,枋野段
14135,耶美須段
14136,獅子頂段
14137,佳歐夫段
14138,阿优豐段
14139,苦來油段
14140,里龍段
14141,口坑段
14142,麻优高段
14143,壽卡段
14144,婆猪古段
14145,豐村段
14146,德興段
14147,嘉禾段
14148,主商段
14149,福安段
14150,主權段
14151,民生段
14152,福祥段
14153,福德段
14154,北濱段
14155,林森段
14156,國風段
14157,德安段
14158,美港段
14159,明義段
14160,民享段
14161,富國段
14162,民意段
14163,民勤段
14164,民心段
14165,樹人段
14166,民德段
14167,自強段
14168,莊敬段
14169,裕民段
14170,碧雲段
14171,國光段
14172,花蓮港段
14173,美崙段
14174,民孝段
14175,國民段
14176,國股段
14177,國強段
14178,國興段
14179,慈濟段
14180,四維段
14181,功學段
14182,慈雲段
14183,石壁段
14184,民生段民生小段
14185,慈惠段一小段
14186,民意段民意小段
14187,山廣段
14188,佳山段
14189,新城段
14190,北埔段
14191,加禮段
14192,平野段
14193,中正段
14194,嘉平段
14195,嘉新段
14196,嘉南段
14197,嘉北段
14198,佳林段
14199,佳東段
14200,天佑段
14201,興田段
14202,興海段
14203,順安段
14204,草林段
14205,新興段
14206,樹林段
14207,康樂段
14208,大漢段
14209,廣安段
14210,吉安段
14211,田浦段
14212,南埔段
14213,化仁段
14214,廣榮段
14215,宜昌段
14216,慈安段
14217,仁禮段
14218,仁義段
14219,宜安段
14220,宜寧段
14221,仁廉段
14222,仁恥段
14223,太昌段
14224,慶豐段
14225,福興段
14226,稻香段
14227,慈勝段
14228,慈惠段
14229,吉興段
14230,稻園段
14231,光華段
14232,光華段二小段
14233,永安段
14234,永興段
14235,福吉段
14236,福南段
14237,華興段
14238,南華段
14239,草芬段
14240,干城段
14241,廣賢段
14242,東昌段
14243,海濱段
14244,光中段
14245,仁和段
14246,仁愛段
14247,光明段
14248,光學段
14249,光輝段
14250,光英段
14251,初音段
14252,慈惠段一小段
14253,福華段
14254,五十甲段
14255,白雲段
14256,荖溪段
14257,山嶺段
14258,鹽寮段
14259,北坑段
14260,中坑段
14261,牛山段
14262,下月段
14263,明月段
14264,上月段
14265,米棧段
14266,草鼻段
14267,賀田段
14268,北坑頭段
14269,草竹坑段
14270,下蕃薯寮段
14271,下芳寮段
14272,潭南段
14273,壽段
14274,豐田段
14275,志學段
14276,治平段
14277,月眉段
14278,水璉段
14279,豐坪段
14280,萬壽段
14281,萬壽段二小段
14282,萬壽段一小段
14283,萬壽段三小段
14284,東明段
14285,東升段
14286,光榮段
14287,共和段
14288,沼田段
14289,政明段
14290,三農段
14291,南坑段
14292,蕃薯寮段
14293,芳寮段
14294,壽月段
14295,潭北段
14296,池南段
14297,豐山段
14298,豐東段
14299,烏杙段
14300,志新段
14301,東華段
14302,精鐘段
14303,鯉魚潭段
14304,溪南段
14305,溪頭段
14306,溪口段
14307,大坪段
14308,豐南段
14309,大湖腳段
14310,華東段
14311,榮光段
14312,忠孝段
14313,壽農段
14314,豐裡段
14315,路內段
14316,吳全段
14317,平和段
14318,農墾段
14319,萬富段
14320,萬豐段
14321,壽山段
14322,秀林段
14323,富世段
14324,和平段
14325,愚堀段
14326,陶樸閣段
14327,洛韶段
14328,慈恩段
14329,崇德段
14330,瀧澗段
14331,清水段
14332,合歡段
14333,景美段
14334,三棧段
14335,天祥段
14336,榕樹段
14337,佳民段
14338,大禮段
14339,銅門段
14340,文蘭段
14341,重光段
14342,水源段
14343,克寶山段
14344,克來寶段
14345,天長段
14346,萬善段
14347,南奇萊段
14348,檜林段
14349,盤石段
14350,能高段
14351,武陵段
14352,見晴台段
14353,桃源段
14354,牡丹岩段
14355,哈崙段
14356,木瓜段
14357,大景段
14358,白鮑溪段
14359,煙冠段
14360,琴山段
14361,北南段
14362,騾馬望段
14363,武那志段
14364,文迷段
14365,比林段
14366,波浪段
14367,西吉南段
14368,望台段
14369,大檜段
14370,清昌溪段
14371,奇萊段
14372,杜錦段
14373,千里眼山段
14374,陶塞段
14375,德布克段
14376,玻士岸段
14377,道拉斯段
14378,帛士林段
14379,克尼坡段
14380,阿優烏來段
14381,太魯閣段
14382,德姆南段
14383,太主段
14384,塔山段
14385,豬股段
14386,龍溪段
14387,嵐山段
14388,夫婦段
14389,白葉段
14390,卡來萬段
14391,右岸山段
14392,杵望山段
14393,三角錐段
14394,曉星山段
14395,朝瞰山段
14396,雞鳴山段
14397,南湖山段
14398,中央尖段
14399,無名山段
14400,羊頭山段
14401,嵩山段
14402,文山段
14403,新白楊段
14404,碧綠段
14405,慈航橋段
14406,關原段
14407,松雪樓段
14408,屏風山段
14409,北奇萊段
14410,立霧段
14411,南酬山段
14412,江口山段
14413,帕托魯段
14414,榮山段
14415,人道山段
14416,研海段
14417,綠水段
14418,布洛灣段
14419,燕子口段
14420,慈母橋段
14421,上崇德段
14422,下崇德段
14423,民有段
14424,佐倉段
14425,娑婆礑段
14426,荖腦山段
14427,木瓜南山段
14428,砂卡礑段
14429,古魯社段
14430,飛田盤山段
14431,板下段
14432,長春段
14433,論外山段
14434,布拉旦段
14435,加灣段
14436,格督尚段
14437,上水源段
14438,下水源段
14439,依柏合段
14440,柏拉腦段
14441,麗太段
14442,巴朗段
14443,大安段大安一小段
14444,光復段
14445,大安段
14446,大平段
14447,大富段
14448,富田段
14449,東富段
14450,太巴塱段
14451,溪州段
14452,達莫段
14453,砂荖段
14454,西富段
14455,馬佛段
14456,水廣段
14457,新庄段
14458,大全段
14459,大豐段
14460,富豐段
14461,大馬段
14462,加里洞段
14463,大興段
14464,大和段
14465,大農段
14466,加禮灣段
14467,阿托莫段
14468,馬山段
14469,南富段
14470,管真段
14471,利哈岸段
14472,兆豐段
14473,鳳林段
14474,林田段
14475,山興段
14476,萬里橋段
14477,榮東段
14478,榮花段
14479,榮發段
14480,鳳仁段
14481,鳳光段
14482,鳳明段
14483,榮開段
14484,榮昌段
14485,林榮段
14486,水車段
14487,北林段
14488,大榮段
14489,鳳信段
14490,南平段
14491,鳳義段
14492,鳳凰段
14493,鳳榮段
14494,森榮段
14495,長橋段
14496,中心埔段
14497,綜開段
14498,山崎段
14499,箭瑛段
14500,中興段
14501,中原段
14502,秀朗段
14503,磯崎段
14504,宮下段
14505,豐濱段
14506,新社段
14507,臨海段
14508,海濱段
14509,石梯段
14510,大港口段
14511,靜埔段
14512,浴海段
14513,新豐段
14514,東興段
14515,豐義段
14516,豐仁段
14517,石門段
14518,秀山段
14519,長虹段
14520,三富段
14521,八里灣段
14522,古努安段
14523,悅付南段
14524,萬榮段
14525,西林段
14526,見晴段
14527,明利段
14528,馬遠段
14529,紅葉段
14530,富士岳段
14531,二子山段
14532,安山段
14533,瞭望台段
14534,清晰段
14535,萬安段
14536,西晴段
14537,安東段
14538,高嶺段
14539,大觀段
14540,王武塔段
14541,馬太鞍段
14542,加濃溪段
14543,鞍南段
14544,鞍溪段
14545,丹大山段
14546,大石公段
14547,望溪段
14548,嶺南段
14549,可汗段
14550,拔子段
14551,虎頭山段
14552,迪佳山段
14553,萬寶段
14554,萬利段
14555,西寶段
14556,虎林段
14557,支亞干段
14558,新白陽段
14559,泰林段
14560,高寮段
14561,麻汝段
14562,滿自然段
14563,東豐南段
14564,安坐段
14565,三民段
14566,大禹段
14567,玉昌段
14568,玉璞段
14569,玉城段
14570,玉泉段
14571,玉里段
14572,春日段
14573,觀音山段
14574,樂合段
14575,長良段
14576,永安段
14577,源城段
14578,三義段
14579,三義段一小段
14580,三義段二小段
14581,東豐段
14582,禹東段
14583,禹東段一小段
14584,松浦段
14585,禹北段
14586,東豐段小小段
14587,大嵙山段
14588,酸柑段
14589,禹中段
14590,玉東段
14591,民南段
14592,民北段
14593,禹西段
14594,船山段
14595,永良段
14596,馬太林山段
14597,石崗山段
14598,安通山段
14599,玉璞段一小段
14600,玉璞段二小段
14601,德武段
14602,神農段
14603,哈拉灣段
14604,宮前段
14605,赤科山段
14606,瑞北段
14607,瑞祥段
14608,溫泉段
14609,青蓮段
14610,富源段
14611,富源段可汗小段
14612,富興段
14613,瑞穗段
14614,鶴岡段
14615,舞鶴段
14616,奇美段
14617,瑞燕段
14618,瑞美段
14619,瑞泉段
14620,瑞新段
14621,瑞良段
14622,瑞強段
14623,北岡段
14624,南岡段
14625,掃叭頂段
14626,烏漏段
14627,大奇山段
14628,興北段
14629,源北段
14630,興南段
14631,源南段
14632,新瑞山段
14633,奇密山段
14634,里牙津山段
14635,加萊坑山段
14636,舞鶴東段
14637,新舞鶴段
14638,四維段
14639,富田段
14640,成廣澳山段
14641,麻荖漏山段
14642,大里段
14643,東竹段
14644,富里段
14645,明里段
14646,石牌段
14647,中興段
14648,中平段
14649,富安段
14650,安通段
14651,富農段
14652,吳江段
14653,大庄段
14654,東里段
14655,農場段
14656,萬寧段
14657,學園段
14658,新興段
14659,竹田段
14660,學田段
14661,永豐段
14662,羅山段
14663,富長段
14664,大莊越山段
14665,安土堀山段
14666,豐南段
14667,大里仙山段
14668,拉庫拉庫段
14669,白端段
14670,崙天段
14671,舞樂山段
14672,三興段
14673,巴瓦薩庫段
14674,秀巒山段
14675,崙山段
14676,立山段
14677,山里段
14678,太平段
14679,卓溪段
14680,卓樂段
14681,清水段
14682,古風段
14683,石平段
14684,新生段
14685,鹿鳴段
14686,塔洛米段
14687,喀西帕南山段
14688,馬西桑段
14689,馬霍拉斯段
14690,米亞桑段
14691,大水窟段
14692,大分段
14693,南雙頭山段
14694,三叉山段
14695,瓦拉米段
14696,山風段
14697,腦寮段
14698,班喀段
14699,布拉克桑山段
14700,龍泉段
14701,江布南山段
14702,生保段
14703,玉林橋段
14704,丹大山段
14705,無雙段
14706,豐坪溪段
14707,尼克列段
14708,草古安山段
14709,苗圃段
14710,他尾羅山段
14711,新康山段
14712,馬立雲山段
14713,和留山段
14714,新吞山段
14715,南安段
14716,大福段
14717,石壁山段
14718,迪佳山段
14719,虎山段
14720,新田段
14721,興航段
14722,路頂段
14723,石川段
14724,台東段
14725,馬蘭段
14726,豐樂段
14727,豐田段
14728,卑南段
14729,知本段
14730,石山段
14731,中正段
14732,中心段
14733,中山段
14734,新生段
14735,永樂段
14736,光明段
14737,自強段
14738,新園段
14739,豐榮段
14740,豐谷段
14741,建國段
14742,建業段
14743,建興段
14744,康樂段
14745,東農段
14746,大業段
14747,常德段
14748,梧州段
14749,東海段
14750,東谷段
14751,建成段
14752,岩灣段
14753,南清段
14754,永清段
14755,中清段
14756,豐年段
14757,豐富段
14758,順天段
14759,豐航段
14760,永豐段
14761,豐利段
14762,豐聖段
14763,德安段
14764,豐康段
14765,豐橋段
14766,南王段
14767,普優瑪段
14768,豐工段
14769,射馬干段
14770,建和段
14771,青林段
14772,建華段
14773,建本段
14774,建康段
14775,興安段
14776,旭川段
14777,豐里段
14778,豐川段
14779,豐源段
14780,豐嘉段
14781,石壁段
14782,北南王段
14783,永和段
14784,上岩灣段
14785,南榮段
14786,豐成段
14787,大豐段
14788,北石壁段
14789,富岡段
14790,合江段
14791,富岡南段
14792,泰安段
14793,東興段
14794,利泰段
14795,上源段
14796,山里段
14797,龍過脈段
14798,班鳩段
14799,初鹿段
14800,利家段
14801,加路蘭段
14802,檳榔段
14803,上原段
14804,富源段
14805,大南段
14806,鎮樂段
14807,建樂段
14808,稻葉段
14809,牧場段
14810,文泰段
14811,美濃段
14812,頂岩灣段
14813,後湖段
14814,三塊厝段
14815,梅園段
14816,煙草間段
14817,戶張段
14818,劍弗段
14819,拉戛段
14820,建岡段
14821,喀達段
14822,中之段
14823,蓬萊段
14824,雨山段
14825,澱粉段
14826,下賓朗段
14827,千歲段
14828,民生段
14829,卡帕里瓦段
14830,比利良段
14831,大巴六九段
14832,巴蘭段
14833,電廠段
14834,呂家望段
14835,四格段
14836,富山段
14837,南山里段
14838,嘉豐段
14839,利吉段
14840,利卡夢段
14841,明峰段
14842,南寮段
14843,中寮段
14844,公館段
14845,公館東段
14846,公館西段
14847,上南寮段
14848,下南寮段
14849,新中寮段
14850,阿眉山段
14851,野銀段
14852,漁人段
14853,椰油段
14854,朗島段
14855,紅頭段
14856,東清段
14857,小蘭嶼段
14858,南都歷段
14859,都豐段
14860,和平南段
14861,和平北段
14862,北都歷段
14863,都靡呀仔段
14864,嘎拉樸奈段
14865,卡卡嘎萬段
14866,吧啦飛伊喃段
14867,加呼啦灣段
14868,馬多阿呀嗯段
14869,新都威段
14870,玉港段
14871,新美山段
14872,大濱段宜灣小段
14873,大濱段重安小段
14874,大濱段
14875,小湊段石傘小段
14876,小湊段小港小段
14877,小湊段美山小段
14878,小湊段
14879,新港段白蓮小段
14880,新港段芝田小段
14881,新港段新港小段
14882,新港段八邊小段
14883,新港段
14884,嘉平段
14885,都歷段豐田小段
14886,都歷段都歷小段
14887,都歷段
14888,小馬段
14889,忠仁段
14890,忠智段
14891,忠勇段
14892,三民段
14893,成功段
14894,高台段
14895,三仙段
14896,坪頂段
14897,仙民段
14898,富民段
14899,小馬東段
14900,沙阿汝灣段
14901,崎發哈鞍段
14902,開眼山段
14903,重安溪段
14904,阿發呀蓋段
14905,沙泥灣段
14906,吉樸伊賽段
14907,札楞奈段
14908,金都來段
14909,吉馬那漢段
14910,馬沙沙翁段
14911,吉嚕耶旦段
14912,八里芒段
14913,鳩力岸段
14914,高原段
14915,北源段
14916,大馬段
14917,佳里段
14918,八里段
14919,都蘭段
14920,萬年段
14921,東河段
14922,南河段
14923,隆昌段
14924,七里段
14925,興隆段
14926,興昌段
14927,藍寶段
14928,那界段
14929,濁水段
14930,中興段
14931,烏心石段
14932,銅礦段
14933,北佳里段
14934,南佳里段
14935,北八里段
14936,南八里段
14937,沙吉道段
14938,清水段
14939,吉烏嚕岸段
14940,達卡岸段
14941,馬拉道段
14942,紅菜寮段
14943,馬達吉達段
14944,獅子山段
14945,逤菈渥滋段
14946,嘎紮鞍段
14947,真柄溪段
14948,石坑溪段
14949,巴啦鬧段
14950,發韃鞍南段
14951,塞塞雅段
14952,莎翁呢鄂水段
14953,烏石鼻段
14954,樟原段大峰峰小段
14955,樟原段姑仔律小段
14956,樟原段
14957,三間段大來小段
14958,三間段三間小段
14959,三間段
14960,真柄段
14961,長濱段
14962,中濱段掃別小段
14963,中濱段竹湖小段
14964,中濱段
14965,城山段彭仔存小段
14966,城山段巴桑安小段
14967,城山段僅那鹿角小段
14968,城山段
14969,寧埔段石寧埔小段
14970,寧埔段胆小段
14971,寧埔段
14972,長光段
14973,濱海段
14974,仰光段
14975,大俱來段
14976,加走灣段
14977,三間屋段
14978,東柄段
14979,馬稼海段
14980,黃金橋段
14981,中柄段
14982,城子埔段
14983,大壩來段
14984,八仙洞段
14985,馬拿醠嗨段
14986,拿阿德泛段
14987,發韃鞍北段
14988,吧斯嘎旦段
14989,朻櫓桿段
14990,三間溪段
14991,提歐崗段
14992,八桑灣段
14993,玉長段
14994,新竹湖段
14995,雷公火段
14996,關山段
14997,月野段
14998,日出段
14999,月美段
15000,豐泉段
15001,中福段
15002,南山段
15003,里段
15004,德高段
15005,新福段
15006,溪埔段
15007,隆盛段
15008,西莊段
15009,水井段
15010,隆興段
15011,北庄段
15012,東明段
15013,親水段
15014,電光段
15015,中和段
15016,四維段
15017,泥火山段
15018,投北溪段
15019,隆昌段
15020,中華東段
15021,鹿寮段
15022,水源段
15023,源隆段
15024,鹿野段
15025,大原段
15026,永安段
15027,高台段
15028,中華段
15029,龍田段
15030,新源段
15031,瑞里段
15032,瑞豐段
15033,和平段
15034,濁水溪南段
15035,錦園東段
15036,富興東段
15037,池上段
15038,新開園段
15039,萬安段水墜小段
15040,萬安段萬安小段
15041,福原段
15042,福文段
15043,慶福段
15044,大同段
15045,大埔段
15046,北溪段
15047,南溪段
15048,大坡段
15049,錦園段
15050,富興段
15051,北興段
15052,中興段
15053,東興段
15054,南興段
15055,興富段
15056,萬朝段
15057,萬福段
15058,慶豐段
15059,大池段
15060,新興段
15061,牧野段
15062,錦富段
15063,振興東段
15064,阿撒汗段
15065,達魯納斯段
15066,海頓阿閥安段
15067,馬斯閥努段
15068,達給阿令段
15069,巴拉安段
15070,達克利斯段
15071,鸞山段
15072,康源段
15073,紅葉段
15074,永陵段
15075,武陵段
15076,駝背山段
15077,回頭山段
15078,米拉旦段
15079,拉古斯段
15080,分比好段
15081,馬依拉段
15082,馬馬哈段
15083,巴拉斯段
15084,尼阿普段
15085,拉尼卡曼段
15086,名都汗段
15087,開利段
15088,比斯巴蘭段
15089,旦希基段
15090,卡卡尤段
15091,頓拉蜜尚段
15092,拉寧阿閥安段
15093,拉拔拉拔段
15094,邁阿尚段
15095,卡拉卡拉恩安段
15096,巴吉努樂段
15097,該尼蘇恩安段
15098,馬斯庫司段
15099,疏拉巴坍段
15100,海端段
15101,紅石段
15102,加拿段
15103,廣原段
15104,向陽段
15105,霧鹿段
15106,下馬段
15107,崁頂段
15108,利稻段
15109,馬鼓意善段
15110,呼少安段
15111,一斯布斯段
15112,阿亞飛段
15113,哈巴特段
15114,哈哈烏了段
15115,馬依夫依凡段
15116,到翁谷段
15117,巴林新段
15118,馬疏巴泥麗段
15119,鋸腦男督護段
15120,拿都倫段
15121,上拉督拿虎段
15122,布努了哈力飛段
15123,汗書吧難段
15124,疏巴大難段
15125,善打拿滿段
15126,海努督難段
15127,大濛哈大了段
15128,拉拉哥大段
15129,隡卡績凡段
15130,打路汗意卡凡段
15131,卡路卡拉日段
15132,意如砍段
15133,撒拉績卡段
15134,撒卡績滿段
15135,拉馬打西信段
15136,古都母績段
15137,達丹娜段
15138,達思達斯段
15139,普樂都馬日段
15140,北希發安恩段
15141,依沙沙段
15142,馬媽哈因段
15143,達扭段
15144,哈利普松段
15145,烏海凡恩段
15146,歐卡福段
15147,麻拿道段
15148,基那因段
15149,南希發安恩段
15150,依亞飛段
15151,達米段
15152,卡夫怒男段
15153,胡胡斯都蘭段
15154,布布努了段
15155,馬啦哈散段
15156,加津林段
15157,愛國蒲段
15158,大武段
15159,大竹段
15160,南興段
15161,大鳥段
15162,復興段
15163,尚武段
15164,加羅段
15165,愛國段
15166,虎頭山段
15167,笆札筏段
15168,太麻里段
15169,美和段
15170,香蘭段
15171,泰和段
15172,大王段
15173,金崙段
15174,華源段
15175,多良段
15176,金星段
15177,北太麻里段
15178,金山段
15179,北橋段
15180,泰王段
15181,德其段
15182,泰德段
15183,金富段
15184,北溪段
15185,荒野段
15186,秀山段
15187,荖花段
15188,樂山段
15189,龍泉段
15190,金華段
15191,溪底段
15192,蘭里段
15193,大溪段
15194,都哇拔段
15195,拉了錦段
15196,指夫安段
15197,安子夫安段
15198,朱古朱古人段
15199,抓給捕段
15200,都哇發了都歌段
15201,都哇啊都非段
15202,清水勞段
15203,給給勞段
15204,西西哈段
15205,查了依斯段
15206,安朔段
15207,愛國段
15208,加羅段
15209,森永段
15210,新化段
15211,紹雅段
15212,南田段
15213,土坂段
15214,台坂段
15215,拉力坂段
15216,新興段
15217,中興段
15218,大谷段
15219,紹家段
15220,姑子崙段
15221,佳菩安段
15222,五福谷段
15223,達人段
15224,嘎加依拿發勞段
15225,卡發看段
15226,沙沙西雅段
15227,馬胡內乃段
15228,台拉段
15229,比努烏魯旺段
15230,包霧目里段
15231,達爾朋段
15232,魯拉克斯段
15233,舊古物段
15234,比魯段
15235,賓茂段
15236,嘉蘭段
15237,介達段
15238,金灣段
15239,壢坵段
15240,崑崙段
15241,大蘭段
15242,馬武段
15243,金峰段
15244,金山段
15245,正興段
15246,斗里段
15247,密老段
15248,包盛段
15249,達卡老段
15250,飛龍段
15251,那蘭段
15252,都大段
15253,吐魯姑段
15254,達達冷段
15255,馬勒卡段
15256,卡里布段
15257,巴拉魯段
15258,都魯木段
15259,卡麓灣段
15260,嘉新段
15261,菘武洛社段
15262,卡拉達蘭段
15263,舊加阿斯段
15264,市港段
15265,湖前段
15266,湖新市段
15267,湖尚劃段
15268,中四劃段
15269,中五劃段
15270,中六劃段
15271,中七劃段
15272,中八劃段
15273,北五劃段
15274,太湖劃段
15275,榕園劃段
15276,羅劃段
15277,湖后劃段
15278,湖高劃段
15279,湖東劃段
15280,北四劃段
15281,后沙劃段
15282,石牌段
15283,瓊林段
15284,尚義段
15285,陳坑段
15286,漁村段
15287,湖段
15288,新頭段
15289,小徑段
15290,夏興段
15291,塔后段
15292,太武段
15293,南雄段
15294,士校段
15295,農試所段
15296,多年段
15297,峰上段
15298,料羅段
15299,庵邊段
15300,新塘段
15301,后壟段
15302,下新厝段
15303,西埔段
15304,瓊海段
15305,北碇段
15306,太湖劃測段
15307,羅劃測段
15308,東碇段
15309,新市段
15310,山外段
15311,沙段
15312,北六劃段
15313,沙港劃段
15314,北八劃段
15315,北九劃段
15316,北九十劃段
15317,沙溪一劃段
15318,官嶼劃段
15319,沙東劃段
15320,沙碧劃段
15321,沙宅劃段
15322,沙田劃段
15323,斗門劃段
15324,蔡厝劃段
15325,中蘭劃段
15326,浯坑段
15327,北五劃段
15328,湖段
15329,浯坑劃段
15330,官澳段
15331,青嶼段
15332,西園段
15333,山后段
15334,山柄段
15335,洋山段
15336,浦邊段
15337,大山段
15338,擎天段
15339,后宅段
15340,山西段
15341,碧山段
15342,英坑段
15343,榮湖段
15344,陽宅段
15345,東珩段
15346,東店段
15347,鵲山段
15348,大洋段
15349,呂厝村段
15350,汶沙段
15351,後山前段
15352,東沙尾段
15353,新前墩段
15354,高坑劃段
15355,高陽段
15356,洋山測段
15357,浦邊測段
15358,青嶼測段
15359,浯坑劃測段
15360,西園測段
15361,后宅測段
15362,官澳測段
15363,蔡厝劃測段
15364,中蘭劃測段
15365,斗門劃測段
15366,草嶼段
15367,后嶼段
15368,高坑劃測段
15369,保生段
15370,祥和段
15371,城東段
15372,城隍廟段
15373,天后宮段
15374,城南段
15375,奎星樓段
15376,城段
15377,山段
15378,山城劃段
15379,東一劃段
15380,北一劃段
15381,墅劃段
15382,金城劃段
15383,鳳翔段
15384,旗牌段
15385,烏士段
15386,莒光樓段
15387,庵前段
15388,官裡段
15389,古坵段
15390,賢厝段
15391,后豐港段
15392,舊金城段
15393,山前段
15394,古井段
15395,水頭段
15396,蜈蚣山段
15397,古崗段
15398,燕南山段
15399,珠山段
15400,東沙段
15401,歐厝段
15402,后湖段
15403,東紅山段
15404,庵前劃段
15405,古塔段
15406,小西門劃段
15407,金門城段
15408,前水頭段
15409,賢厝村段
15410,歐厝村段
15411,珠山村段
15412,庵前村段
15413,古坵村段
15414,泗湖村段
15415,前山村段
15416,夏墅村段
15417,洪門港段
15418,官路邊段
15419,吳厝村段
15420,鎮西段
15421,古崗村段
15422,中一段
15423,北一段
15424,延平段
15425,小西門劃測段
15426,庵前劃測段
15427,建功嶼段
15428,東碇段
15429,祥豐段
15430,祥安段
15431,北堤段
15432,城西段
15433,祥瑞段
15434,城北段
15435,寧段
15436,寧劃段
15437,寧劃中段
15438,中二劃段
15439,中三劃段
15440,北二三劃段
15441,北四劃段
15442,寧安二劃段
15443,寧安四劃段
15444,寧安五劃段
15445,寧湖一劃段
15446,寧湖二劃段
15447,寧湖三劃段
15448,寧湖六劃段
15449,寧北一劃段
15450,寧古劃段
15451,后沙劃段
15452,西堡劃段
15453,中一劃段
15454,后垵段
15455,東洲段
15456,機場段
15457,寧山段
15458,中山林段
15459,青山段
15460,后盤山段
15461,西山段
15462,湖尾段
15463,大園段
15464,仁愛段
15465,長寮段
15466,煙墩段
15467,慈湖段
15468,赤岑段
15469,龍潭段
15470,后盤村段
15471,西浦頭段
15472,后湖村段
15473,安岐村段
15474,東州村段
15475,上后垵段
15476,昔果山段
15477,西山村段
15478,湖南村段
15479,下后垵段
15480,山灶村段
15481,下埔下段
15482,埔邊村段
15483,頂埔下段
15484,埔后村段
15485,后沙村段
15486,嚨口村段
15487,東坑村段
15488,湖下村段
15489,古寧頭段
15490,盤山村段
15491,榜林村段
15492,湖尾村段
15493,鎮西段
15494,寧劃中測段
15495,北二三劃測段
15496,中三劃測段
15497,西堡劃測段
15498,后沙劃測段
15499,寧湖二劃測段
15500,后湖段
15501,安西劃段
15502,烈段
15503,烈濱劃段
15504,后井段
15505,中墩段
15506,后宅段
15507,南塘段
15508,東坑段
15509,黃埔段
15510,上林段
15511,西方段
15512,后頭段
15513,西方劃段
15514,九宮段
15515,龍骨山段
15516,公園段
15517,庵下段
15518,紅山段
15519,大山頂段
15520,前埔段
15521,福上山段
15522,陵水湖段
15523,楊厝段
15524,沙溪段
15525,東林段
15526,古廟段
15527,青岐段
15528,上庫段
15529,東面山段
15530,大山頂測段
15531,沙溪側段
15532,楊厝測段
15533,陵水湖測段
15534,前埔測段
15535,福上山測段
15536,紅山測段
15537,烈濱劃測段
15538,公園測段
15539,大膽段
15540,二擔段
15541,復興嶼段
15542,猛虎嶼段
15543,獅嶼段
15544,龍骨山測段
15545,九宮測段
15546,東面山測段
15547,西方劃測段
15548,庵下測段
15549,東園劃段
15550,大坵段
15551,小坵段
15552,中央嶼段
15553,四角嶼段
15554,雞籠嶼段
15555,井垵西段
15556, 嵵裡新段
15557,風櫃東段
15558,風櫃西段
15559,五德西段
15560,井垵東段
15561,馬公段
15562,紅木埕段
15563,紅木埕段
15564,火燒坪段
15565,西衛段
15566,後窟潭段
15567,文澳段
15568,大案山段
15569,小案山段
15570,東衛段
15571,宅腳嶼段
15572,前寮段
15573,石泉段
15574,菜園段
15575,雙頭掛段
15576,烏崁段
15577,鐵線尾段
15578,雞母塢段
15579,井子垵段
15580,鎖管港段
15581,豬母水段
15582,蒔裡段
15583,風櫃尾段
15584,虎井段
15585,桶盤段
15586,埕東段
15587,文化段
15588,西澳段
15589,埕中段
15590,埕西段
15591,光榮段
15592,文光段
15593,春暉段
15594,東澳段
15595,南澳段
15596,案山段
15597,四維段
15598,五福段
15599,六合段
15600,國宅段
15601,海堤段
15602,北極段
15603,雙湖段
15604,文石段
15605,文寮段
15606,中山段
15607,北澳段
15608,中衛段
15609,文東段
15610,安宅段
15611,光華段
15612,興崁段
15613,東衛段
15614,鐵線段
15615,烏崁新段
15616,鎖港西段
15617,山水北段
15618,山水西段
15619,鎖港南段
15620,山水東段
15621,山水南段
15622,五德東段
15623,興仁南段
15624,興仁段
15625,錠鉤嶼段
15626,查埔嶼段
15627,番黍仔尾嶼段
15628,赤嶼段
15629,雞善嶼段
15630,溪塭段
15631,成功南段
15632,沙港北段
15633,潭邊新段
15634,中西段
15635,南寮北段
15636,南寮南段
15637,北寮新段
15638,菓葉新段
15639,龍門段
15640,尖山北段
15641,紅羅段
15642,東石新段
15643,沙港東段
15644,西溪新段
15645,湖西段
15646,湖東段
15647,南寮段
15648,北寮段
15649,果葉段
15650,良文港段
15651,尖山段
15652,林投段
15653,隘門段
15654,太武段
15655,大城北段
15656,青螺段
15657,白猿坑段
15658,西溪段
15659,紅羅罩段
15660,港底段
15661,東石段
15662,沙港段
15663,土地公前段
15664,鼎灣段
15665,潭邊段
15666,港子尾段
15667,西寮段
15668,中寮段
15669,機場段
15670,龍門北段
15671,林投北段
15672,尖山中段
15673,隘門新段
15674,太武新段
15675,龍門南段
15676,林投南段
15677,尖山南段
15678,查某嶼段
15679,龍門西段
15680,許家段
15681,鼓架嶼段
15682,成功北段
15683,沙港南段
15684,鼎灣新段
15685,湖西北段
15686,湖西南段
15687,南寮新段
15688,青螺新段
15689,湖東新段
15690,白坑段
15691,香爐嶼段
15692,雁情嶼段
15693,太武西段
15694,城北段
15695,金嶼段
15696,毛司嶼段
15697,白沙嶼段
15698,毛常嶼段
15699,南面掛嶼段
15700,坪嶼段
15701,草嶼一段
15702,大礁段
15703,流迴礁段
15704,順風礁段
15705,白賊嶼段
15706,印仔段
15707,過嶼段
15708,土地公嶼段
15709,小屈爪段
15710,大磽嶼段
15711,龍頭礁段
15712,雞頭嶼段
15713,半年礁段
15714,吉貝東段
15715,後寮段
15716,小赤崁段
15717,通梁段
15718,鎮海段
15719,港尾段
15720,瓦硐段
15721,鳥嶼段
15722,大倉段
15723,岐頭段
15724,城前段
15725,大赤崁段
15726,中屯段
15727,港子段
15728,吉貝段
15729,姑婆嶼段
15730,險礁嶼段
15731,上瓦硐段
15732,赤崁北段
15733,下瓦硐段
15734,通梁南段
15735,通梁西段
15736,通梁東段
15737,通梁中段
15738,後寮南段
15739,後寮西段
15740,赤崁中段
15741,赤崁南段
15742,小赤段
15743,赤崁西段
15744,屈爪嶼段
15745,澎澎灘段
15746,小列嶼段
15747,鐵砧嶼段
15748,大白沙嶼段
15749,北礁段
15750,二磽礁段
15751,小龍段
15752,吉貝西段
15753,小嶼段
15754,目斗嶼段
15755,海墘嶼段
15756,小池角段
15757,二崁段
15758,合界頭段
15759,竹篙灣段
15760,大池角段
15761,內垵段
15762,緝馬灣段
15763,恆礁段
15764,外垵段
15765,外垵一段
15766,外垵二段
15767,二崁南段
15768,二崁北段
15769,內垵二段
15770,內垵三段
15771,赤馬一段
15772,內垵一段
15773,外垵三段
15774,金瓜仔礁段
15775,帆船嶼礁段
15776,小貓嶼段
15777,頭巾段
15778,二塭段
15779,鐘仔段
15780,船後礁段
15781,天台山塭段
15782,籠塭段
15783,豬母礁段
15784,酒甕礁段
15785,後袋仔段
15786,香爐段
15787,草嶼二段
15788,馬鞍山嶼段
15789,凹門礁段
15790,北塭段
15791,鐵砧段
15792,柴垵塭段
15793,望安段
15794,水垵段
15795,花宅段
15796,將軍澳段
15797,嶼坪段
15798,東吉段
15799,花嶼段
15800,西吉段
15801,草嶼段
15802,南塭段
15803,白沙塭段
15804,大塭段
15805,狗沙仔段
15806,鋤頭嶼段
15807,南塭二段
15808,大貓嶼段
15809,南塭一段
15810,大嶼段
15811,七美一段
15812,七美二段
15813,復興段
15814,介壽段
15815,福沃段
15816,清水段
15817,津沙段
15818,仁愛段
15819,珠螺段
15820,馬祖段
15821,四維段
15822,黃官嶼段
15823,劉泉礁段
15824,鞋礁段
15825,老鼠段
15826,中島段
15827,白廟段
15828,亮島段
15829,浪岩段
15830,后沃段
15831,塘岐段
15832,橋仔段
15833,芹壁段
15834,午沙段
15835, 里段
15836,白沙段
15837,大坵段
15838,無名島段
15839,高登段
15840,峭頭段
15841,進嶼段
15842,三連嶼段
15843,中島段
15844,白廟段
15845,老鼠段
15846,福正段
15847,大坪段
15848,田沃段
15849,青帆段
15850,犀牛嶼段
15851,大嶼段
15852,林坳段
15853,蛇山段
15854,東引段
15855,西引段
15856,亮島段
15857,浪岩段
15858,東引東段
15859,東引西段
15860,北固礁段
15861,南引段
15863,新泰山段
15864, 新田子段
15865,南華段
15866,田東段
15867,文田段
15868,大林段
15869,延豐段
15870,文昌段
15871,中湖段
15873,貞寮段
15874,劉厝段
15875,新虎溪段
15876,水尾口段
15877,雲林溪段
15882,竹木段
15883,統嶺段
15884, 北都蘭段
15885,上廍子段
15886,福德段
15887,高平段
15888,聯大段
15889,香茶段
15890,小埔社段
15891,新水井段
15892,蓬萊段
15893,新二湖段
15894,新鴨南段
15895,營前段
15896,金城段
15897,新玉峰段
15898,高寮南段
15899,新大禹段
15900,神社段
15901,水源段
15902,舊田段
15903,中洲段
15904,三山段
15905, 龍潭段
15906,大埔北段
15909,東海豐段
15910,新蔡厝段
15911,新下寮段
15912,詹厝段
15913,瑞山段
15914,荷苞段
15915,和豐段
15916,中崙段
15917,玉泉段
15918,惠農段
15919,石獅公段
15920,廣興段
15921,德勝段
15922,新鹿田段
15923,金龍段
15925,三民段
15926,新庄段
15927,福德段
15928,大湖口段
15929,下台地段
15930,和山段
15931,東崎段
15932, 新下霸段
15933,利吉北段
15934,坪頂段
15935,萬西段
15937,新洲美段
15938,軟橋段
15939,新洲美段
15940,軟橋段
15941,泉源段
15942,文北段
15943,溝背段
15944,碧柳段
15945,府東段
15946,新都心段
15947,泉南段
15948,龍泉段
15949,平實段
15950,育安段
15951,五條港段
15952,南門段
15953,郡王祠段
15954,柴山段
15955,內惟段
15956,新勝段
15957,左屏段
15958,左鐵段
15959,楠平段
15960,雄中段
15961,經貿段一小段
15962,竹北段
15963,竹北段一小段
15964,經貿段二小段
15965,經貿段三小段
15966,經貿段四小段
15967,明正段
15968,朝興段
15969,沿海段
15970,保成段
15971,林潭段
15972,中林段
15973,東隆段
15974,三和段
15975,興和段
15976,食坑段
15977,水哮段
15978,和潭段
15979,八卦段
15980,新庄南段
15981,美德段神美小段
15982,清水段
15983,和平段
15984,友情段
15985,信義段
15986,中鋒段
15987,內庄段
15988,復安段
15989,中軍段
15990,峰崗段
15991,樹人段
15992,同安段
15993,大舍段
15994,茄苳段
15995,典寶段
15996,大林段
15997,新光段
15998,尚和段
15999, 欉仔坑段
16000,得湖段
16001,嶺口段
16002,秋涼山段
16003,鼓山段
16004,旗甲段
16005,尾莊段
16006,東合段
16007,羅漢山段
16008,仙人圳段
16009,仙人段
16010,紫蝶段
16011,楠梓仙段
16012,雙坑段
16013,大坑段
16014,內寮段
16015,永吉段
16016,永富段
16017,大埔段
16018,新知段
16019,中環段
16020,信華段三小段
16021,壽山段
16022,青山段
16023,成蘆段
16024,成福段
16025,成泰段
16026,中興段
16027,仁信段
16028,信華段五小段
16029,福興段
16030,同興一段
16031,文程段
16032,貴和段
16033,新泰段
16034,橫窠段
16035, 大窠段
16036,自強段
16037,濛濛谷段
16038,櫻花段
16039,梅花湖段
16040, 斯馨段
16041,新鳥段
16042,新龜山段
16043,松林段
16044,雙溪口段
16045,長福段
16046,新小坑段
16047,玉豐段
16048,桶後北段
16049,嘎佑段
16050, 堰堤段
16051,佳興段
16052,長泰段
16053,安溪段
16054,永安段
16055,正義段
16056,龍福段
16057,三鶯段
16058,南靖段
16059,二甲段
16060,橋子頭一段
16061,橋子頭二段
16062,橋子頭三段
16063,國際段
16064,西湖段
16065,北園段
16066,西園段
16067,南園段
16068,東園段
16069,明德段
16070, 新猴硐段
16071,十分段
16072,南山一段
16073,南山二段
16074,平溪段
16075,石底一段
16076,菁桐段
16077,白石段
16078,新基段
16079,雙平段
16080,泰和段
16081,永興段
16082,聖德段
16083,樹梅段
16084,坪頂段
16085,樹興段
16086,水源段
16087,長青段
16088,北峰段
16089,八連段
16090,拱北段
16091,埔頭段
16092,埔坪段
16093,芝柏段
16094,茂長段
16095,龍米段
16096,米倉段
16097,中山段
16098,長坑段
16099,下罟段
16100,楓林段
16101,荖阡段
16102,坤門五段
16103,磚窯段
16104,宜科段
16105,金六結二段
16106,金六結三段
16107,金五結段
16108,慈安段
16109,中興段
16110,大東段
16111,新公園段
16112,和睦段
16113,枕山一段
16114,東榮一段
16115,東榮二段
16116,大吉三段
16117,協孝段
16118,新協和段
16119,福興段
16120,三結一段
16121,保昌段
16122,鹿埔新段
16123,丸山段
16124,寶員段
16125,和員段
16126,柯林一段
16127,柯林二段
16128,尾塹一段
16129,大隱二段
16130,尾塹二段
16131,大洲一段
16132,大洲二段
16133,大洲三段
16134,八角店段
16135,中路五段
16136,瑞源段
16137,半屏段
16138,大鶯段
16139,瑞興段
16140,東隆段
16141,草厝江段
16142,南興段
16143,永昌段
16144,隆德段
16145,瑞安段
16146,石園段
16147,康義段
16148,老街溪段
16149,宏華段
16150,宏昌段
16151,宏竹段
16159,樂捷段
16160,善捷段
16161,舊路坑一段
16162,舊路坑二段
16163,舊路坑三段
16164,塔寮坑段
16165,兔子坑段
16166,龍源段
16167,雙連段
16168,富林段
16169,文化段
16170,中科段
16171,河川底段
16172,聖德段
16173,聖亭段
16174,德龍段
16175,梅龍段
16176,竹龍段
16177,八德段
16178,洽水段
16179,泥橋段
16180,和原段
16181,南坑段
16182,北坑段
16183,長安段
16184,樹新段
16185,富林段
16186,埔頂段
16187,下埔頂段
16188,濱海段
16189,湖子內段興安小段
16190,湖子內段新民小段
16191,濱海段湖美小段
16192,竹村段貨轉小段
16193,黃梨園段
16194,照鏡段
16195,石門段
16196,福田段
16197,九芎湖段
16198,鹿鳴坑段
16199,照門段
16200,新頭分林段
16201,豐鄉段
16202,水坑壹段
16203,水坑貳段
16204,上山壹段
16205,上山貳段
16206,中坑段
16207,赤柯寮段
16208,新別段
16209,石潭段
16210,英才段
16211,文峰段
16212,建功段
16213,豐年段
16214,袍澤段
16215,明駝段
16216,大埔南段
16217,石頭坑段
16218,梅南東段
16219,梅南西段
16220,竹森段
16221,西湖段
16222,育英段
16223,八櫃段
16224,民華段
16225,藝文段
16226,新崎頂段
16227,公園段
16228,公園段
16229,隆興段
16230,山下段
16231,後湖段
16232,仁愛段
16233,正興段
16234,顯會段
16235,義民段
16236,和平段
16237,蘆竹段
16238,自強段
16239,東庄段
16240,大潭段
16241,下溪洲段
16242,龍城段
16243,義和西段
16244,栗林北段
16245,栗林南段
16246,新開北段
16247,新開南段
16248,百壽段
16249,跋阿諾乎段
16250,博安段
16251,東豐段
16252,福至段
16253,福興段
16254,東晉段
16255,福成段
16256,護安段
16257,成衣段
16258,南勢東段
16259,慶安段
16260,南勢段
16261,鹿峰東段
16262,鹿峰西段
16263,鹿寮東段
16264,沙工段
16265,沙工北段
16266,文光段
16267,太平段
16268,保寧段
16269,平等段
16270,六路段
16271,新竹林段
16272,紅竹段
16273,竹林東段
16274,福壽段
16275,豐工段
16276,石橋段
16277,大明段
16278,大豐段
16279,國豐段
16280,三角東段
16281,三角西段
16282,光啟段
16283,李洲段
16284,舊圳段
16285,花眉庄段
16286,西員寶北段
16287,六寶段
16288,六雅段
16289,員寶段
16290,牛埔段
16291,帝君段
16292,豐興段
16293,新大南段
16294,風坑段
16295,馬鳴段
16296,下廍子段
16297,虎尾寮段
16298,五張犁東段
16299, 五張犁西段
16300,溪壩段
16301,福安段
16302,福山段
16303,聖和段
16304,中天段
16305,新頭汴段
16306,學憶段
16307,長福段
16308,中南段
16309,福億段
16310,新豐段
16311,史港段
16312,新南埔段
16313,富頂段
16314,新雙龍段
16315,中潭段
16316,坪頂段
16317,新勞水坑段
16318,新桶頭段
16319,北隘寮段
16320,瑞達段
16321,東照段
16322,清秀段
16323,新民和段
16324,下城段
16325,永樂段
16326,光中段
16327,富貴段
16328,三民段
16329,明禮段
16330,新卓乃潭段
16331,東勢段
16332,大永段
16333,梅芳段
16334,新萬合段
16335,豐田段
16336,北挖仔段
16337,西庄段
16338,柳子溝段
16339,定興段
16340,泰平段
16341,蚵寮段
16342,曾家段
16343,新橋段
16344,福安段
16345,新東興段
16346,同安段
16347,彰崙段
16348,大德段
16349,鎮安段
16350,新東榮段
16351,新永昌段
16352,永明段
16353,五常段
16354,永社段
16355,武東段
16356,海豐段
16357,埔尾段
16358,新埤頭段
16359,沙崙段
16360,豐崙段
16361,綠筍段
16362,金雅段
16363,士林段
16364,明德段
16365,新溪州段
16366,萬年西段
16367,萬年東段
16368,貞寮段
16369,劉厝段
16370,新虎溪段
16371,水尾口段
16372,雲林溪段
16373,龍潭段
16374,秀才段
16375,崙北段
16376,科工段
16377,崙仔段
16378,長平段
16379,溝垻段
16380,咬狗北段
16381,咬狗庄段
16382,湖山段
16383,東德段
16384,過溪段
16385,興南段
16386,中溪段
16387,下溪段
16388,龍安段
16389,堀頭段
16390,新墾地段
16391,路墘段
16392,漢光段
16393,番溝段
16394,高林南段
16395,高林北段
16396,荷苞段
16397,南昌段
16398,鎮平段
16399,怡然段
16400,嘉興段
16401,大德段
16402,妮姑庵段
16403,興安段
16404,湖山寮段
16405,永定段
16409,新貓兒干段
16410,新草湖段
16411,洲仔段
16412,楊厝段
16413,後安段
16414,麥中段
16415,有才段
16416,豐德段
16417,新庄新段
16418,大崎段
16419,新庄段
16420,復興段
16421,埤子段
16422,新後庄段
16423,板頭段
16424,水仙段
16425,竹子腳新段
16426,魚寮段
16427,港尾寮新段
16428,六斗段
16429,後麻段
16430,三角段
16431,重寮段
16432,松山段
16433,鹿工段
16434,埤麻段
16435,新舊埤段
16438,江堀段
16439,粗溪新段
16440,安家厝段
16441,隆恩段
16442,檨仔林段
16443,大工三段
16444,新秀才段
16445,長勝段
16446,新茄苳段
16447,新坔頭港段
16448,洪水段
16449,孫厝段
16450,秀祐段
16451,河保段
16452,東原段
16453,三榮段
16454,新枋子林段
16455,廟後段
16456,大埤段
16457,海埤段
16458,大山段
16459,麻安段
16460,麻口段
16461,新官田段
16462,義田段
16463,隆興段
16464,成功段
16465,中東段
16466,西港堡段
16467,新樂段
16468,檨林段
16469,州海段
16470,中洲南段
16471,什美段
16472,北小新段
16473,南小新段
16474,胡厝段
16475,海安段
16476,新庄段
16477,鹿田段
16478,保生段
16480,南庄段
16481,中洲東段
16482,崁腳南段
16483,嘉南段
16484,六甲段
16485,三民段
16486,蔦松南段
16487,蔦松北段
16488,正北段
16489,永安段
16490,北興段
16491,新五魁段
16492,豐海段
16493,盛海段
16494,興盛段
16495,德和段
16496,下水泉段
16497,繁興段
16498,華錦段
16499,九堤段
16500,東庄段
16501,磚仔地段
16502,茄苳腳段
16503,新日段
16504,原田子段
16505,埔田段
16506,大林段
16507,柑園段
16508,成德段
16509,牛角灣段
16510,萬金段
16511,赤新段
16512,富山段
16513,新農段
16514,東勢段
16515,大和段
16516,農場段
16517,金榮段
16518,靶場段
16519,舊庄段
16520,楓港東段
16521,玉城段玉城一小段
16522,志平段
16523,丁仔漏段
16524,石梯坪段
16525,堺段
16526,馬里旺段
16527,富南段
16528,鱉溪段
16529,富山段
16530,吉拉米代段
16531,泥火山段
16532,後湖段
16533,富豐段
16534,蚊子洞段
16535,木瓜山段
16536,福岡段
16537,新莊段
16538,溪埔段
16539,東寧段
16540,埔頭段
16541,六十石山段
16542,大清水段
16543,克尼布段
16544,湧泉段
16545,新日出段
16546,和平段
16547,西勢湖段
16548,新大武段
16549,南都蘭段
16550,阿都蘭段
16551,永福段
16552,田組段
16553,水墜段
16554,汶沙測段
16558,前水頭測段
16559,夏墅測段
16560,賢聚測段
16561,古區測段
16562,洪門港測段
16563,官路邊測段
16564,大橋湖峰段
16565,麒麟山段
16566,中屯新段
16567,講美段
16568,城前新段
16569,鎮海新段
16570,港子西段
16571,鳥嶼新段
16572,合界段
16573,竹灣段
16574,小門段
16575,大池段
16576,池西段
16577,池東段
16578,赤馬二段
16994,彰興段
16995,柳營段柳營小段
16996,新南段
16997,協中段
16998,永興段
16999,新梗枋段
17000,龍肚段二小段
17001,豐津段
17007,大坵段
17008,光明段
17009,載興段
17010,公平段
17011,蕉場段
17012,北下林坪段
17013,南下林坪段
17014,九份寮段
17015,雙石段
17016,永興段
17017,棋山段
17018,埔心段
17019,新園段
17020,溪底段
17021,旗尾段一小段
17022,頂寮段
17023,富農段
17024,三峰段
17025,鎮安段
17026,頂水泉段
17027,溝底段
17028,竹圍段
17029,大湖段
17030,大肚華段
17031,山茶段
17032,鹿寮段
17033,旗尾段二小段
17034,龍安段
17035,橫山段
17036,九明段
17037,潮厝段
17038,大山段
17039,新豐段
17040,泰福段
17041,橫礁新段
17042,新崙子段
17043,石牛溪段
17044,新三界埔段
17045,槺榔埔段
17046,大雁頂段
17047,龍門段
17048,田寮段
17049,趙甲段
17050,新三泰段
17051,新園段二小段
17052,下坑段一小段
17053,九鬮段一小段
17054,土庫段一小段
17055,中路段一小段
17056,石案潭段一小段
17057,阿蓮段一小段
17058,崙子頂段一小段
17059,崗山營段一小段
17060,崗山營段二小段
17061,豐里段
17062,安仁段
17063,新園段一小段
17065,新廣原段
17066,玉成段
17067,龍騰段
17068,杉林段一小段
17069,茄苳湖段一小段
17070,十張犂段一小段
17071,十張犂段二小段
17072,新庄段一小段
17073,新庄段二小段
17074,月眉段一小段
17075,月眉段二小段
17076,月眉段三小段
17077,司馬段
17078,份尾段
17079,東阿里關段一小段
17080,東大邱園段一小段
17081,里烈可段
17082,十六份段
17083,大隱三段
17084,新福興段
17085,黃竹段
17086,龍德段
17087,新大林段
17088,福東段
17089,樟平段
17090,大華段
17091,鯉南段
17092,湳子段
17093,田心段
17094,新鼻段
17095,福厚段
17096,富海段
17097,海山段
17098,出水段
17099,大坑段
17100,後壁段
17101,坑口段
17102,山腳段
17103,公溝段
17104,大古段
17105,長發段
17106,溪洲段
17107,溪海段
17108,和平段
17109,華興段
17110,聖德段
17111,港口段
17112, 潮音段
17113,艋舺段
17114,南港段
17115,國際段
17116,舊厝段
17117,沙園段
17118,內湖段
17119,中新段
17120,新五湖段
17121,十三甲段
17122,後山仔段
17123,大山寮段
17124,公園段
17125,萬興段
17126,源興段
17127,双吉段
17128,磚井段
17129,下崁腳段
17130,新坑口段
17131,新高埔段
17132,竹行段
17133,科大段
17134,雙峰山段
17135,湖內段
17136,竹村段
17137,拕子段三小段
17138,湖光段
17139,新王功段
17141,興龍段
17142,新崙段
17143,福源段
17144,鎮田段
17145,新二重溪段
17146,十三張段
17147,景山段
17148,新上安段
17149,津興段
17150,大同段
18150,內城段
18151,新大馬段
18152,二林中科段
18153,中和東段
18154,草湖南段
18155,紅柴林段
18156,圓潭子段二小段
18157,屋拉力段
18158,麒麟段
18159,新萬貴段
18160,四月段
18161,田頭社段
18162,北銅鏡段
18163,北山段
18164,八壽段
18165,新義富段
18166,新健富段
18167,保西段
18168,前後班段
18169,新大坑段
18170,晉江東段
18171,大溪段
18172,馬錫山段
18173,高原段
18174,福庄段
18175,橫山段
18177,中原段
18178,雙潭段
18179,新福麗段
18180,赤柯坪段
18181,赤柯山段
18182,虎頭山段
18183,東片段
18184,竹坑段
18185,水堀頭段
18186,沙崙段
18187,廣興段
18188,東西庄段
18189,新潭段
18190,湖山段
18191,湖桶段
18192,新八邊段
18193,中庄段
18194,寮廍段
18195,北社內段
18196,頂員林新段
18197,大客北一段
18198,大客南段
18199,楓櫥段
18200,草湖北段
18201,淨德段
18202,四德段
18203,后科段
19202,新田段
19203,拕子段四小段
19204,共和段
20204,草寮段
20205,雄峰段
20206,福蓮段
20207,東興段
21207,佛光段
21208,頂新庄段
21209,興仁段
21210,梅山段
21211,下坪段
21212,水尾段
21213,上坪段
21214,北鎮樂段
21215,南鎮樂段
21216,新北溝段
21217,大坪段
22217,新郡坑段
22218,泰山段
22219,山水段
22220,后安段
22221,中洲段
23221,宋厝段
23222,同新段
23223,新武陵段
23224,新土庫段
23225,東埔段
23226,環湖段
24226,暗坑段
24227,竹圍段
25227,新田尾段
25228,武榮段
25229,賴仲段
25230,隆西段
25231,太子宅段
25232,六分段
25233,中盛段
25234,平林段
25235,桃米段
25236,新福段
25237,大窩段
25238,三民段
25239,新四湖段
25240,磱碡坑段二小段
25241,東汴段
25242,新內甕段
25243,樟公段
25244,眉山西段
25245,金社庄段
25246,新後寮段
25247,建農段
25248,梧繞段
25249,青山段
25250,凱旋段
25251,山海段
25253,煙波段
25254,三王段
25255,東振段
25256,長興段
25257,幸福段
25258,富貴段
25259,新雙湖段
25260,古庄段
25261,忠福段
25262,三埤段
25263,黎東段
25264,新園段
25265,楓櫃段
25266,信農段
25267,下福段
25268,深井段
25269,茅埔段
25271,新潭段
25272,南勢林坑段
25273,寶林段
25274,頂福段
25275,枋寮段
25276,山寮段
25277,公老坪段
25278,拔雅林五段
26278,黎新段
26279,五股坑二段
26280,后寶段
26281,石坑段
26282,南溝坪段
26283,萊子坑段三小段
26284,下潭新段
26285,龍泉段
26286,大埔段
26287,紀安段
26288,東興段
26289,安東段
26290,安西段
26291,崙頂段
26292,猴探井段
26293,西勢坑段
26294,木梓段
26295,薑麻段
26296,保安段
26297,高發段
26298,南豐段
26299,埔塩段
26300,井東段
26301,崙布山段
26302,里高萬段
26303,龍興段
26305,新塩舘段
26306,玉高段
26307,新七分段
26308,廣林段
26309,伊新段
26310,德列克段
26311,汫水段
26312,初來段
26313,八通關段
26314,西德段
26315,新金星面段
26316,蓬萊段
26317,謝西段
26318,屯山段
26319,慶林段
26320,新展段
26321,下頭寮段
26322,湳嶺段
26323,華興段
26324,謝安段
26325,湖內段
26326,城南溪南段
26327,學甲東段
26328,三山段
26329,忠寮段
26330,紅柴坑段
26331,盛隆段
26332,金瓜寮段一小段
26333,比亞段
26334,大林段
26335,文津北段
26336,南銅鏡段
26337,九族段
27337,三叉凸段
27338,文津段
27339,西昌段
27340,漁光段
27341,橫山段
27342,頂林頭段
27343,廣興一段
27344,復興段
27345,金竹段
27346,新盛段
27347,城北段
27349,尫祖廟段
27350,上黎明段
27351,坪埔段
27352,伯公段
27353,茅埔西段
27354,茅埔東段
27355,慶東段
27356,慶福段
27357,田中段
27358,牡林段
28358,中林新段
28359,末廣段
28360,拕子段二小段
28361,泰興段
28362,嘉新段
28363,南江段
28364,新中西段
28365,向善段
28366,新加蚋埔段
28367,南圳段
28368,興華段
28369,桃源段
28370,圓潭子段三小段
28371,色霧段
28372,溪美段
28373,一新段
28374,白鵝段
28375,葫蘆埤段
28376,新嘉段
28377,新內灣段
28378,督林段
28379,內埔仔段
28380,嘉和段
28381,虎山段
28382,圳寧段
28383,施厝坪段
28384,峨眉段
28385,秀雅段
28386,新紅葉段
28387,南鐵段
28388,鏡庄段
28389,南坑段
